air_quality,smoke,alcohol,flamable_gas,MQ136_raw,MQ7_raw,t,h,timestamp,dt_s,elapsed_s,is_warmup,air_quality_ppm,smoke_ppm,alcohol_ppm,flamable_gas_ppm,MQ136_ppm,MQ7_ppm
160.0,774.0,25.0,4062.0,4921.0,122.0,27.1,76.5,2023-03-20 16:55:46,0.0,0.0,True,11953.431663185229,578.6848521089055,1.3784998872202793e-05,46376242.94242709,36368750.18771606,0.6665563934250397
122.0,585.0,25.0,2924.0,4217.0,119.0,27.1,77.1,2023-03-20 16:55:53,7.0,7.0,True,4845.27426863944,100.43744574294404,1.3741116266903495e-05,2035671.6194406785,306505.76456775906,0.6373686757409905
106.0,475.0,25.0,2302.0,3673.0,120.0,27.1,77.1,2023-03-20 16:55:59,6.0,13.0,True,3081.0818069338925,41.040669922175866,1.3741116266903495e-05,505287.841788866,83696.93832723587,0.646602280996154
96.0,418.0,25.0,1957.0,3197.0,122.0,27.1,76.9,2023-03-20 16:56:05,6.0,19.0,True,2252.089188929325,25.687275793647466,1.3755734474540614e-05,230536.25005620316,35150.67870276622,0.6656968204912894
85.0,372.0,25.0,1734.0,2738.0,122.0,27.1,76.7,2023-03-20 16:56:12,7.0,26.0,True,1538.821931182572,17.354423562619996,1.3770362008979468e-05,135456.83499643815,16709.825435116174,0.6661265596455744
76.0,341.0,25.0,1596.0,2298.0,120.0,27.2,76.7,2023-03-20 16:56:18,6.0,32.0,True,1085.3010912899997,13.148890499892223,1.3752079048321132e-05,95734.45697880202,8387.515503722243,0.6469154650968798
65.0,315.0,25.0,1488.0,1913.0,116.0,27.2,76.5,2023-03-20 16:56:25,7.0,39.0,True,672.0379273312209,10.335641239825614,1.3766704250873652e-05,72322.88602028551,4527.881373925507,0.6107508358974922
53.0,312.0,25.0,1381.0,1592.0,121.0,27.2,76.5,2023-03-20 16:56:31,6.0,45.0,True,361.6102059298725,10.044616479695108,1.3766704250873652e-05,54068.37222253059,2609.5285754250594,0.6566430807071507
53.0,317.0,25.0,1369.0,1466.0,122.0,27.2,76.5,2023-03-20 16:56:38,7.0,52.0,True,361.6102059298725,10.533443371805156,1.3766704250873652e-05,52288.92861700324,2070.0877490950256,0.6660191159851351
37.0,315.0,25.0,1248.0,1215.0,121.0,27.2,79.3,2023-03-20 16:56:44,6.0,58.0,True,121.28369112509776,10.20872376140817,1.3562799386651322e-05,36299.49083922413,1241.045321907406,0.6507202544429131
29.0,303.0,25.0,1183.0,1072.0,122.0,27.3,80.5,2023-03-20 16:56:51,7.0,65.0,True,58.490934630237184,9.03969912745952,1.345792256892231e-05,29568.93879622495,898.8934101583291,0.6569080530022948
22.0,284.0,25.0,1120.0,965.0,120.0,27.3,79.7,2023-03-20 16:56:57,6.0,71.0,True,26.129286775689547,7.517304793607477,1.3515725232843736e-05,24382.0072831078,697.1848575291269,0.6401414085562503
18.0,286.0,25.0,1055.0,907.0,118.0,27.3,78.5,2023-03-20 16:57:03,6.0,77.0,True,14.653327422793518,7.711058529167146,1.360270808926038e-05,19857.50892287548,603.8658814022958,0.6243510009112667
15.0,272.0,25.0,1016.0,835.0,121.0,27.3,77.6,2023-03-20 16:57:10,7.0,84.0,True,8.669648190067715,6.711246913717627,1.3668165061318536e-05,17493.983766137677,498.6010896945504,0.653785146204512
12.0,267.0,25.0,975.0,794.0,122.0,27.4,77.1,2023-03-20 16:57:16,6.0,90.0,True,4.545832384603488,6.377307739761616,1.3686381021234125e-05,15185.839781997269,443.88444336017744,0.6636568523297521
10.0,269.0,25.0,927.0,758.0,120.0,27.4,76.6,2023-03-20 16:57:23,7.0,97.0,True,2.690689229834449,6.52656696785112,1.3722856620150773e-05,12807.374308309409,399.6306373556773,0.646080422508951
10.0,262.0,25.0,886.0,719.0,119.0,27.4,76.2,2023-03-20 16:57:29,6.0,103.0,True,2.6972496528900165,6.073494370142096,1.3752079048321132e-05,11009.78487679408,354.72790382884153,0.6376773875123676
10.0,257.0,25.0,859.0,697.0,122.0,27.5,76.1,2023-03-20 16:57:36,7.0,110.0,True,2.694788276164205,5.753636722553793,1.3741116266903495e-05,9911.311448973798,330.34432719751413,0.665267175981577
10.0,260.0,25.0,835.0,678.0,121.0,27.5,76.0,2023-03-20 16:57:42,6.0,116.0,True,2.696429031536007,5.944216996966775,1.3748424204995772e-05,9019.825299093642,310.4629546716053,0.6561135126902516
10.0,253.0,25.0,799.0,646.0,122.0,27.5,75.9,2023-03-20 16:57:48,6.0,122.0,True,2.6980704367092816,5.514935640401775,1.3755734474540614e-05,7795.711321126863,278.61097703370154,0.6656968204912894
10.0,250.0,25.0,762.0,632.0,121.0,27.5,75.7,2023-03-20 16:57:55,7.0,129.0,True,2.7013551969366945,5.341991826826339,1.3770362008979468e-05,6676.314692234946,265.5121768641633,0.6567490118050727
10.0,248.0,25.0,745.0,610.0,120.0,27.6,75.6,2023-03-20 16:58:01,6.0,135.0,True,2.698891383008694,5.2224319165088176,1.3759390483685203e-05,6195.525428873974,245.2192875510333,0.6471242832459531
10.0,265.0,25.0,702.0,593.0,119.0,27.6,75.4,2023-03-20 16:58:08,7.0,142.0,True,2.7021767933055743,6.277665592917496,1.3774020350134312e-05,5112.981938070716,230.5180595553608,0.6382949640701603
10.0,255.0,25.0,680.0,581.0,120.0,27.6,75.1,2023-03-20 16:58:14,6.0,148.0,True,2.707109785686241,5.649471615652987,1.3795982642827604e-05,4622.076029056963,220.61173163162644,0.6481687188860417
10.0,255.0,25.0,649.0,559.0,122.0,27.6,75.0,2023-03-20 16:58:21,7.0,155.0,True,2.708755417472274,5.65195531386462,1.3803308072855012e-05,3982.227725442954,202.72732441908784,0.6670938186865095
10.0,248.0,25.0,634.0,540.0,119.0,27.7,74.8,2023-03-20 16:58:27,6.0,161.0,True,2.707932520249861,5.235079574002513,1.3799645066192917e-05,3694.9679481363255,187.8978114266299,0.6390157278424958
10.0,253.0,25.0,613.0,535.0,120.0,27.7,74.6,2023-03-20 16:58:33,6.0,167.0,True,2.711225085241144,5.534370198025649,1.3814300592931712e-05,3324.007715941294,184.26992319455107,0.648691152202754
10.0,250.0,25.0,591.0,525.0,120.0,27.7,74.5,2023-03-20 16:58:40,7.0,174.0,True,2.7128723439872666,5.3584549166037645,1.38216318567011e-05,2963.137987570736,176.9132556250693,0.6489001657438191
10.0,250.0,25.0,567.0,523.0,119.0,27.7,74.4,2023-03-20 16:58:46,6.0,180.0,True,2.71452025372582,5.360808924229168,1.3828965454400674e-05,2602.56471129901,175.5210905258147,0.6398397976867763
10.0,260.0,25.0,540.0,501.0,120.0,27.7,74.3,2023-03-20 16:58:53,7.0,187.0,True,2.7161688145758784,5.975658984108699,1.383630138627807e-05,2235.734295656284,159.9421313222116,0.6493182617519603
10.0,255.0,25.0,523.0,494.0,119.0,27.8,74.1,2023-03-20 16:58:59,6.0,193.0,True,2.715344452754468,5.661895749807709,1.3832633128551669e-05,2023.387041932537,155.11022024036907,0.6399428318967646
10.0,260.0,25.0,511.0,489.0,123.0,27.9,74.1,2023-03-20 16:59:06,7.0,200.0,True,2.711225085241144,5.96779044891321,1.3814300592931712e-05,1880.105098175973,151.5781825957361,0.6768784347224284
10.0,262.0,25.0,492.0,475.0,119.0,27.9,74.0,2023-03-20 16:59:12,6.0,206.0,True,2.7128723439872666,6.098917365197848,1.38216318567011e-05,1673.3696090922242,142.4270441123715,0.6396337462513643
10.0,253.0,25.0,472.0,482.0,120.0,27.9,73.9,2023-03-20 16:59:18,6.0,212.0,True,2.71452025372582,5.539234359363282,1.3828965454400674e-05,1473.666597338702,147.0525067032093,0.6491092022610044
10.0,262.0,25.0,448.0,463.0,120.0,27.9,73.7,2023-03-20 16:59:25,7.0,219.0,True,2.717818026656513,6.106957084324701,1.3843639652580858e-05,1257.5438035243135,134.96430600648955,0.6495273442143374
10.0,260.0,25.0,434.0,453.0,122.0,27.9,73.5,2023-03-20 16:59:31,6.0,225.0,True,2.7211184049857926,5.983532878642296,1.3858323189452888e-05,1142.8680639991549,128.89084101956962,0.668706981022224
10.0,248.0,25.0,424.0,455.0,120.0,28.0,73.5,2023-03-20 16:59:38,7.0,232.0,True,2.716993339204931,5.247743045913119,1.3839970227610812e-05,1063.0909955473348,129.97997648816298,0.6494228001118679
10.0,255.0,25.0,402.0,448.0,120.0,28.0,73.3,2023-03-20 16:59:44,6.0,238.0,True,2.720293066095264,5.669357002251123,1.385465142962422e-05,905.6558563954256,125.83521454378672,0.649841010974182
10.0,262.0,25.0,385.0,438.0,120.0,28.0,73.2,2023-03-20 16:59:51,7.0,245.0,True,2.721943906773265,6.113661032370547,1.3861995533073563e-05,795.4189165133223,119.95150351949964,0.6500501508548411
10.0,255.0,25.0,383.0,441.0,120.0,28.1,73.1,2023-03-20 16:59:57,6.0,251.0,True,2.719467890086796,5.668113107458368,1.385098025355662e-05,782.3492247154265,121.63938964921564,0.649736449645788
10.0,245.0,25.0,371.0,436.0,120.0,28.1,72.9,2023-03-20 17:00:03,6.0,257.0,True,2.7227695714725653,5.084230346725266,1.3865668460517184e-05,711.7795030917674,118.80873921039762,0.6501547294065195
10.0,260.0,25.0,356.0,426.0,121.0,28.1,72.7,2023-03-20 17:00:10,7.0,264.0,True,2.726073859685669,5.991412132752664,1.3880366009139762e-05,629.6839988689956,113.16283306131888,0.6599296547318597
10.0,250.0,25.0,344.0,419.0,120.0,28.2,72.7,2023-03-20 17:00:16,6.0,270.0,True,2.721943906773265,5.371408572329802,1.3861995533073563e-05,567.5038826354852,109.12613006950504,0.6500501508548411
10.0,255.0,25.0,327.0,414.0,120.0,28.2,72.6,2023-03-20 17:00:23,7.0,277.0,True,2.723595399098572,5.6743339923324525,1.3869341971814678e-05,488.2416026436891,106.41864497631924,0.6502593136987064
10.0,255.0,25.0,310.0,409.0,122.0,28.2,72.6,2023-03-20 17:00:29,6.0,283.0,True,2.723595399098572,5.6743339923324525,1.3869341971814678e-05,416.67103122913625,103.70619198358068,0.669029773006059
10.0,253.0,25.0,305.0,409.0,121.0,28.2,72.5,2023-03-20 17:00:36,7.0,290.0,True,2.725247543190242,5.555058139293193,1.3876690746095034e-05,397.31111548491856,103.74905009543708,0.6598235488391326
10.0,250.0,25.0,298.0,407.0,119.0,28.2,72.3,2023-03-20 17:00:42,6.0,296.0,True,2.7285537871488823,5.380839567785035,1.3891395302263252e-05,371.3736735230943,102.75966926534352,0.6415921489743474
10.0,262.0,25.0,286.0,397.0,121.0,28.3,72.3,2023-03-20 17:00:48,6.0,302.0,True,2.724421389666172,6.117685226180593,1.387301606699699e-05,328.4511316055476,97.37887894531588,0.6597174487685822
10.0,255.0,25.0,279.0,395.0,120.0,28.3,72.3,2023-03-20 17:00:55,7.0,309.0,True,2.724421389666172,5.675578592585596,1.387301606699699e-05,305.32430811911667,96.34290392761704,0.6503639037311083
10.0,255.0,25.0,264.0,390.0,121.0,28.3,72.1,2023-03-20 17:01:01,6.0,315.0,True,2.727726981650106,5.680558404560805,1.3887718287192945e-05,259.84966179385793,93.8579727443269,0.6601418839826537
10.0,250.0,25.0,255.0,380.0,120.0,28.3,71.9,2023-03-20 17:01:08,7.0,322.0,True,2.7310351818899994,5.384378395888804,1.3902429852020135e-05,234.9979534482688,88.9194579323095,0.6512008306029005
10.0,262.0,25.0,250.0,380.0,119.0,28.4,71.7,2023-03-20 17:01:14,6.0,328.0,True,2.730207887253948,6.12708033480048,1.3898751084645928e-05,221.69517562596232,88.90110456884318,0.6417984154505043
10.0,241.0,25.0,255.0,385.0,121.0,28.4,71.6,2023-03-20 17:01:21,7.0,335.0,True,2.7318626396015704,4.873755778780414,1.3906109203557484e-05,235.06711359000775,91.42687644441318,0.6606725589769221
10.0,253.0,25.0,240.0,371.0,120.0,28.4,71.4,2023-03-20 17:01:27,6.0,341.0,True,2.7351741015006428,5.569685415803217,1.392083245195658e-05,197.1050819573769,84.62484222377442,0.6517240963785946
10.0,241.0,25.0,240.0,378.0,120.0,28.4,71.3,2023-03-20 17:01:33,6.0,347.0,True,2.7368308112901603,4.880164819117962,1.3928197581938736e-05,197.2210479590329,88.06200129059405,0.6519334428437287
10.0,253.0,25.0,223.0,371.0,122.0,28.5,71.1,2023-03-20 17:01:40,7.0,354.0,True,2.7360023748130047,5.570905253021616,1.3924514724773352e-05,159.1554716183373,84.64230167522855,0.6706445300606906
10.0,243.0,25.0,221.0,373.0,123.0,28.5,71.0,2023-03-20 17:01:46,6.0,360.0,True,2.737659410946991,4.99184894721312,1.3931881023483635e-05,155.12957927441985,85.64178256277955,0.6803708416769352
10.0,250.0,25.0,214.0,371.0,119.0,28.5,70.9,2023-03-20 17:01:53,7.0,367.0,True,2.7393170998591856,5.396183175626115,1.3939249659835645e-05,141.3587179681169,84.71215702809324,0.6429332854067297
10.0,253.0,25.0,199.0,368.0,120.0,28.5,70.9,2023-03-20 17:01:59,6.0,373.0,True,2.7393170998591856,5.575785982736593,1.3939249659835645e-05,114.50008465058562,83.27625600712162,0.6522475055571778
10.0,262.0,25.0,202.0,366.0,122.0,28.5,70.7,2023-03-20 17:02:06,7.0,380.0,True,2.742634436494296,6.147237806404787,1.3953993946453703e-05,119.71161347645982,82.39457205394586,0.6715062768160539
10.0,250.0,25.0,204.0,371.0,124.0,28.5,70.6,2023-03-20 17:02:12,6.0,386.0,True,2.744294084455245,5.40327245808915,1.3961369597214112e-05,123.25084697031264,84.81699269751431,0.6908350140198208
10.0,250.0,25.0,199.0,368.0,120.0,28.6,70.6,2023-03-20 17:02:18,6.0,392.0,True,2.7401461891443057,5.397364388599396,1.3942934854704551e-05,114.53374650872102,83.29342813946305,0.652352204598024
10.0,255.0,25.0,185.0,356.0,122.0,28.6,70.7,2023-03-20 17:02:25,7.0,399.0,True,2.7384881737983737,5.696758385310766,1.3935565049438975e-05,92.70185822489952,77.6541640481871,0.6709676408417699
10.0,248.0,25.0,185.0,364.0,122.0,28.6,70.7,2023-03-20 17:02:31,6.0,405.0,True,2.7384881737983737,5.277737761654031,1.3935565049438975e-05,92.70185822489952,81.36639586393366,0.6709676408417699
10.0,253.0,25.0,185.0,354.0,122.0,28.6,70.6,2023-03-20 17:02:38,7.0,412.0,True,2.7401461891443057,5.577006510380797,1.3942934854704551e-05,92.7563759237474,76.77292277144826,0.6711830775321141
10.0,253.0,25.0,170.0,359.0,120.0,28.6,70.5,2023-03-20 17:02:44,6.0,418.0,True,2.741804857446984,5.579447979934906,1.395030699798268e-05,72.73682057718828,79.10006543870263,0.6525616198825082
10.0,262.0,25.0,163.0,347.0,121.0,28.7,70.4,2023-03-20 17:02:51,7.0,425.0,True,2.7393170998591856,6.141859134362895,1.3939249659835645e-05,64.39563279555779,73.60878385886949,0.6616281405890558
10.0,255.0,25.0,153.0,347.0,119.0,28.7,70.3,2023-03-20 17:02:57,6.0,431.0,True,2.7409754416686134,5.70050022903509,1.3946620634076604e-05,53.725304551991655,73.63914265075945,0.6431396988959117
10.0,262.0,25.0,151.0,347.0,120.0,28.7,70.2,2023-03-20 17:03:03,6.0,437.0,True,2.742634436494296,6.147237806404787,1.3953993946453703e-05,51.76661840792239,73.66950754133833,0.6526663361255616
10.0,250.0,25.0,153.0,344.0,120.0,28.7,70.1,2023-03-20 17:03:10,7.0,444.0,True,2.744294084455245,5.40327245808915,1.3961369597214112e-05,53.78848779113292,72.37147382150498,0.6528757858118306
10.0,255.0,25.0,156.0,347.0,121.0,28.7,70.0,2023-03-20 17:03:16,6.0,450.0,True,2.74595438567048,5.707987726647279,1.3968747586604993e-05,56.90313381615622,73.73025561830491,0.662477942038044
10.0,250.0,25.0,144.0,339.0,122.0,28.8,69.8,2023-03-20 17:03:23,7.0,457.0,True,2.7451241533986384,5.404454472918696,1.3965058299565302e-05,45.225432969655714,70.20182427666796,0.671829529190887
10.0,253.0,25.0,139.0,335.0,121.0,28.8,69.7,2023-03-20 17:03:29,6.0,463.0,True,2.7467847812856445,5.586775702796444,1.3972437458364078e-05,40.90051390941638,68.50919203872482,0.6625841933886932
10.0,253.0,25.0,139.0,339.0,120.0,28.8,69.6,2023-03-20 17:03:36,7.0,470.0,True,2.7484460626054483,5.589219381843932,1.3979818956164e-05,40.92454197001132,70.25969453871488,0.6533995103481548
10.0,248.0,25.0,136.0,330.0,120.0,28.8,69.4,2023-03-20 17:03:42,6.0,476.0,True,2.7517705860194672,5.296239973646175,1.3994588969755548e-05,38.49514181829332,66.47266189668386,0.653818593144907
10.0,245.0,25.0,139.0,337.0,118.0,28.8,69.2,2023-03-20 17:03:48,6.0,482.0,True,2.7550977245926944,5.127820205692827,1.4009368342316284e-05,41.0207445905866,69.509971197465,0.6356189384484625
10.0,248.0,25.0,129.0,332.0,119.0,28.9,69.2,2023-03-20 17:03:55,7.0,489.0,True,2.7509392100319747,5.295082604820196,1.3990895589031495e-05,33.09355300704079,67.30285736476444,0.6443786545339708
10.0,250.0,25.0,134.0,335.0,121.0,28.9,69.0,2023-03-20 17:04:01,6.0,495.0,True,2.754265694726152,5.417465456908435,1.400567262166467e-05,36.93219270061031,68.63626570303614,0.663540717159849
10.0,241.0,25.0,131.0,327.0,121.0,28.9,68.9,2023-03-20 17:04:08,7.0,502.0,True,2.7559299179661845,4.90477314109449,1.4013064648026964e-05,34.64006140719465,65.28479915971278,0.6637533419352765
10.0,245.0,25.0,117.0,325.0,121.0,28.9,68.8,2023-03-20 17:04:14,6.0,508.0,True,2.757594795293502,5.131181239574531,1.4020459014749026e-05,25.11362431842246,64.48115901979978,0.6639659899555398
10.0,241.0,25.0,115.0,310.0,121.0,28.9,68.7,2023-03-20 17:04:21,7.0,515.0,True,2.7592603268270848,4.909059380640802,1.4027855722077785e-05,23.925058087966956,58.4630348382368,0.6641786612182747
10.0,250.0,25.0,124.0,325.0,121.0,28.9,68.6,2023-03-20 17:04:27,6.0,521.0,True,2.7609265126859213,5.426938148579034,1.403525477026016e-05,29.669236483351185,64.53422937037517,0.6643913557211183
10.0,253.0,25.0,112.0,318.0,123.0,28.9,68.6,2023-03-20 17:04:33,6.0,527.0,True,2.7609265126859213,5.607564582815424,1.403525477026016e-05,22.20508999538929,61.67133643327261,0.6834317250438865
10.0,241.0,25.0,124.0,325.0,122.0,28.9,68.6,2023-03-20 17:04:40,7.0,534.0,True,2.7609265126859213,4.911203226174291,1.403525477026016e-05,29.669236483351185,64.53422937037517,0.6738780265970538
10.0,238.0,25.0,117.0,318.0,120.0,28.9,68.5,2023-03-20 17:04:46,6.0,540.0,True,2.762593352988987,4.749788790977672,1.404265615954303e-05,25.157841142701876,61.69670206724323,0.6551812453330651
10.0,238.0,25.0,117.0,313.0,122.0,29.0,68.4,2023-03-20 17:04:53,7.0,547.0,True,2.76009333795841,4.746679545089998,1.4031554953546834e-05,25.13572650513936,59.65800329143468,0.6737701578946235
10.0,241.0,25.0,102.0,305.0,121.0,29.0,68.1,2023-03-20 17:04:59,6.0,553.0,True,2.765094840786775,4.916564956866281,1.4053762633570784e-05,17.049193610958753,56.60221179736866,0.6649231936381981
10.0,238.0,25.0,102.0,301.0,121.0,29.0,67.9,2023-03-20 17:05:05,6.0,559.0,True,2.7684324495157115,4.757047790901167,1.4068579461763356e-05,17.0691828790713,55.1174518933023,0.6653487685169244
10.0,238.0,25.0,100.0,298.0,120.0,29.0,67.8,2023-03-20 17:05:12,7.0,566.0,True,2.770102236290087,4.75912284335809,1.4075991389053004e-05,16.14602892055047,54.00625970182234,0.656125186885593
10.0,238.0,25.0,107.0,305.0,122.0,29.0,67.7,2023-03-20 17:05:18,6.0,572.0,True,2.7717726781630154,4.76119836359601,1.4083405658800578e-05,19.57640499529689,56.69531341452516,0.6752808558269775
10.0,243.0,25.0,100.0,305.0,120.0,29.0,67.8,2023-03-20 17:05:25,7.0,579.0,True,2.770102236290087,5.034565114442853,1.4075991389053004e-05,16.14602892055047,56.67203102175421,0.656125186885593
10.0,241.0,25.0,100.0,303.0,120.0,29.1,68.0,2023-03-20 17:05:31,6.0,585.0,True,2.762593352988987,4.913347555557526,1.404265615954303e-05,16.103514395716488,55.79989059113921,0.6551812453330651
10.0,241.0,25.0,100.0,308.0,119.0,29.1,68.0,2023-03-20 17:05:38,7.0,592.0,True,2.762593352988987,4.913347555557526,1.404265615954303e-05,16.103514395716488,57.7292751657216,0.6458251308129126
10.0,238.0,25.0,100.0,305.0,119.0,29.1,67.9,2023-03-20 17:05:44,6.0,598.0,True,2.764260847855258,4.751862206255442,1.4050059890173268e-05,16.112955865787615,56.590579336649895,0.6460318606150961
10.0,241.0,25.0,100.0,308.0,120.0,29.1,67.7,2023-03-20 17:05:50,6.0,604.0,False,2.767597801753306,4.91978344687714,1.4064874376463143e-05,16.13184943725166,57.8005071601869,0.6558104881761189
10.0,245.0,25.0,100.0,305.0,119.0,29.1,67.6,2023-03-20 17:05:57,7.0,611.0,False,2.769267261023016,5.146881116734925,1.4072285132616369e-05,16.1413015398099,56.66039157247387,0.6466521854717983
10.0,243.0,25.0,100.0,298.0,121.0,29.1,67.5,2023-03-20 17:06:03,6.0,617.0,False,2.7709373753317976,5.035662874823838,1.4079698231104132e-05,16.1507571876958,54.01735275799967,0.6656680106481999
10.0,236.0,25.0,100.0,296.0,120.0,29.1,67.2,2023-03-20 17:06:10,7.0,624.0,False,2.775951649682154,4.659244930200642,1.410195158304187e-05,16.179145409145256,53.33413511984155,0.6568596841962714
10.0,238.0,25.0,100.0,296.0,120.0,29.1,66.9,2023-03-20 17:06:16,6.0,630.0,False,2.780971823666463,4.772622086798034,1.4124226024871226e-05,16.20756555951542,53.399833105531805,0.6574894764751436
10.0,238.0,25.0,100.0,293.0,121.0,29.2,66.8,2023-03-20 17:06:23,7.0,637.0,False,2.7784609990193427,4.769505122495577,1.4113086167303909e-05,16.19335149223228,52.252336785819736,0.6666260505286127
10.0,238.0,25.0,100.0,289.0,121.0,29.2,66.9,2023-03-20 17:06:29,6.0,643.0,False,2.776787935562671,4.767427731064712,1.4105662525257782e-05,16.18387988316271,50.76531104064787,0.6664131121471332
10.0,250.0,25.0,100.0,298.0,120.0,29.2,67.1,2023-03-20 17:06:35,6.0,649.0,False,2.773443775253454,5.444722503059724,1.4090822271252768e-05,16.16494730828843,54.05063858618001,0.6565448652977213
10.0,245.0,25.0,100.0,296.0,121.0,29.2,67.3,2023-03-20 17:06:42,7.0,656.0,False,2.770102236290087,5.148003485253457,1.4075991389053004e-05,16.14602892055047,53.257537270747264,0.6655615907981521
10.0,248.0,25.0,100.0,293.0,122.0,29.2,67.4,2023-03-20 17:06:48,6.0,662.0,False,2.7684324495157115,5.319414808741728,1.4068579461763356e-05,16.13657504540123,52.123762359125024,0.6748491100404505
10.0,250.0,25.0,100.0,298.0,119.0,29.2,67.3,2023-03-20 17:06:55,7.0,669.0,False,2.770102236290087,5.439977067714921,1.4075991389053004e-05,16.14602892055047,54.00625970182234,0.6467555926980526
10.0,245.0,25.0,100.0,298.0,120.0,29.2,67.3,2023-03-20 17:07:01,6.0,675.0,False,2.770102236290087,5.148003485253457,1.4075991389053004e-05,16.14602892055047,54.00625970182234,0.656125186885593
10.0,248.0,25.0,100.0,293.0,120.0,29.3,67.4,2023-03-20 17:07:08,7.0,682.0,False,2.764260847855258,5.313616196457611,1.4050059890173268e-05,16.112955865787615,52.07023522858001,0.6553909700445695
10.0,253.0,25.0,100.0,293.0,118.0,29.2,67.3,2023-03-20 17:07:14,6.0,688.0,False,2.770102236290087,5.62103748026566,1.4075991389053004e-05,16.14602892055047,52.14518071337379,0.6374526439994438
10.0,255.0,25.0,100.0,293.0,120.0,29.3,67.3,2023-03-20 17:07:20,6.0,694.0,False,2.7659289974037087,5.737988523408705,1.4057465962397706e-05,16.122400879438445,52.09164286561374,0.6556007176596965
10.0,243.0,25.0,100.0,293.0,121.0,29.3,67.2,2023-03-20 17:07:27,7.0,701.0,False,2.767597801753306,5.031272575578174,1.4064874376463143e-05,16.13184943725166,52.11305478956736,0.6652423660863347
10.0,257.0,25.0,100.0,291.0,121.0,29.3,67.1,2023-03-20 17:07:33,6.0,707.0,False,2.769267261023016,5.868216393125685,1.4072285132616369e-05,16.1413015398099,51.400184791583655,0.6654551767542954
10.0,255.0,25.0,100.0,293.0,121.0,29.3,67.0,2023-03-20 17:07:40,7.0,714.0,False,2.7709373753317976,5.745501425303092,1.4079698231104132e-05,16.1507571876958,52.15589149805363,0.6656680106481999
10.0,255.0,25.0,100.0,291.0,121.0,29.3,67.0,2023-03-20 17:07:46,6.0,720.0,False,2.7709373753317976,5.745501425303092,1.4079698231104132e-05,16.1507571876958,51.42130359296051,0.6656680106481999
10.0,250.0,25.0,100.0,286.0,120.0,29.3,66.9,2023-03-20 17:07:53,7.0,727.0,False,2.772608144798612,5.443535943706402,1.4087113672173177e-05,16.16021638149195,49.63010016825263,0.6564399371099007
10.0,255.0,25.0,100.0,293.0,121.0,29.3,66.8,2023-03-20 17:07:59,6.0,733.0,False,2.774279569542413,5.7505128496251965,1.4094531456070196e-05,16.16967912178092,52.19874535367756,0.6660937481044084
10.0,250.0,25.0,100.0,296.0,120.0,29.3,66.7,2023-03-20 17:08:06,7.0,740.0,False,2.775951649682154,5.448282983201988,1.410195158304187e-05,16.179145409145256,53.33413511984155,0.6568596841962714
10.0,250.0,25.0,100.0,286.0,120.0,29.3,66.7,2023-03-20 17:08:12,6.0,746.0,False,2.775951649682154,5.448282983201988,1.410195158304187e-05,16.179145409145256,49.67087011962487,0.6568596841962714
10.0,243.0,25.0,100.0,293.0,122.0,29.3,66.7,2023-03-20 17:08:18,6.0,752.0,False,2.775951649682154,5.042252035147518,1.410195158304187e-05,16.179145409145256,52.22017871155332,0.675820670549109
10.0,250.0,25.0,100.0,286.0,119.0,29.3,66.6,2023-03-20 17:08:25,7.0,759.0,False,2.7776243853367792,5.450657305041925,1.4109374053334856e-05,16.18861524416746,49.69126121140457,0.6476865115959378
10.0,250.0,25.0,100.0,286.0,121.0,29.4,66.8,2023-03-20 17:08:31,6.0,765.0,False,2.770102236290087,5.439977067714921,1.4075991389053004e-05,16.14602892055047,49.59953340805625,0.6655615907981521
10.0,248.0,25.0,100.0,284.0,120.0,29.4,66.8,2023-03-20 17:08:38,7.0,772.0,False,2.770102236290087,5.321735169026813,1.4075991389053004e-05,16.14602892055047,48.88497123288168,0.656125186885593
10.0,248.0,25.0,100.0,293.0,121.0,29.4,66.8,2023-03-20 17:08:44,6.0,778.0,False,2.770102236290087,5.321735169026813,1.4075991389053004e-05,16.14602892055047,52.14518071337379,0.6655615907981521
10.0,253.0,25.0,100.0,286.0,120.0,29.4,66.6,2023-03-20 17:08:51,7.0,785.0,False,2.773443775253454,5.625940859379447,1.4090822271252768e-05,16.16494730828843,49.64029112705887,0.6565448652977213
10.0,245.0,25.0,100.0,289.0,121.0,29.4,66.5,2023-03-20 17:08:57,6.0,791.0,False,2.7751155276803563,5.154740352921611,1.4098241226656285e-05,16.17441182204226,50.74447701426553,0.6662001969809916
10.0,250.0,25.0,100.0,289.0,122.0,29.4,66.6,2023-03-20 17:09:03,6.0,797.0,False,2.773443775253454,5.444722503059724,1.4090822271252768e-05,16.16494730828843,50.72364715427182,0.6754967640524266
10.0,250.0,25.0,100.0,286.0,118.0,29.4,66.7,2023-03-20 17:09:10,7.0,804.0,False,2.7717726781630154,5.442349518031813,1.4083405658800578e-05,16.15548634131868,49.61991022881318,0.6376565003103156
10.0,248.0,25.0,100.0,284.0,120.0,29.4,66.7,2023-03-20 17:09:16,6.0,810.0,False,2.7717726781630154,5.32405605239287,1.4083405658800578e-05,16.15548634131868,48.9050544923012,0.6563350146450785
10.0,255.0,25.0,100.0,289.0,117.0,29.4,66.6,2023-03-20 17:09:23,7.0,817.0,False,2.773443775253454,5.749259781810548,1.4090822271252768e-05,16.16494730828843,50.72364715427182,0.6286180059840942
10.0,262.0,25.0,100.0,293.0,122.0,29.4,66.5,2023-03-20 17:09:29,6.0,823.0,False,2.7751155276803563,6.199807414718514,1.4098241226656285e-05,16.17441182204226,52.20946149678151,0.6757126958294788
10.0,253.0,25.0,100.0,291.0,121.0,29.4,66.4,2023-03-20 17:09:36,7.0,830.0,False,2.776787935562671,5.630846448557677,1.4105662525257782e-05,16.18387988316271,51.49525268044527,0.6664131121471332
10.0,245.0,25.0,100.0,289.0,120.0,29.4,66.4,2023-03-20 17:09:42,6.0,836.0,False,2.776787935562671,5.156986987521737,1.4105662525257782e-05,16.18387988316271,50.76531104064787,0.656964635273183
10.0,262.0,25.0,100.0,281.0,121.0,29.4,66.2,2023-03-20 17:09:48,6.0,842.0,False,2.7801347181693186,6.207915585972439,1.4120512153041272e-05,16.202826649833458,47.94166445104167,0.6668390121230752
10.0,248.0,25.0,100.0,293.0,120.0,29.5,66.2,2023-03-20 17:09:55,7.0,849.0,False,2.775951649682154,5.329860549337853,1.410195158304187e-05,16.179145409145256,52.22017871155332,0.6568596841962714
10.0,250.0,25.0,100.0,291.0,121.0,29.5,66.2,2023-03-20 17:10:01,6.0,855.0,False,2.775951649682154,5.448282983201988,1.410195158304187e-05,16.179145409145256,51.48468535535712,0.666306651661998
10.0,257.0,25.0,100.0,291.0,122.0,29.5,66.2,2023-03-20 17:10:08,7.0,862.0,False,2.775951649682154,5.878457779169061,1.410195158304187e-05,16.179145409145256,51.48468535535712,0.675820670549109
10.0,250.0,25.0,100.0,281.0,122.0,29.5,66.2,2023-03-20 17:10:14,6.0,868.0,False,2.775951649682154,5.448282983201988,1.410195158304187e-05,16.179145409145256,47.89250450539419,0.675820670549109
10.0,257.0,25.0,100.0,281.0,120.0,29.5,66.1,2023-03-20 17:10:21,7.0,875.0,False,2.7776243853367792,5.881019568035984,1.4109374053334856e-05,16.18861524416746,47.91216553514014,0.657069592071642
10.0,260.0,25.0,100.0,279.0,120.0,29.5,66.1,2023-03-20 17:10:27,6.0,881.0,False,2.7776243853367792,6.07314498222566,1.4109374053334856e-05,16.18861524416746,47.21041608872376,0.657069592071642
10.0,253.0,25.0,100.0,279.0,118.0,29.5,66.0,2023-03-20 17:10:33,6.0,887.0,False,2.7792977766252345,5.634527090835332,1.4116798867195772e-05,16.19808862743002,47.22979302536811,0.6385741289170078
10.0,255.0,25.0,100.0,276.0,121.0,29.5,65.9,2023-03-20 17:10:40,7.0,894.0,False,2.780971823666463,5.760542473911058,1.4124226024871226e-05,16.20756555951542,46.20625283703166,0.666945501624439
10.0,255.0,25.0,100.0,279.0,119.0,29.5,65.9,2023-03-20 17:10:46,6.0,900.0,False,2.780971823666463,5.760542473911058,1.4124226024871226e-05,16.20756555951542,47.24917383574835,0.6481003999691921
10.0,250.0,25.0,100.0,276.0,120.0,29.5,66.0,2023-03-20 17:10:53,7.0,907.0,False,2.7792977766252345,5.453032161620459,1.4116798867195772e-05,16.19808862743002,46.1872998151708,0.6572795228320397
10.0,255.0,25.0,100.0,284.0,122.0,29.5,66.0,2023-03-20 17:10:59,6.0,913.0,False,2.7792977766252345,5.7580342208635855,1.4116798867195772e-05,16.19808862743002,48.995478891058205,0.6762526282946881
10.0,262.0,25.0,100.0,279.0,120.0,29.5,66.0,2023-03-20 17:11:06,7.0,920.0,False,2.7792977766252345,6.206563843699989,1.4116798867195772e-05,16.19808862743002,47.22979302536811,0.6572795228320397
10.0,253.0,25.0,100.0,267.0,120.0,29.5,65.9,2023-03-20 17:11:12,6.0,926.0,False,2.780971823666463,5.636981543032825,1.4124226024871226e-05,16.20756555951542,43.15320928739186,0.6574894764751436
10.0,245.0,25.0,100.0,279.0,119.0,29.6,65.9,2023-03-20 17:11:18,6.0,932.0,False,2.776787935562671,5.156986987521737,1.4105662525257782e-05,16.18387988316271,47.20072907306528,0.6475830536007994
10.0,245.0,25.0,100.0,279.0,119.0,29.6,65.9,2023-03-20 17:11:25,7.0,939.0,False,2.776787935562671,5.156986987521737,1.4105662525257782e-05,16.18387988316271,47.20072907306528,0.6475830536007994
10.0,,92.0,140.8,79.0,119.0,30.3,65.8,2023-03-20 17:11:31,6.0,945.0,False,2.749276948339839,5.263671338580239,0.0004322031351289,42.47102353722832,3.692404775379088,0.6441721054268812
10.0,250.0,25.0,100.0,276.0,120.0,29.6,65.8,2023-03-20 17:11:38,7.0,952.0,False,2.7784609990193427,5.451844666488372,1.4113086167303909e-05,16.19335149223228,46.17782472482479,0.6571745545913573
10.0,245.0,25.0,100.0,272.0,120.0,29.6,65.8,2023-03-20 17:11:44,6.0,958.0,False,2.7784609990193427,5.1592341281563305,1.4113086167303909e-05,16.19335149223228,44.80777149409839,0.6571745545913573
10.0,250.0,25.0,100.0,279.0,120.0,29.6,65.6,2023-03-20 17:11:51,7.0,965.0,False,2.781809093131534,5.45659544914036,1.412794048271646e-05,16.212305356548693,47.25886569357669,0.6575944618769852
10.0,255.0,25.0,100.0,279.0,120.0,29.6,65.5,2023-03-20 17:11:57,6.0,971.0,False,2.783484124024926,5.764305912230861,1.4135371156576032e-05,16.221787612960377,47.278252314484384,0.6578044498397977
10.0,253.0,25.0,100.0,284.0,120.0,29.6,65.4,2023-03-20 17:12:03,6.0,977.0,False,2.785159810968425,5.64312009096261,1.4142804174866535e-05,16.23127341965093,49.06586523895502,0.6580144606795166
10.0,257.0,25.0,100.0,267.0,120.0,29.6,65.4,2023-03-20 17:12:10,7.0,984.0,False,2.785159810968425,5.892554757932844,1.4142804174866535e-05,16.23127341965093,43.19747655342005,0.6580144606795166
10.0,245.0,25.0,100.0,281.0,120.0,29.6,65.4,2023-03-20 17:12:16,6.0,990.0,False,2.785159810968425,5.168227751188443,1.4142804174866535e-05,16.23127341965093,48.0006888189502,0.6580144606795166
10.0,255.0,25.0,100.0,276.0,120.0,29.6,65.4,2023-03-20 17:12:23,7.0,997.0,False,2.785159810968425,5.766815576955252,1.4142804174866535e-05,16.23127341965093,46.25365196493617,0.6580144606795166
10.0,245.0,25.0,100.0,276.0,120.0,29.6,65.6,2023-03-20 17:12:29,6.0,1003.0,False,2.781809093131534,5.163729927558733,1.412794048271646e-05,16.212305356548693,46.21573076853652,0.6575944618769852
10.0,250.0,25.0,100.0,279.0,123.0,29.6,65.8,2023-03-20 17:12:36,7.0,1010.0,False,2.7784609990193427,5.451844666488372,1.4113086167303909e-05,16.19335149223228,47.2201040728264,0.6857304625486438
10.0,262.0,25.0,100.0,272.0,120.0,29.6,65.8,2023-03-20 17:12:42,6.0,1016.0,False,2.7784609990193427,6.20521225358775,1.4113086167303909e-05,16.19335149223228,44.80777149409839,0.6571745545913573
10.0,255.0,25.0,100.0,286.0,121.0,29.7,65.8,2023-03-20 17:12:48,6.0,1022.0,False,2.774279569542413,5.7505128496251965,1.4094531456070196e-05,16.16967912178092,49.65048310522658,0.6660937481044084
10.0,255.0,25.0,100.0,276.0,122.0,29.7,65.7,2023-03-20 17:12:55,7.0,1029.0,False,2.775951649682154,5.753019408728973,1.410195158304187e-05,16.179145409145256,46.14940513618419,0.675820670549109
10.0,255.0,25.0,100.0,274.0,120.0,29.7,65.7,2023-03-20 17:13:01,6.0,1035.0,False,2.775951649682154,5.753019408728973,1.410195158304187e-05,16.179145409145256,45.46199915299347,0.6568596841962714
10.0,253.0,25.0,100.0,269.0,121.0,29.7,65.7,2023-03-20 17:13:08,7.0,1042.0,False,2.775951649682154,5.629619844066019,1.410195158304187e-05,16.179145409145256,43.76796737872176,0.666306651661998
10.0,253.0,25.0,100.0,272.0,121.0,29.7,65.6,2023-03-20 17:13:14,6.0,1048.0,False,2.7776243853367792,5.632073191182441,1.4109374053334856e-05,16.18861524416746,44.79857843985947,0.6665195784361032
10.0,253.0,25.0,100.0,269.0,121.0,29.7,65.6,2023-03-20 17:13:21,7.0,1055.0,False,2.7776243853367792,5.632073191182441,1.4109374053334856e-05,16.18861524416746,43.78593518636598,0.6665195784361032
10.0,262.0,25.0,100.0,272.0,120.0,29.7,65.6,2023-03-20 17:13:27,6.0,1061.0,False,2.7776243853367792,6.203860815634607,1.4109374053334856e-05,16.18861524416746,44.79857843985947,0.657069592071642
10.0,262.0,25.0,100.0,269.0,121.0,29.7,65.6,2023-03-20 17:13:33,6.0,1067.0,False,2.7776243853367792,6.203860815634607,1.4109374053334856e-05,16.18861524416746,43.78593518636598,0.6665195784361032
10.0,257.0,25.0,100.0,281.0,120.0,29.7,65.6,2023-03-20 17:13:40,7.0,1074.0,False,2.7776243853367792,5.881019568035984,1.4109374053334856e-05,16.18861524416746,47.91216553514014,0.657069592071642
10.0,265.0,25.0,100.0,274.0,120.0,29.7,65.6,2023-03-20 17:13:46,6.0,1080.0,False,2.7776243853367792,6.403955651242618,1.4109374053334856e-05,16.18861524416746,45.4806624015934,0.657069592071642
10.0,265.0,25.0,100.0,269.0,120.0,29.7,65.5,2023-03-20 17:13:53,7.0,1087.0,False,2.7792977766252345,6.40674586081843,1.4116798867195772e-05,16.19808862743002,43.80390658679645,0.6572795228320397
10.0,265.0,25.0,100.0,281.0,120.0,29.7,65.5,2023-03-20 17:13:59,6.0,1093.0,False,2.7792977766252345,6.40674586081843,1.4116798867195772e-05,16.19808862743002,47.931830496243705,0.6572795228320397
10.0,255.0,25.0,100.0,276.0,119.0,29.7,65.4,2023-03-20 17:14:06,7.0,1100.0,False,2.780971823666463,5.760542473911058,1.4124226024871226e-05,16.20756555951542,46.20625283703166,0.6481003999691921
10.0,255.0,25.0,100.0,276.0,119.0,29.7,65.4,2023-03-20 17:14:12,6.0,1106.0,False,2.780971823666463,5.760542473911058,1.4124226024871226e-05,16.20756555951542,46.20625283703166,0.6481003999691921
10.0,255.0,25.0,100.0,276.0,122.0,29.7,65.5,2023-03-20 17:14:18,6.0,1112.0,False,2.7792977766252345,5.7580342208635855,1.4116798867195772e-05,16.19808862743002,46.1872998151708,0.6762526282946881
10.0,265.0,25.0,100.0,267.0,120.0,29.7,65.4,2023-03-20 17:14:25,7.0,1119.0,False,2.780971823666463,6.409536698665753,1.4124226024871226e-05,16.20756555951542,43.15320928739186,0.6574894764751436
10.0,255.0,25.0,100.0,269.0,119.0,29.7,65.4,2023-03-20 17:14:31,6.0,1125.0,False,2.780971823666463,5.760542473911058,1.4124226024871226e-05,16.20756555951542,43.82188157997537,0.6481003999691921
10.0,255.0,25.0,100.0,267.0,119.0,29.7,65.4,2023-03-20 17:14:38,7.0,1132.0,False,2.780971823666463,5.760542473911058,1.4124226024871226e-05,16.20756555951542,43.15320928739186,0.6481003999691921
10.0,262.0,25.0,100.0,272.0,120.0,29.8,65.4,2023-03-20 17:14:44,6.0,1138.0,False,2.776787935562671,6.202509529839432,1.4105662525257782e-05,16.18387988316271,44.78938630458983,0.656964635273183
9.0,,,,,,30.3,61.2,2023-03-20 17:14:51,7.0,1145.0,False,2.0785073812759505,6.43705323615945,1.4288216977600418e-05,16.416957096129213,45.24088155170515,0.6573782647124231
10.0,267.0,25.0,100.0,272.0,119.0,29.8,65.4,2023-03-20 17:14:57,6.0,1151.0,False,2.776787935562671,6.538651654777417,1.4105662525257782e-05,16.18387988316271,44.78938630458983,0.6475830536007994
10.0,253.0,25.0,100.0,264.0,120.0,29.8,65.3,2023-03-20 17:15:03,6.0,1157.0,False,2.7784609990193427,5.633300071941316,1.4113086167303909e-05,16.19335149223228,42.134699316397146,0.6571745545913573
10.0,265.0,25.0,100.0,276.0,120.0,29.8,65.2,2023-03-20 17:15:10,7.0,1164.0,False,2.7801347181693186,6.408141201207575,1.4120512153041272e-05,16.202826649833458,46.19677585257475,0.6573844967933985
10.0,253.0,25.0,100.0,281.0,119.0,29.8,65.2,2023-03-20 17:15:16,6.0,1170.0,False,2.7801347181693186,5.63575424786549,1.4120512153041272e-05,16.202826649833458,47.94166445104167,0.6479969194175454
10.0,255.0,25.0,100.0,276.0,121.0,29.8,65.2,2023-03-20 17:15:23,7.0,1177.0,False,2.7801347181693186,5.759288276804775,1.4120512153041272e-05,16.202826649833458,46.19677585257475,0.6668390121230752
10.0,265.0,25.0,100.0,267.0,119.0,29.8,65.2,2023-03-20 17:15:29,6.0,1183.0,False,2.7801347181693186,6.408141201207575,1.4120512153041272e-05,16.202826649833458,43.144358487585066,0.6479969194175454
10.0,265.0,25.0,100.0,281.0,120.0,29.8,65.2,2023-03-20 17:15:36,7.0,1190.0,False,2.7801347181693186,6.408141201207575,1.4120512153041272e-05,16.202826649833458,47.94166445104167,0.6573844967933985
10.0,262.0,25.0,100.0,279.0,120.0,29.8,65.2,2023-03-20 17:15:42,6.0,1196.0,False,2.7801347181693186,6.207915585972439,1.4120512153041272e-05,16.202826649833458,47.23948294634379,0.6573844967933985
10.0,267.0,25.0,100.0,279.0,121.0,29.8,65.2,2023-03-20 17:15:48,6.0,1202.0,False,2.7801347181693186,6.544350689613216,1.4120512153041272e-05,16.202826649833458,47.23948294634379,0.6668390121230752
10.0,262.0,25.0,100.0,281.0,122.0,29.8,65.2,2023-03-20 17:15:55,7.0,1209.0,False,2.7801347181693186,6.207915585972439,1.4120512153041272e-05,16.202826649833458,47.94166445104167,0.6763606324463547
10.0,269.0,25.0,100.0,281.0,121.0,29.8,65.3,2023-03-20 17:16:01,6.0,1215.0,False,2.7784609990193427,6.679865862765025,1.4113086167303909e-05,16.19335149223228,47.92199752427481,0.6666260505286127
10.0,262.0,25.0,100.0,272.0,123.0,29.8,65.5,2023-03-20 17:16:08,7.0,1222.0,False,2.7751155276803563,6.199807414718514,1.4098241226656285e-05,16.17441182204226,44.77100479097766,0.6852924047350363
10.0,265.0,25.0,100.0,279.0,121.0,29.8,65.4,2023-03-20 17:16:14,6.0,1228.0,False,2.776787935562671,6.402560782053637,1.4105662525257782e-05,16.18387988316271,47.20072907306528,0.6664131121471332
10.0,272.0,25.0,100.0,279.0,122.0,29.8,65.2,2023-03-20 17:16:21,7.0,1235.0,False,2.7801347181693186,6.894635815662756,1.4120512153041272e-05,16.202826649833458,47.23948294634379,0.6763606324463547
10.0,267.0,25.0,100.0,267.0,121.0,29.8,65.2,2023-03-20 17:16:27,6.0,1241.0,False,2.7801347181693186,6.544350689613216,1.4120512153041272e-05,16.202826649833458,43.144358487585066,0.6668390121230752
10.0,269.0,25.0,100.0,279.0,120.0,29.8,65.2,2023-03-20 17:16:33,6.0,1247.0,False,2.7801347181693186,6.682775980416807,1.4120512153041272e-05,16.202826649833458,47.23948294634379,0.6573844967933985
10.0,255.0,25.0,100.0,262.0,121.0,29.8,65.2,2023-03-20 17:16:40,7.0,1254.0,False,2.7801347181693186,5.759288276804775,1.4120512153041272e-05,16.202826649833458,41.497353273658526,0.6668390121230752
10.0,272.0,25.0,100.0,262.0,119.0,29.8,65.2,2023-03-20 17:16:46,6.0,1260.0,False,2.7801347181693186,6.894635815662756,1.4120512153041272e-05,16.202826649833458,41.497353273658526,0.6479969194175454
10.0,269.0,25.0,100.0,267.0,123.0,29.8,65.2,2023-03-20 17:16:53,7.0,1267.0,False,2.7801347181693186,6.682775980416807,1.4120512153041272e-05,16.202826649833458,43.144358487585066,0.685949527274002
10.0,260.0,25.0,100.0,269.0,120.0,29.8,65.2,2023-03-20 17:16:59,6.0,1273.0,False,2.7801347181693186,6.077114318234819,1.4120512153041272e-05,16.202826649833458,43.81289363429472,0.6573844967933985
10.0,269.0,25.0,100.0,276.0,122.0,29.9,65.4,2023-03-20 17:17:06,7.0,1280.0,False,2.772608144798612,6.669685610562386,1.4087113672173177e-05,16.16021638149195,46.11152561044348,0.6753888069956024
10.0,274.0,25.0,100.0,269.0,119.0,29.9,65.5,2023-03-20 17:17:12,6.0,1286.0,False,2.7709373753317976,7.021886269256881,1.4079698231104132e-05,16.1507571876958,43.7140855128847,0.6468590055664396
10.0,265.0,25.0,100.0,276.0,121.0,29.9,65.6,2023-03-20 17:17:18,6.0,1292.0,False,2.769267261023016,6.390014027112291,1.4072285132616369e-05,16.1413015398099,46.073661238267725,0.6654551767542954
9.0,,925.0,,,,30.3,61.2,2023-03-20 17:17:25,7.0,1299.0,False,2.0785073812759505,6.302259722940538,39.37708026076351,16.416957096129213,47.14875714059153,0.6621142412592479
10.0,260.0,25.0,100.0,279.0,119.0,29.9,65.5,2023-03-20 17:17:31,6.0,1305.0,False,2.7709373753317976,6.06256664000838,1.4079698231104132e-05,16.1507571876958,47.132947080320655,0.6468590055664396
10.0,269.0,25.0,100.0,279.0,120.0,29.9,66.0,2023-03-20 17:17:38,7.0,1312.0,False,2.762593352988987,6.652252421440847,1.404265615954303e-05,16.103514395716488,47.0361979837682,0.6551812453330651
10.0,274.0,25.0,100.0,279.0,123.0,29.9,66.8,2023-03-20 17:17:44,6.0,1318.0,False,2.749276948339839,6.982142792519443,1.39835105822666e-05,16.028110134086678,46.88160088689261,0.6819006973024562
10.0,284.0,25.0,100.0,281.0,121.0,29.9,68.2,2023-03-20 17:17:51,7.0,1325.0,False,2.726073859685669,7.684845386370621,1.3880366009139762e-05,15.896697400136604,47.30450189984787,0.6599296547318597
10.0,284.0,25.0,100.0,279.0,122.0,29.9,69.1,2023-03-20 17:17:57,6.0,1331.0,False,2.711225085241144,7.654547188875646,1.3814300592931712e-05,15.812583258704413,46.43851555531218,0.6674163447820073
10.0,284.0,25.0,100.0,281.0,119.0,29.9,70.0,2023-03-20 17:18:03,6.0,1337.0,False,2.696429031536007,7.624310855701189,1.3748424204995772e-05,15.728754635756063,46.95339916718186,0.637574477920674
10.0,277.0,25.0,100.0,289.0,121.0,29.9,69.4,2023-03-20 17:18:10,7.0,1344.0,False,2.706287213766531,7.119273419531339,1.3792320802728125e-05,15.784608681121172,49.88353967670994,0.6573847208293112
10.0,279.0,25.0,100.0,276.0,123.0,29.9,68.6,2023-03-20 17:18:16,6.0,1350.0,False,2.719467890086796,7.291934924008125,1.385098025355662e-05,15.85927806085116,45.5075143008144,0.677969153001316
10.0,281.0,25.0,100.0,279.0,119.0,29.9,68.2,2023-03-20 17:18:23,7.0,1357.0,False,2.726073859685669,7.454974393760322,1.3880366009139762e-05,15.896697400136604,46.61165264850534,0.6412827916846645
10.0,279.0,25.0,100.0,284.0,123.0,29.9,67.8,2023-03-20 17:18:29,6.0,1363.0,False,2.7326902604035403,7.3175607112665935,1.390978913928889e-05,15.93417322215209,48.434160443372015,0.6797155482841504
10.0,274.0,25.0,100.0,276.0,122.0,29.9,67.4,2023-03-20 17:18:36,7.0,1370.0,False,2.7393170998591856,6.963838975831598,1.3939249659835645e-05,15.971705564226244,45.73356385182242,0.6710753562368466
10.0,269.0,25.0,100.0,276.0,121.0,29.9,67.1,2023-03-20 17:18:42,6.0,1376.0,False,2.744294084455245,6.620352825139533,1.3961369597214112e-05,15.999891934521925,45.79016149907423,0.6622654567813189
10.0,269.0,25.0,100.0,284.0,121.0,29.9,66.9,2023-03-20 17:18:48,6.0,1382.0,False,2.747615340259009,6.626146856412694,1.3976127914873456e-05,16.01870053000797,48.6142405868879,0.6626904505538052
10.0,279.0,25.0,100.0,281.0,121.0,29.9,66.8,2023-03-20 17:18:55,7.0,1389.0,False,2.749276948339839,7.349658296836793,1.39835105822666e-05,16.028110134086678,47.578462727882574,0.6629029823262335
10.0,272.0,25.0,100.0,281.0,122.0,29.9,67.0,2023-03-20 17:19:01,6.0,1395.0,False,2.74595438567048,6.833222218447353,1.3968747586604993e-05,16.00929446368071,47.539278279328464,0.6719372917790724
10.0,281.0,25.0,100.0,276.0,121.0,29.9,67.1,2023-03-20 17:19:08,7.0,1402.0,False,2.744294084455245,7.4909793516626815,1.3961369597214112e-05,15.999891934521925,45.79016149907423,0.6622654567813189
10.0,277.0,25.0,100.0,272.0,122.0,29.9,67.2,2023-03-20 17:19:14,6.0,1408.0,False,2.742634436494296,7.188302248881304,1.3953993946453703e-05,15.990492941948602,44.41330005081938,0.6715062768160539
10.0,279.0,25.0,100.0,286.0,123.0,29.9,67.2,2023-03-20 17:19:21,7.0,1415.0,False,2.742634436494296,7.336810548473529,1.3953993946453703e-05,15.990492941948602,49.26390459126981,0.681026350509883
10.0,277.0,25.0,100.0,276.0,119.0,29.9,67.3,2023-03-20 17:19:27,6.0,1421.0,False,2.7409754416686134,7.185157105065377,1.39466206340766e-05,15.981097485377736,45.7524259451023,0.6431396988959116
10.0,281.0,25.0,100.0,276.0,120.0,29.9,67.4,2023-03-20 17:19:33,6.0,1427.0,False,2.7393170998591856,7.481150924730554,1.3939249659835645e-05,15.971705564226244,45.73356385182242,0.6522475055571778
10.0,274.0,25.0,100.0,284.0,120.0,29.9,67.5,2023-03-20 17:19:40,7.0,1434.0,False,2.737659410946991,6.960790754259231,1.3931881023483635e-05,15.962317177911064,48.49415098172111,0.6520381246797377
10.0,272.0,25.0,100.0,279.0,121.0,29.9,67.5,2023-03-20 17:19:46,6.0,1440.0,False,2.737659410946991,6.818286375875285,1.3931881023483635e-05,15.962317177911064,46.74653183613717,0.6614157483921748
10.0,277.0,25.0,100.0,281.0,119.0,30.0,67.5,2023-03-20 17:19:53,7.0,1447.0,False,2.7335180443107903,7.1710127622506175,1.3913469659245263e-05,15.938861673205198,47.392476682640805,0.6422110162717108
10.0,274.0,25.0,100.0,281.0,122.0,30.0,67.6,2023-03-20 17:19:59,6.0,1453.0,False,2.7318626396015704,6.950127411194578,1.3906109203557484e-05,15.929485654224903,47.37291984897553,0.6701061301241166
10.0,277.0,25.0,100.0,272.0,120.0,30.0,67.6,2023-03-20 17:20:06,7.0,1460.0,False,2.7318626396015704,7.16787153141943,1.3906109203557484e-05,15.929485654224903,44.294375803635845,0.6513054722840529
10.0,281.0,25.0,100.0,272.0,120.0,29.9,67.7,2023-03-20 17:20:12,6.0,1466.0,False,2.734345991338199,7.471329167682129,1.3917150763457524e-05,15.943551007457142,44.32180607252693,0.6516194317500547
10.0,279.0,25.0,100.0,281.0,120.0,30.0,67.8,2023-03-20 17:20:18,6.0,1472.0,False,2.72855378714888,7.309547660928263,1.3891395302263248e-05,15.910744212317375,47.33381797918281,0.6508869399860858
10.0,279.0,25.0,100.0,267.0,120.0,29.9,67.7,2023-03-20 17:20:25,7.0,1479.0,False,2.734345991338199,7.320767202103541,1.3917150763457524e-05,15.943551007457142,42.6589267221628,0.6516194317500547
10.0,265.0,25.0,100.0,272.0,122.0,30.0,67.5,2023-03-20 17:20:31,6.0,1485.0,False,2.7335180443107903,6.330243991840423,1.3913469659245263e-05,15.938861673205198,44.312661730335314,0.6703214723921566
10.0,255.0,25.0,100.0,279.0,122.0,30.0,67.1,2023-03-20 17:20:38,7.0,1492.0,False,2.7401461891443057,5.699252806678916,1.3942934854704551e-05,15.976401082911003,46.77545922125992,0.6711830775321141
10.0,260.0,25.0,100.0,276.0,122.0,30.0,66.6,2023-03-20 17:20:44,6.0,1498.0,False,2.7484460626054483,6.026935107403566,1.3979818956164e-05,16.023404889791955,45.83735225502402,0.6722606149291449
10.0,255.0,25.0,100.0,279.0,122.0,30.0,66.6,2023-03-20 17:20:51,7.0,1505.0,False,2.7484460626054483,5.71173338059152,1.3979818956164e-05,16.023404889791955,46.87194680137135,0.6722606149291449
10.0,260.0,25.0,100.0,264.0,120.0,30.0,66.6,2023-03-20 17:20:57,6.0,1511.0,False,2.7484460626054483,6.026935107403566,1.3979818956164e-05,16.023404889791955,41.82403710512902,0.6533995103481548
10.0,265.0,25.0,100.0,262.0,122.0,30.0,66.6,2023-03-20 17:21:03,6.0,1517.0,False,2.7484460626054483,6.355228675371588,1.3979818956164e-05,16.023404889791955,41.17449247380424,0.6722606149291449
10.0,269.0,25.0,100.0,262.0,120.0,30.0,66.6,2023-03-20 17:21:10,7.0,1524.0,False,2.7484460626054483,6.627595773611552,1.3979818956164e-05,16.023404889791955,41.17449247380424,0.6533995103481548
10.0,267.0,25.0,100.0,276.0,120.0,30.0,67.0,2023-03-20 17:21:16,6.0,1530.0,False,2.741804857446984,6.478966723749084,1.395030699798268e-05,15.9857947716993,45.761858412676254,0.6525616198825082
10.0,267.0,25.0,100.0,281.0,120.0,30.0,67.2,2023-03-20 17:21:23,7.0,1537.0,False,2.7384881737983737,6.4732971984781456,1.3935565049438975e-05,15.96701092925056,47.45117077821294,0.6521428122509848
10.0,269.0,25.0,100.0,262.0,121.0,30.0,66.6,2023-03-20 17:21:29,6.0,1543.0,False,2.7484460626054483,6.627595773611552,1.3979818956164e-05,16.023404889791955,41.17449247380424,0.6627967135330838
10.0,255.0,25.0,100.0,262.0,121.0,30.0,66.6,2023-03-20 17:21:36,7.0,1550.0,False,2.7484460626054483,5.71173338059152,1.3979818956164e-05,16.023404889791955,41.17449247380424,0.6627967135330838
10.0,265.0,25.0,100.0,260.0,120.0,30.0,66.6,2023-03-20 17:21:42,6.0,1556.0,False,2.7484460626054483,6.355228675371588,1.3979818956164e-05,16.023404889791955,40.530443764386,0.6533995103481548
10.0,255.0,25.0,100.0,262.0,119.0,30.0,66.6,2023-03-20 17:21:48,6.0,1562.0,False,2.7484460626054483,5.71173338059152,1.3979818956164e-05,16.023404889791955,41.17449247380424,0.6440688393471539
10.0,255.0,25.0,100.0,260.0,120.0,30.0,66.4,2023-03-20 17:21:55,7.0,1569.0,False,2.7517705860194672,5.716729561612636,1.3994588969755548e-05,16.04223117476389,40.56384056435478,0.653818593144907
10.0,257.0,25.0,100.0,267.0,120.0,30.0,66.0,2023-03-20 17:22:01,6.0,1575.0,False,2.758427479277071,5.85159382785284,1.4024157075822128e-05,16.079926219875805,42.91454815770229,0.6546570337729294
10.0,257.0,25.0,100.0,260.0,121.0,30.0,65.8,2023-03-20 17:22:08,7.0,1582.0,False,2.761759851024487,5.856705867335729,1.40389551722486e-05,16.098794989341208,40.66411136851515,0.6644977116868421
10.0,245.0,25.0,100.0,255.0,120.0,30.0,65.7,2023-03-20 17:22:14,6.0,1588.0,False,2.763427018594286,5.139028079059252,1.4046357732174306e-05,16.108234687840998,39.08879875594414,0.655286104825719
10.0,243.0,25.0,100.0,264.0,120.0,30.0,65.4,2023-03-20 17:22:21,7.0,1595.0,False,2.7684324495157115,5.0323699648209335,1.4068579461763356e-05,16.13657504540123,42.03102079899865,0.6559153820215888
10.0,243.0,25.0,100.0,264.0,120.0,30.0,65.4,2023-03-20 17:22:27,6.0,1601.0,False,2.7684324495157115,5.0323699648209335,1.4068579461763356e-05,16.13657504540123,42.03102079899865,0.6559153820215888
10.0,243.0,25.0,100.0,257.0,120.0,30.0,65.5,2023-03-20 17:22:33,6.0,1607.0,False,2.766763317720928,5.030175310046329,1.406116987668487e-05,16.127124715288332,39.75416373857186,0.655705600055391
10.0,241.0,25.0,100.0,262.0,121.0,30.0,65.3,2023-03-20 17:22:40,7.0,1614.0,False,2.770102236290087,4.923003025614192,1.4075991389053004e-05,16.14602892055047,41.39526450874694,0.6655615907981521
10.0,248.0,25.0,100.0,255.0,120.0,30.0,65.2,2023-03-20 17:22:46,6.0,1620.0,False,2.7717726781630154,5.32405605239287,1.4083405658800578e-05,16.15548634131868,39.16919230931732,0.6563350146450785
10.0,241.0,25.0,100.0,255.0,122.0,30.0,65.2,2023-03-20 17:22:53,7.0,1627.0,False,2.7717726781630154,4.9251500162986765,1.4083405658800578e-05,16.15548634131868,39.16919230931732,0.6752808558269775
10.0,241.0,25.0,100.0,267.0,122.0,30.0,65.3,2023-03-20 17:22:59,6.0,1633.0,False,2.770102236290087,4.923003025614192,1.4075991389053004e-05,16.14602892055047,43.03821788045156,0.6750649711555214
10.0,245.0,25.0,100.0,264.0,121.0,30.0,65.3,2023-03-20 17:23:06,7.0,1640.0,False,2.770102236290087,5.148003485253457,1.4075991389053004e-05,16.14602892055047,42.04829191014195,0.6655615907981521
9.0,,92.0,140.8,260.0,123.0,30.3,65.3,2023-03-20 17:23:12,6.0,1646.0,False,2.033977376949476,5.363029498589039,0.0004333451393676,42.59583127876225,40.622317210039775,0.6829941689913572
10.0,253.0,25.0,100.0,257.0,120.0,30.0,65.2,2023-03-20 17:23:18,6.0,1652.0,False,2.7717726781630154,5.62348889356857,1.4083405658800578e-05,16.15548634131868,39.80319044019677,0.6563350146450785
10.0,245.0,25.0,100.0,255.0,121.0,30.0,65.1,2023-03-20 17:23:25,7.0,1659.0,False,2.773443775253454,5.152494224348497,1.4090822271252768e-05,16.16494730828843,39.18528067624785,0.6659873050325432
10.0,243.0,25.0,100.0,255.0,120.0,30.0,65.2,2023-03-20 17:23:31,6.0,1665.0,False,2.7717726781630154,5.036760758919383,1.4083405658800578e-05,16.15548634131868,39.16919230931732,0.6563350146450785
10.0,245.0,25.0,100.0,260.0,121.0,30.0,65.1,2023-03-20 17:23:38,7.0,1672.0,False,2.773443775253454,5.152494224348497,1.4090822271252768e-05,16.16494730828843,40.78124639839477,0.6659873050325432
10.0,250.0,25.0,100.0,255.0,120.0,30.0,65.0,2023-03-20 17:23:44,6.0,1678.0,False,2.7751155276803563,5.447096022806533,1.4098241226656285e-05,16.17441182204226,39.20137226185126,0.656754738841197
10.0,238.0,25.0,100.0,255.0,120.0,30.0,65.0,2023-03-20 17:23:51,7.0,1685.0,False,2.7751155276803563,4.765350807442426,1.4098241226656285e-05,16.17441182204226,39.20137226185126,0.656754738841197
10.0,243.0,25.0,100.0,250.0,119.0,30.0,64.9,2023-03-20 17:23:57,6.0,1691.0,False,2.776787935562671,5.043350661549603,1.4105662525257782e-05,16.18387988316271,37.65453505855561,0.6475830536007994
10.0,253.0,25.0,100.0,255.0,122.0,30.0,64.8,2023-03-20 17:24:03,6.0,1697.0,False,2.7784609990193427,5.633300071941316,1.4113086167303909e-05,16.19335149223228,39.23356508894116,0.6761446300288316
10.0,243.0,25.0,100.0,245.0,120.0,30.0,64.6,2023-03-20 17:24:10,7.0,1704.0,False,2.781809093131534,5.049945018133913,1.412794048271646e-05,16.212305356548693,36.17026961099257,0.6575944618769852
10.0,243.0,25.0,100.0,250.0,120.0,30.0,64.5,2023-03-20 17:24:16,6.0,1710.0,False,2.783484124024926,5.052144126796946,1.4135371156576032e-05,16.221787612960377,37.71637947641088,0.6578044498397977
10.0,245.0,25.0,100.0,247.0,121.0,30.0,64.4,2023-03-20 17:24:23,7.0,1717.0,False,2.785159810968425,5.168227751188443,1.4142804174866535e-05,16.23127341965093,36.80861043038546,0.667478036160821
10.0,243.0,25.0,100.0,257.0,120.0,30.0,64.5,2023-03-20 17:24:29,6.0,1723.0,False,2.783484124024926,5.052144126796946,1.4135371156576032e-05,16.221787612960377,39.91770055389725,0.6578044498397977
9.0,,92.0,140.8,257.0,122.0,30.3,61.2,2023-03-20 17:24:36,7.0,1730.0,False,2.0785073812759505,5.154522208356792,0.0004416210176114,43.50138384415975,40.253973447906574,0.6812269062538993
10.0,245.0,25.0,100.0,250.0,120.0,30.0,64.7,2023-03-20 17:24:42,6.0,1736.0,False,2.7801347181693186,5.161481774832844,1.4120512153041272e-05,16.202826649833458,37.68545108694495,0.6573844967933985
10.0,250.0,25.0,100.0,250.0,122.0,30.0,64.6,2023-03-20 17:24:48,6.0,1742.0,False,2.781809093131534,5.45659544914036,1.412794048271646e-05,16.212305356548693,37.7009137365596,0.6765766584059251
10.0,,92.0,,,,30.3,61.2,2023-03-20 17:24:55,7.0,1749.0,False,2.817967004717604,5.507801468877839,0.0004416210176114,16.416957096129213,38.81912625416602,0.666867072656525
10.0,250.0,25.0,100.0,255.0,119.0,30.1,64.6,2023-03-20 17:25:01,6.0,1755.0,False,2.7776243853367792,5.450657305041925,1.4109374053334856e-05,16.18861524416746,39.2255156751939,0.6476865115959378
10.0,250.0,25.0,100.0,252.0,120.0,30.0,64.6,2023-03-20 17:25:08,7.0,1762.0,False,2.781809093131534,5.45659544914036,1.412794048271646e-05,16.212305356548693,38.32274129820245,0.6575944618769852
10.0,245.0,25.0,100.0,255.0,120.0,30.0,64.8,2023-03-20 17:25:14,6.0,1768.0,False,2.7784609990193427,5.1592341281563305,1.4113086167303909e-05,16.19335149223228,39.23356508894116,0.6571745545913573
10.0,250.0,25.0,100.0,255.0,120.0,30.1,65.1,2023-03-20 17:25:21,7.0,1775.0,False,2.769267261023016,5.438791043070643,1.4072285132616369e-05,16.1413015398099,39.14506579400727,0.6560202815915105
10.0,253.0,25.0,100.0,255.0,120.0,30.1,65.5,2023-03-20 17:25:27,6.0,1781.0,False,2.762593352988987,5.610012957470179,1.404265615954303e-05,16.103514395716488,39.08076382649182,0.6551812453330651
10.0,262.0,25.0,100.0,255.0,120.0,30.1,65.7,2023-03-20 17:25:33,6.0,1787.0,False,2.7592603268270848,6.174167674646223,1.4027855722077785e-05,16.08464208398251,39.0486321559582,0.6547618646302352
10.0,265.0,25.0,100.0,255.0,122.0,30.1,65.7,2023-03-20 17:25:40,7.0,1794.0,False,2.7592603268270848,6.373304809180448,1.4027855722077785e-05,16.08464208398251,39.0486321559582,0.6736622950848812
10.0,260.0,25.0,100.0,257.0,119.0,30.1,65.7,2023-03-20 17:25:46,6.0,1800.0,False,2.7592603268270848,6.044077478044126,1.4027855722077785e-05,16.08464208398251,39.6806788830077,0.645411738947387
10.0,262.0,25.0,100.0,260.0,121.0,30.1,65.8,2023-03-20 17:25:53,7.0,1807.0,False,2.7575947952935,6.171471949571246,1.402045901474902e-05,16.07521124115415,40.622317210039775,0.6639659899555397
10.0,255.0,25.0,100.0,255.0,122.0,30.1,65.8,2023-03-20 17:25:59,6.0,1813.0,False,2.7575947952935,5.725478311932861,1.402045901474902e-05,16.07521124115415,39.03257114911618,0.673446587144656
10.0,255.0,25.0,100.0,255.0,121.0,30.1,65.8,2023-03-20 17:26:06,7.0,1820.0,False,2.7575947952935,5.725478311932861,1.402045901474902e-05,16.07521124115415,39.03257114911618,0.6639659899555397
10.0,265.0,25.0,100.0,260.0,120.0,30.1,65.8,2023-03-20 17:26:12,6.0,1826.0,False,2.7575947952935,6.37052213814041,1.402045901474902e-05,16.07521124115415,40.622317210039775,0.6545522086435669
10.0,255.0,25.0,100.0,255.0,120.0,30.1,65.8,2023-03-20 17:26:18,6.0,1832.0,False,2.7575947952935,5.725478311932861,1.402045901474902e-05,16.07521124115415,39.03257114911618,0.6545522086435669
10.0,265.0,25.0,100.0,260.0,120.0,30.1,65.8,2023-03-20 17:26:25,7.0,1839.0,False,2.7575947952935,6.37052213814041,1.402045901474902e-05,16.07521124115415,40.622317210039775,0.6545522086435669
10.0,260.0,25.0,100.0,255.0,120.0,30.1,65.9,2023-03-20 17:26:31,6.0,1845.0,False,2.7559299179661845,6.038800221873722,1.4013064648026964e-05,16.06578393957454,39.01651336126932,0.6543425755698362
10.0,274.0,25.0,100.0,260.0,120.0,30.1,66.0,2023-03-20 17:26:38,7.0,1852.0,False,2.754265694726152,6.99130401455709,1.400567262166467e-05,16.056360178660835,40.58889695868587,0.6541329654113736
10.0,274.0,25.0,100.0,255.0,121.0,30.1,66.0,2023-03-20 17:26:44,6.0,1858.0,False,2.754265694726152,6.99130401455709,1.400567262166467e-05,16.056360178660835,39.000458792451546,0.663540717159849
10.0,269.0,25.0,100.0,255.0,120.0,30.1,66.2,2023-03-20 17:26:51,7.0,1865.0,False,2.7509392100319747,6.631943507740857,1.3990895589031495e-05,16.03752327649979,38.96835931203925,0.6537138138495783
10.0,265.0,25.0,100.0,260.0,122.0,30.1,66.2,2023-03-20 17:26:57,6.0,1871.0,False,2.7509392100319747,6.359397735398075,1.3990895589031495e-05,16.03752327649979,40.5554901080174,0.6725839911511882
10.0,269.0,25.0,100.0,255.0,118.0,30.1,66.2,2023-03-20 17:27:03,6.0,1877.0,False,2.7509392100319747,6.631943507740857,1.3990895589031495e-05,16.03752327649979,38.96835931203925,0.6351098957736473
10.0,260.0,25.0,100.0,257.0,120.0,30.1,66.3,2023-03-20 17:27:10,7.0,1884.0,False,2.749276948339839,6.0282528577870345,1.39835105822666e-05,16.028110134086678,39.58280211464099,0.6535042724509105
10.0,265.0,25.0,100.0,264.0,121.0,30.1,66.3,2023-03-20 17:27:16,6.0,1890.0,False,2.749276948339839,6.356618205020536,1.39835105822666e-05,16.028110134086678,41.832651486621806,0.6629029823262335
10.0,262.0,25.0,100.0,247.0,120.0,30.1,66.3,2023-03-20 17:27:23,7.0,1897.0,False,2.749276948339839,6.158002451879007,1.39835105822666e-05,16.028110134086678,36.48483266631478,0.6535042724509105
10.0,265.0,25.0,100.0,255.0,119.0,30.1,66.3,2023-03-20 17:27:29,6.0,1903.0,False,2.749276948339839,6.356618205020536,1.39835105822666e-05,16.028110134086678,38.95231440051267,0.6441721054268812
10.0,255.0,25.0,100.0,260.0,120.0,30.1,66.3,2023-03-20 17:27:36,7.0,1910.0,False,2.749276948339839,5.712982214155914,1.39835105822666e-05,16.028110134086678,40.53879170802857,0.6535042724509105
10.0,267.0,25.0,100.0,255.0,119.0,30.1,66.3,2023-03-20 17:27:42,6.0,1916.0,False,2.749276948339839,6.491732536385872,1.39835105822666e-05,16.028110134086678,38.95231440051267,0.6441721054268812
10.0,265.0,25.0,100.0,260.0,123.0,30.1,66.4,2023-03-20 17:27:48,6.0,1922.0,False,2.747615340259009,6.353839302747647,1.3976127914873456e-05,16.01870053000797,40.52209665831721,0.681682074717128
10.0,262.0,25.0,100.0,255.0,120.0,30.1,66.4,2023-03-20 17:27:55,7.0,1929.0,False,2.747615340259009,6.155310377814146,1.3976127914873456e-05,16.01870053000797,38.93627270815112,0.6532947539768404
10.0,272.0,25.0,100.0,260.0,121.0,30.1,66.4,2023-03-20 17:28:01,6.0,1935.0,False,2.747615340259009,6.836211414229506,1.3976127914873456e-05,16.01870053000797,40.52209665831721,0.6626904505538052
10.0,272.0,25.0,100.0,252.0,119.0,30.1,66.3,2023-03-20 17:28:08,7.0,1942.0,False,2.749276948339839,6.839201285790898,1.39835105822666e-05,16.028110134086678,38.01681305859522,0.6441721054268812
10.0,272.0,25.0,100.0,260.0,120.0,30.1,66.2,2023-03-20 17:28:14,6.0,1948.0,False,2.7509392100319747,6.842191833141525,1.3990895589031495e-05,16.03752327649979,40.5554901080174,0.6537138138495783
10.0,267.0,25.0,100.0,255.0,120.0,30.1,66.2,2023-03-20 17:28:21,7.0,1955.0,False,2.7509392100319747,6.494571147610547,1.3990895589031495e-05,16.03752327649979,38.96835931203925,0.6537138138495783
10.0,265.0,25.0,100.0,260.0,120.0,30.1,66.2,2023-03-20 17:28:27,6.0,1961.0,False,2.7509392100319747,6.359397735398075,1.3990895589031495e-05,16.03752327649979,40.5554901080174,0.6537138138495783
10.0,265.0,25.0,100.0,257.0,120.0,30.1,66.3,2023-03-20 17:28:33,6.0,1967.0,False,2.749276948339839,6.356618205020536,1.39835105822666e-05,16.028110134086678,39.58280211464099,0.6535042724509105
10.0,260.0,25.0,100.0,262.0,122.0,30.1,66.3,2023-03-20 17:28:40,7.0,1974.0,False,2.749276948339839,6.0282528577870345,1.39835105822666e-05,16.028110134086678,41.18297307038198,0.6723684011066741
10.0,265.0,25.0,100.0,255.0,121.0,30.1,66.3,2023-03-20 17:28:46,6.0,1980.0,False,2.749276948339839,6.356618205020536,1.39835105822666e-05,16.028110134086678,38.95231440051267,0.6629029823262335
10.0,267.0,25.0,100.0,260.0,121.0,30.1,66.4,2023-03-20 17:28:53,7.0,1987.0,False,2.747615340259009,6.48889456661665,1.3976127914873456e-05,16.01870053000797,40.52209665831721,0.6626904505538052
10.0,262.0,25.0,100.0,260.0,120.0,30.1,66.4,2023-03-20 17:28:59,6.0,1993.0,False,2.747615340259009,6.155310377814146,1.3976127914873456e-05,16.01870053000797,40.52209665831721,0.6532947539768404
10.0,262.0,25.0,100.0,260.0,121.0,30.1,66.4,2023-03-20 17:29:06,7.0,2000.0,False,2.747615340259009,6.155310377814146,1.3976127914873456e-05,16.01870053000797,40.52209665831721,0.6626904505538052
10.0,274.0,25.0,100.0,255.0,121.0,30.1,66.4,2023-03-20 17:29:12,6.0,2006.0,False,2.747615340259009,6.9790904316807145,1.3976127914873456e-05,16.01870053000797,38.93627270815112,0.6626904505538052
10.0,269.0,25.0,100.0,255.0,120.0,30.1,66.4,2023-03-20 17:29:18,6.0,2012.0,False,2.747615340259009,6.626146856412694,1.3976127914873456e-05,16.01870053000797,38.93627270815112,0.6532947539768404
10.0,262.0,25.0,100.0,257.0,120.0,30.1,66.3,2023-03-20 17:29:25,7.0,2019.0,False,2.749276948339839,6.158002451879007,1.39835105822666e-05,16.028110134086678,39.58280211464099,0.6535042724509105
10.0,265.0,25.0,100.0,260.0,119.0,30.1,66.3,2023-03-20 17:29:31,6.0,2025.0,False,2.749276948339839,6.356618205020536,1.39835105822666e-05,16.028110134086678,40.53879170802857,0.6441721054268812
10.0,262.0,25.0,100.0,262.0,122.0,30.1,66.3,2023-03-20 17:29:38,7.0,2032.0,False,2.749276948339839,6.158002451879007,1.39835105822666e-05,16.028110134086678,41.18297307038198,0.6723684011066741
9.0,,925.0,140.8,255.0,120.0,30.3,61.2,2023-03-20 17:29:44,6.0,2038.0,False,2.0785073812759505,6.505272907006683,39.37708026076351,43.50138384415975,39.61279509903053,0.6621142412592479
10.0,269.0,25.0,100.0,252.0,119.0,30.1,66.4,2023-03-20 17:29:51,7.0,2045.0,False,2.747615340259009,6.626146856412694,1.3976127914873456e-05,16.01870053000797,38.001156632807984,0.6439655789170214
10.0,274.0,25.0,100.0,267.0,120.0,30.1,66.3,2023-03-20 17:29:57,6.0,2051.0,False,2.749276948339839,6.982142792519443,1.39835105822666e-05,16.028110134086678,42.81750072144958,0.6535042724509105
10.0,260.0,25.0,100.0,264.0,119.0,30.1,66.3,2023-03-20 17:30:03,6.0,2057.0,False,2.749276948339839,6.0282528577870345,1.39835105822666e-05,16.028110134086678,41.832651486621806,0.6441721054268812
10.0,265.0,25.0,100.0,255.0,121.0,30.1,66.3,2023-03-20 17:30:10,7.0,2064.0,False,2.749276948339839,6.356618205020536,1.39835105822666e-05,16.028110134086678,38.95231440051267,0.6629029823262335
10.0,274.0,25.0,100.0,260.0,119.0,30.1,66.3,2023-03-20 17:30:16,6.0,2070.0,False,2.749276948339839,6.982142792519443,1.39835105822666e-05,16.028110134086678,40.53879170802857,0.6441721054268812
10.0,253.0,25.0,100.0,264.0,124.0,30.1,66.3,2023-03-20 17:30:23,7.0,2077.0,False,2.749276948339839,5.59044142851483,1.39835105822666e-05,16.028110134086678,41.832651486621806,0.6915000418636396
10.0,260.0,25.0,100.0,255.0,121.0,30.2,66.3,2023-03-20 17:30:29,6.0,2083.0,False,2.745124153398638,6.021665594993913,1.3965058299565295e-05,16.00459275699169,38.91221620561762,0.6623716965021539
10.0,,92.0,140.8,26.0,120.0,30.3,61.2,2023-03-20 17:30:36,7.0,2090.0,False,2.817967004717604,6.302259722940538,0.0004416210176114,43.50138384415975,0.4210799028748676,0.6621142412592479
10.0,265.0,25.0,100.0,255.0,120.0,30.1,66.2,2023-03-20 17:30:42,6.0,2096.0,False,2.7509392100319747,6.359397735398075,1.3990895589031495e-05,16.03752327649979,38.96835931203925,0.6537138138495783
10.0,269.0,25.0,100.0,255.0,120.0,30.1,66.2,2023-03-20 17:30:48,6.0,2102.0,False,2.7509392100319747,6.631943507740857,1.3990895589031495e-05,16.03752327649979,38.96835931203925,0.6537138138495783
10.0,267.0,25.0,100.0,262.0,120.0,30.1,66.2,2023-03-20 17:30:55,7.0,2109.0,False,2.7509392100319747,6.494571147610547,1.3990895589031495e-05,16.03752327649979,41.19993681616925,0.6537138138495783
10.0,272.0,25.0,100.0,257.0,120.0,30.1,66.2,2023-03-20 17:31:01,6.0,2115.0,False,2.7509392100319747,6.842191833141525,1.3990895589031495e-05,16.03752327649979,39.599106731392986,0.6537138138495783
10.0,267.0,25.0,100.0,257.0,120.0,30.1,66.3,2023-03-20 17:31:08,7.0,2122.0,False,2.749276948339839,6.491732536385872,1.39835105822666e-05,16.028110134086678,39.58280211464099,0.6535042724509105
10.0,269.0,25.0,100.0,260.0,119.0,30.1,66.3,2023-03-20 17:31:14,6.0,2128.0,False,2.749276948339839,6.629044854565056,1.39835105822666e-05,16.028110134086678,40.53879170802857,0.6441721054268812
10.0,260.0,25.0,100.0,255.0,121.0,30.1,66.4,2023-03-20 17:31:21,7.0,2135.0,False,2.747615340259009,6.025617505933621,1.3976127914873456e-05,16.01870053000797,38.93627270815112,0.6626904505538052
10.0,272.0,25.0,100.0,255.0,120.0,30.1,66.3,2023-03-20 17:31:27,6.0,2141.0,False,2.749276948339839,6.839201285790898,1.39835105822666e-05,16.028110134086678,38.95231440051267,0.6535042724509105
10.0,262.0,25.0,100.0,260.0,122.0,30.1,66.3,2023-03-20 17:31:33,6.0,2147.0,False,2.749276948339839,6.158002451879007,1.39835105822666e-05,16.028110134086678,40.53879170802857,0.6723684011066741
10.0,274.0,25.0,100.0,255.0,120.0,30.1,66.3,2023-03-20 17:31:40,7.0,2154.0,False,2.749276948339839,6.982142792519443,1.39835105822666e-05,16.028110134086678,38.95231440051267,0.6535042724509105
10.0,265.0,25.0,100.0,260.0,125.0,30.1,66.2,2023-03-20 17:31:46,6.0,2160.0,False,2.7509392100319747,6.359397735398075,1.3990895589031495e-05,16.03752327649979,40.5554901080174,0.7013914321447916
10.0,260.0,25.0,100.0,255.0,120.0,30.1,66.2,2023-03-20 17:31:53,7.0,2167.0,False,2.7509392100319747,6.030888805298948,1.3990895589031495e-05,16.03752327649979,38.96835931203925,0.6537138138495783
10.0,272.0,25.0,100.0,255.0,122.0,30.1,66.2,2023-03-20 17:31:59,6.0,2173.0,False,2.7509392100319747,6.842191833141525,1.3990895589031495e-05,16.03752327649979,38.96835931203925,0.6725839911511882
10.0,269.0,25.0,100.0,255.0,119.0,30.1,66.2,2023-03-20 17:32:06,7.0,2180.0,False,2.7509392100319747,6.631943507740857,1.3990895589031495e-05,16.03752327649979,38.96835931203925,0.6443786545339708
9.0,,92.0,,,,30.3,61.2,2023-03-20 17:32:12,6.0,2186.0,False,2.0785073812759505,6.748426864946267,0.0004416210176114,16.416957096129213,39.61279509903053,0.6573782647124231
10.0,269.0,25.0,100.0,255.0,120.0,30.1,66.2,2023-03-20 17:32:18,6.0,2192.0,False,2.7509392100319747,6.631943507740857,1.3990895589031495e-05,16.03752327649979,38.96835931203925,0.6537138138495783
10.0,265.0,25.0,100.0,252.0,120.0,30.1,66.1,2023-03-20 17:32:25,7.0,2199.0,False,2.7526021254544126,6.362177893889546,1.3998282935415182e-05,16.046939957830205,38.04813533569161,0.6539233781705103
10.0,265.0,25.0,100.0,255.0,121.0,30.1,66.1,2023-03-20 17:32:31,6.0,2205.0,False,2.7526021254544126,6.362177893889546,1.3998282935415182e-05,16.046939957830205,38.98440744269688,0.6633281156316221
10.0,262.0,25.0,100.0,257.0,119.0,30.1,66.0,2023-03-20 17:32:38,7.0,2212.0,False,2.754265694726152,6.166082324984794,1.400567262166467e-05,16.056360178660835,39.63172577857152,0.6447918205306395
10.0,272.0,25.0,100.0,255.0,121.0,30.1,66.0,2023-03-20 17:32:44,6.0,2218.0,False,2.754265694726152,6.848174955250426,1.400567262166467e-05,16.056360178660835,39.000458792451546,0.663540717159849
10.0,265.0,25.0,100.0,255.0,119.0,30.1,66.0,2023-03-20 17:32:51,7.0,2225.0,False,2.754265694726152,6.364958680504239,1.400567262166467e-05,16.056360178660835,39.000458792451546,0.6447918205306395
10.0,265.0,25.0,100.0,255.0,120.0,30.1,65.9,2023-03-20 17:32:57,6.0,2231.0,False,2.7559299179661845,6.367740095251434,1.4013064648026964e-05,16.06578393957454,39.01651336126932,0.6543425755698362
10.0,265.0,25.0,100.0,255.0,120.0,30.1,65.9,2023-03-20 17:33:03,6.0,2237.0,False,2.7559299179661845,6.367740095251434,1.4013064648026964e-05,16.06578393957454,39.01651336126932,0.6543425755698362
10.0,265.0,25.0,100.0,255.0,121.0,30.1,65.9,2023-03-20 17:33:10,7.0,2244.0,False,2.7559299179661845,6.367740095251434,1.4013064648026964e-05,16.06578393957454,39.01651336126932,0.6637533419352765
10.0,265.0,25.0,100.0,255.0,119.0,30.1,65.8,2023-03-20 17:33:16,6.0,2250.0,False,2.7575947952935,6.37052213814041,1.402045901474902e-05,16.07521124115415,39.03257114911618,0.6452050768886357
10.0,260.0,25.0,100.0,250.0,120.0,30.1,65.8,2023-03-20 17:33:23,7.0,2257.0,False,2.7575947952935,6.0414385521076674,1.402045901474902e-05,16.07521124115415,37.47700779050745,0.6545522086435669
10.0,265.0,25.0,100.0,257.0,122.0,30.1,65.7,2023-03-20 17:33:29,6.0,2263.0,False,2.7592603268270848,6.373304809180448,1.4027855722077785e-05,16.08464208398251,39.6806788830077,0.6736622950848812
10.0,262.0,25.0,100.0,257.0,122.0,30.1,65.7,2023-03-20 17:33:36,7.0,2270.0,False,2.7592603268270848,6.174167674646223,1.4027855722077785e-05,16.08464208398251,39.6806788830077,0.6736622950848812
10.0,265.0,25.0,100.0,255.0,122.0,30.1,65.7,2023-03-20 17:33:42,6.0,2276.0,False,2.7592603268270848,6.373304809180448,1.4027855722077785e-05,16.08464208398251,39.0486321559582,0.6736622950848812
10.0,255.0,25.0,100.0,257.0,120.0,30.1,65.7,2023-03-20 17:33:48,6.0,2282.0,False,2.7592603268270848,5.727979225098768,1.4027855722077785e-05,16.08464208398251,39.6806788830077,0.6547618646302352
10.0,265.0,25.0,100.0,255.0,120.0,30.1,65.6,2023-03-20 17:33:55,7.0,2289.0,False,2.7609265126859213,6.376088108380821,1.403525477026016e-05,16.094076468642353,39.06469638176138,0.6549715435275107
10.0,272.0,25.0,100.0,255.0,121.0,30.1,65.6,2023-03-20 17:34:01,6.0,2295.0,False,2.7609265126859213,6.860149309378461,1.403525477026016e-05,16.094076468642353,39.06469638176138,0.6643913557211183
10.0,265.0,25.0,100.0,243.0,119.0,30.1,65.6,2023-03-20 17:34:08,7.0,2302.0,False,2.7609265126859213,6.376088108380821,1.403525477026016e-05,16.094076468642353,35.38541654438563,0.6456184235895779
10.0,262.0,25.0,100.0,257.0,119.0,30.1,65.6,2023-03-20 17:34:14,6.0,2308.0,False,2.7609265126859213,6.176864008254348,1.403525477026016e-05,16.094076468642353,39.69700312665994,0.6456184235895779
10.0,265.0,25.0,100.0,257.0,122.0,30.1,65.6,2023-03-20 17:34:21,7.0,2315.0,False,2.7609265126859213,6.376088108380821,1.403525477026016e-05,16.094076468642353,39.69700312665994,0.6738780265970538
10.0,265.0,25.0,100.0,255.0,122.0,30.1,65.5,2023-03-20 17:34:27,6.0,2321.0,False,2.762593352988987,6.378872035750806,1.404265615954303e-05,16.103514395716488,39.08076382649182,0.6740937816787779
10.0,262.0,25.0,100.0,255.0,122.0,30.1,65.5,2023-03-20 17:34:33,6.0,2327.0,False,2.762593352988987,6.179560950404606,1.404265615954303e-05,16.103514395716488,39.08076382649182,0.6740937816787779
10.0,260.0,25.0,100.0,252.0,120.0,30.1,65.4,2023-03-20 17:34:40,7.0,2334.0,False,2.764260847855258,6.051997830156525,1.4050059890173268e-05,16.112955865787615,38.15786227002722,0.6553909700445695
10.0,265.0,25.0,100.0,255.0,120.0,30.1,65.4,2023-03-20 17:34:46,6.0,2340.0,False,2.764260847855258,6.3816565912996746,1.4050059890173268e-05,16.112955865787615,39.09683449011556,0.6553909700445695
10.0,267.0,25.0,100.0,245.0,120.0,30.1,65.3,2023-03-20 17:34:53,7.0,2347.0,False,2.7659289974037087,6.520147515691958,1.4057465962397706e-05,16.122400879438445,36.02945804022902,0.6556007176596965
10.0,260.0,25.0,100.0,255.0,121.0,30.1,65.3,2023-03-20 17:34:59,6.0,2353.0,False,2.7659289974037087,6.05463913899098,1.4057465962397706e-05,16.122400879438445,39.11290837259865,0.6650295786466764
10.0,255.0,25.0,100.0,255.0,119.0,30.2,65.3,2023-03-20 17:35:06,7.0,2360.0,False,2.761759851024487,5.731731653393287,1.40389551722486e-05,16.098794989341208,39.07272970176281,0.6457217743787456
10.0,262.0,25.0,100.0,243.0,120.0,30.1,65.2,2023-03-20 17:35:12,6.0,2366.0,False,2.767597801753306,6.187655428198008,1.4064874376463143e-05,16.13184943725166,35.4436506154407,0.6558104881761189
10.0,267.0,25.0,100.0,250.0,121.0,30.2,65.3,2023-03-20 17:35:18,6.0,2372.0,False,2.761759851024487,6.5130377567022695,1.40389551722486e-05,16.098794989341208,37.51556590610387,0.6644977116868421
10.0,265.0,25.0,100.0,247.0,119.0,30.2,65.2,2023-03-20 17:35:25,7.0,2379.0,False,2.763427018594286,6.3802642350023,1.4046357732174306e-05,16.108234687840998,36.61267125424273,0.6459284928917916
10.0,265.0,25.0,100.0,255.0,122.0,30.2,65.2,2023-03-20 17:35:31,6.0,2385.0,False,2.763427018594286,6.3802642350023,1.4046357732174306e-05,16.108234687840998,39.08879875594414,0.6742016680574731
10.0,265.0,25.0,100.0,247.0,120.0,30.1,65.1,2023-03-20 17:35:38,7.0,2392.0,False,2.769267261023016,6.390014027112291,1.4072285132616369e-05,16.1413015398099,36.665373988341,0.6560202815915105
10.0,269.0,25.0,100.0,255.0,120.0,30.1,65.1,2023-03-20 17:35:44,6.0,2398.0,False,2.769267261023016,6.663871926989587,1.4072285132616369e-05,16.1413015398099,39.14506579400727,0.6560202815915105
10.0,265.0,25.0,100.0,247.0,122.0,30.2,65.2,2023-03-20 17:35:51,7.0,2405.0,False,2.763427018594286,6.3802642350023,1.4046357732174306e-05,16.108234687840998,36.61267125424273,0.6742016680574731
10.0,269.0,25.0,100.0,245.0,121.0,30.2,65.2,2023-03-20 17:35:57,6.0,2411.0,False,2.763427018594286,6.653704286408504,1.4046357732174306e-05,16.108234687840998,36.00724909546469,0.6647104410454185
10.0,260.0,25.0,100.0,255.0,120.0,30.1,65.1,2023-03-20 17:36:03,6.0,2417.0,False,2.769267261023016,6.05992354390812,1.4072285132616369e-05,16.1413015398099,39.14506579400727,0.6560202815915105
10.0,255.0,25.0,100.0,255.0,120.0,30.2,65.2,2023-03-20 17:36:10,7.0,2424.0,False,2.763427018594286,5.734233977965563,1.4046357732174306e-05,16.108234687840998,39.08879875594414,0.655286104825719
10.0,269.0,25.0,100.0,247.0,121.0,30.2,65.2,2023-03-20 17:36:16,6.0,2430.0,False,2.763427018594286,6.653704286408504,1.4046357732174306e-05,16.108234687840998,36.61267125424273,0.6647104410454185
10.0,262.0,25.0,100.0,255.0,119.0,30.2,65.2,2023-03-20 17:36:23,7.0,2437.0,False,2.763427018594286,6.180909649685842,1.4046357732174306e-05,16.108234687840998,39.08879875594414,0.6459284928917916
10.0,274.0,25.0,100.0,252.0,120.0,30.1,65.1,2023-03-20 17:36:29,6.0,2443.0,False,2.769267261023016,7.018824938748401,1.4072285132616369e-05,16.1413015398099,38.20493522299149,0.6560202815915105
10.0,265.0,25.0,100.0,255.0,122.0,30.2,65.2,2023-03-20 17:36:36,7.0,2450.0,False,2.763427018594286,6.3802642350023,1.4046357732174306e-05,16.108234687840998,39.08879875594414,0.6742016680574731
10.0,260.0,25.0,100.0,252.0,122.0,30.2,65.2,2023-03-20 17:36:42,6.0,2456.0,False,2.763427018594286,6.050677399141478,1.4046357732174306e-05,16.108234687840998,38.150019526701584,0.6742016680574731
10.0,265.0,25.0,100.0,255.0,120.0,30.2,65.2,2023-03-20 17:36:48,6.0,2462.0,False,2.763427018594286,6.3802642350023,1.4046357732174306e-05,16.108234687840998,39.08879875594414,0.655286104825719
10.0,262.0,25.0,100.0,250.0,120.0,30.2,65.2,2023-03-20 17:36:55,7.0,2469.0,False,2.763427018594286,6.180909649685842,1.4046357732174306e-05,16.108234687840998,37.53099456096854,0.655286104825719
10.0,260.0,25.0,100.0,255.0,121.0,30.2,65.2,2023-03-20 17:37:01,6.0,2475.0,False,2.763427018594286,6.050677399141478,1.4046357732174306e-05,16.108234687840998,39.08879875594414,0.6647104410454185
10.0,262.0,25.0,100.0,255.0,120.0,30.1,65.2,2023-03-20 17:37:08,7.0,2482.0,False,2.767597801753306,6.187655428198008,1.4064874376463143e-05,16.13184943725166,39.12898547390721,0.6558104881761189
10.0,267.0,25.0,100.0,255.0,120.0,30.2,65.3,2023-03-20 17:37:14,6.0,2488.0,False,2.761759851024487,6.5130377567022695,1.40389551722486e-05,16.098794989341208,39.07272970176281,0.6550763915668986
10.0,257.0,25.0,100.0,245.0,120.0,30.2,65.4,2023-03-20 17:37:27,13.0,2501.0,False,2.76009333795841,5.854149559159238,1.4031554953546834e-05,16.089358833547056,35.97764754704177,0.6548667012151924
10.0,260.0,25.0,100.0,252.0,120.0,30.2,65.4,2023-03-20 17:37:33,6.0,2507.0,False,2.76009333795841,6.045397164403544,1.4031554953546834e-05,16.089358833547056,38.11865640736524,0.6548667012151924
10.0,265.0,25.0,100.0,247.0,119.0,30.2,65.5,2023-03-20 17:37:40,7.0,2514.0,False,2.758427479277071,6.371913395140968,1.4024157075822128e-05,16.079926219875805,36.567526878090696,0.6453084050949378
,,92.0,,,,30.3,61.2,2023-03-20 17:37:46,6.0,2520.0,False,2.817967004717604,6.136815246643597,0.0004416210176114,16.416957096129213,37.56724042897015,0.6573782647124231
10.0,255.0,25.0,100.0,250.0,120.0,30.2,65.6,2023-03-20 17:37:53,7.0,2527.0,False,2.756762274861495,5.724228067055915,1.4016761538827586e-05,16.07049714774469,37.46929848540336,0.6544473892424387
10.0,262.0,25.0,100.0,260.0,123.0,30.2,65.6,2023-03-20 17:37:59,6.0,2533.0,False,2.756762274861495,6.170124315230882,1.4016761538827586e-05,16.07049714774469,40.6139608909025,0.682884794920317
10.0,253.0,25.0,100.0,252.0,121.0,30.1,65.6,2023-03-20 17:38:06,7.0,2540.0,False,2.7609265126859213,5.607564582815424,1.403525477026016e-05,16.094076468642353,38.12649600909612,0.6643913557211183
10.0,272.0,25.0,100.0,247.0,121.0,30.2,65.7,2023-03-20 17:38:12,6.0,2546.0,False,2.7550977245926944,6.849671158161529,1.4009368342316284e-05,16.061071616570874,36.53744570261007,0.6636470266418104
10.0,267.0,25.0,100.0,252.0,119.0,30.2,65.8,2023-03-20 17:38:18,6.0,2552.0,False,2.753433828351682,6.498830267197267,1.4001977486041255e-05,16.05164962577156,38.05596786859192,0.6446885205593796
10.0,265.0,25.0,100.0,255.0,119.0,30.2,65.8,2023-03-20 17:38:25,7.0,2559.0,False,2.753433828351682,6.363568208680909,1.4001977486041255e-05,16.05164962577156,38.9924327151892,0.6446885205593796
10.0,265.0,25.0,100.0,243.0,121.0,30.2,65.9,2023-03-20 17:38:31,6.0,2565.0,False,2.7517705860194672,6.360787736128986,1.3994588969755548e-05,16.04223117476389,35.30542087118454,0.6632218235859483
10.0,262.0,25.0,100.0,247.0,123.0,30.2,65.9,2023-03-20 17:38:38,7.0,2572.0,False,2.7517705860194672,6.16204170387762,1.3994588969755548e-05,16.04223117476389,36.50737658765625,0.6822286760310557
10.0,272.0,25.0,100.0,255.0,120.0,30.2,65.9,2023-03-20 17:38:44,6.0,2578.0,False,2.7517705860194672,6.843687360240918,1.3994588969755548e-05,16.04223117476389,38.97638297497881,0.653818593144907
10.0,265.0,25.0,100.0,247.0,122.0,30.2,65.9,2023-03-20 17:38:51,7.0,2585.0,False,2.7517705860194672,6.360787736128986,1.3994588969755548e-05,16.04223117476389,36.50737658765625,0.6726917950175731
10.0,265.0,25.0,100.0,257.0,120.0,30.2,66.0,2023-03-20 17:38:57,6.0,2591.0,False,2.750107997477055,6.358007891695641,1.3987202793212134e-05,16.032816262964996,39.59095401411028,0.6536090402848156
10.0,262.0,25.0,100.0,245.0,120.0,30.2,65.9,2023-03-20 17:39:03,6.0,2597.0,False,2.7517705860194672,6.16204170387762,1.3994588969755548e-05,16.04223117476389,35.903695567182766,0.653818593144907
10.0,272.0,25.0,100.0,255.0,120.0,30.2,65.9,2023-03-20 17:39:10,7.0,2604.0,False,2.7517705860194672,6.843687360240918,1.3994588969755548e-05,16.04223117476389,38.97638297497881,0.653818593144907
10.0,267.0,25.0,100.0,250.0,122.0,30.2,65.9,2023-03-20 17:39:16,6.0,2610.0,False,2.7517705860194672,6.495990693771639,1.3994588969755548e-05,16.04223117476389,37.42305888122766,0.6726917950175731
10.0,269.0,25.0,100.0,255.0,121.0,30.2,65.8,2023-03-20 17:39:23,7.0,2617.0,False,2.753433828351682,6.63629271569468,1.4001977486041255e-05,16.05164962577156,38.9924327151892,0.6634344134896875
10.0,260.0,25.0,100.0,247.0,120.0,30.2,65.8,2023-03-20 17:39:29,6.0,2623.0,False,2.753433828351682,6.034843843445761,1.4001977486041255e-05,16.05164962577156,36.522409637551405,0.6540281689260962
10.0,265.0,25.0,100.0,255.0,119.0,30.2,65.8,2023-03-20 17:39:36,7.0,2630.0,False,2.753433828351682,6.363568208680909,1.4001977486041255e-05,16.05164962577156,38.9924327151892,0.6446885205593796
10.0,265.0,25.0,100.0,247.0,120.0,30.2,65.7,2023-03-20 17:39:42,6.0,2636.0,False,2.7550977245926944,6.366349309360693,1.4009368342316284e-05,16.061071616570874,36.53744570261007,0.6542377676260507
10.0,269.0,25.0,100.0,250.0,120.0,30.2,65.6,2023-03-20 17:39:48,6.0,2642.0,False,2.756762274861495,6.642093952305503,1.4016761538827586e-05,16.07049714774469,37.46929848540336,0.6544473892424387
10.0,267.0,25.0,100.0,247.0,120.0,30.2,65.6,2023-03-20 17:39:55,7.0,2649.0,False,2.756762274861495,6.504511338495468,1.4016761538827586e-05,16.07049714774469,36.55248478280044,0.6544473892424387
10.0,262.0,25.0,100.0,252.0,122.0,30.2,65.6,2023-03-20 17:40:01,6.0,2655.0,False,2.756762274861495,6.170124315230882,1.4016761538827586e-05,16.07049714774469,38.08730585457364,0.6733387420147733
10.0,269.0,25.0,100.0,250.0,123.0,30.2,65.5,2023-03-20 17:40:08,7.0,2662.0,False,2.758427479277071,6.644995553206571,1.4024157075822128e-05,16.079926219875805,37.4847178682887,0.6831035490395381
10.0,260.0,25.0,100.0,255.0,122.0,30.2,65.5,2023-03-20 17:40:14,6.0,2668.0,False,2.758427479277071,6.042757940612533,1.4024157075822128e-05,16.079926219875805,39.04060125016491,0.6735544381681253
9.0,,92.0,140.8,277.0,128.0,30.3,61.2,2023-03-20 17:40:21,7.0,2675.0,False,2.0785073812759505,6.539590123390624,0.0004416210176114,43.50138384415975,46.97354255647196,0.7401967415039789
10.0,272.0,25.0,100.0,250.0,121.0,30.2,65.5,2023-03-20 17:40:27,6.0,2681.0,False,2.758427479277071,6.855657659378895,1.4024157075822128e-05,16.079926219875805,37.4847178682887,0.6640723226817461
10.0,262.0,25.0,100.0,255.0,121.0,30.2,65.4,2023-03-20 17:40:33,6.0,2687.0,False,2.76009333795841,6.17551576538308,1.4031554953546834e-05,16.089358833547056,39.05666386649175,0.6642850055648306
10.0,262.0,25.0,100.0,255.0,120.0,30.2,65.4,2023-03-20 17:40:40,7.0,2694.0,False,2.76009333795841,6.17551576538308,1.4031554953546834e-05,16.089358833547056,39.05666386649175,0.6548667012151924
10.0,265.0,25.0,100.0,250.0,119.0,30.2,65.4,2023-03-20 17:40:46,6.0,2700.0,False,2.76009333795841,6.374696380260012,1.4031554953546834e-05,16.089358833547056,37.50014034186641,0.6455150784456957
10.0,260.0,25.0,100.0,255.0,120.0,30.2,65.3,2023-03-20 17:40:53,7.0,2707.0,False,2.761759851024487,6.04803698391026,1.40389551722486e-05,16.098794989341208,39.07272970176281,0.6550763915668986
10.0,269.0,25.0,100.0,243.0,118.0,30.2,65.3,2023-03-20 17:40:59,6.0,2713.0,False,2.761759851024487,6.650800720248398,1.40389551722486e-05,16.098794989341208,35.39269325202228,0.636433696148822
10.0,262.0,25.0,100.0,252.0,120.0,30.2,65.2,2023-03-20 17:41:06,7.0,2720.0,False,2.763427018594286,6.180909649685842,1.4046357732174306e-05,16.108234687840998,38.150019526701584,0.655286104825719
10.0,265.0,25.0,100.0,250.0,119.0,30.2,65.2,2023-03-20 17:41:12,6.0,2726.0,False,2.763427018594286,6.3802642350023,1.4046357732174306e-05,16.108234687840998,37.53099456096854,0.6459284928917916
10.0,262.0,25.0,100.0,255.0,120.0,30.2,65.2,2023-03-20 17:41:18,6.0,2732.0,False,2.763427018594286,6.180909649685842,1.4046357732174306e-05,16.108234687840998,39.08879875594414,0.655286104825719
10.0,255.0,25.0,100.0,255.0,120.0,30.2,65.2,2023-03-20 17:41:25,7.0,2739.0,False,2.763427018594286,5.734233977965563,1.4046357732174306e-05,16.108234687840998,39.08879875594414,0.655286104825719
10.0,269.0,25.0,100.0,255.0,120.0,30.2,65.2,2023-03-20 17:41:31,6.0,2745.0,False,2.763427018594286,6.653704286408504,1.4046357732174306e-05,16.108234687840998,39.08879875594414,0.655286104825719
10.0,,92.0,,,,30.3,61.2,2023-03-20 17:41:38,7.0,2752.0,False,2.817967004717604,6.43705323615945,0.0004416210176114,16.416957096129213,39.61279509903053,0.6621142412592479
10.0,260.0,25.0,100.0,255.0,120.0,30.2,65.2,2023-03-20 17:41:44,6.0,2758.0,False,2.763427018594286,6.050677399141478,1.4046357732174306e-05,16.108234687840998,39.08879875594414,0.655286104825719
10.0,262.0,25.0,100.0,255.0,119.0,30.2,65.1,2023-03-20 17:41:51,7.0,2765.0,False,2.765094840786775,6.183607504666145,1.4053762633570784e-05,16.117677929629146,39.10487102900181,0.646135233982539
9.0,262.0,92.0,,,,30.3,61.2,2023-03-20 17:41:57,6.0,2771.0,False,2.0785073812759505,6.268901492203268,0.0004416210176114,16.416957096129213,39.13555447983602,0.6573782647124231
10.0,265.0,25.0,100.0,252.0,120.0,30.2,65.1,2023-03-20 17:42:03,6.0,2777.0,False,2.765094840786775,6.383049104644088,1.4053762633570784e-05,16.117677929629146,38.16570579874122,0.6554958409893256
10.0,267.0,25.0,100.0,243.0,120.0,30.2,65.0,2023-03-20 17:42:10,7.0,2784.0,False,2.766763317720928,6.521569948647811,1.406116987668487e-05,16.127124715288332,35.43636880534048,0.655705600055391
10.0,260.0,25.0,100.0,255.0,121.0,30.2,65.1,2023-03-20 17:42:16,6.0,2790.0,False,2.765094840786775,6.053318410105991,1.4053762633570784e-05,16.117677929629146,39.10487102900181,0.6649231936381981
10.0,262.0,25.0,100.0,255.0,121.0,30.2,65.0,2023-03-20 17:42:23,7.0,2797.0,False,2.766763317720928,6.186305968211034,1.406116987668487e-05,16.127124715288332,39.12094652090188,0.6651359694628199
10.0,265.0,25.0,100.0,247.0,120.0,30.2,65.0,2023-03-20 17:42:29,6.0,2803.0,False,2.766763317720928,6.385834602478665,1.406116987668487e-05,16.127124715288332,36.64278257992723,0.655705600055391
10.0,269.0,25.0,100.0,243.0,120.0,30.2,65.0,2023-03-20 17:42:36,7.0,2810.0,False,2.766763317720928,6.65951338405544,1.406116987668487e-05,16.127124715288332,35.43636880534048,0.655705600055391
10.0,269.0,25.0,100.0,245.0,122.0,30.2,65.0,2023-03-20 17:42:42,6.0,2816.0,False,2.766763317720928,6.65951338405544,1.406116987668487e-05,16.127124715288332,36.036862504357664,0.6746332724841565
10.0,267.0,25.0,100.0,255.0,120.0,30.2,64.9,2023-03-20 17:42:48,6.0,2822.0,False,2.7684324495157115,6.524415295726895,1.4068579461763356e-05,16.13657504540123,39.13702523161041,0.6559153820215888
10.0,272.0,25.0,100.0,243.0,120.0,30.2,64.9,2023-03-20 17:42:55,7.0,2829.0,False,2.7684324495157115,6.873633383610007,1.4068579461763356e-05,16.13657504540123,35.450933154448904,0.6559153820215888
10.0,260.0,25.0,100.0,250.0,120.0,30.2,64.9,2023-03-20 17:43:01,6.0,2835.0,False,2.7684324495157115,6.05860221927006,1.4068579461763356e-05,16.13657504540123,37.57729906899976,0.6559153820215888
10.0,260.0,25.0,100.0,255.0,119.0,30.2,64.9,2023-03-20 17:43:08,7.0,2842.0,False,2.7684324495157115,6.05860221927006,1.4068579461763356e-05,16.13657504540123,39.13702523161041,0.6465487838879626
10.0,265.0,25.0,100.0,257.0,119.0,30.2,64.9,2023-03-20 17:43:14,6.0,2848.0,False,2.7684324495157115,6.388620728515302,1.4068579461763356e-05,16.13657504540123,39.7705027015842,0.6465487838879626
10.0,260.0,25.0,100.0,255.0,120.0,30.2,65.0,2023-03-20 17:43:21,7.0,2855.0,False,2.766763317720928,6.055960016812588,1.406116987668487e-05,16.127124715288332,39.12094652090188,0.655705600055391
10.0,267.0,25.0,100.0,250.0,121.0,30.2,64.9,2023-03-20 17:43:27,6.0,2861.0,False,2.7684324495157115,6.524415295726895,1.4068579461763356e-05,16.13657504540123,37.57729906899976,0.6653487685169244
10.0,269.0,25.0,100.0,243.0,119.0,30.2,65.0,2023-03-20 17:43:33,6.0,2867.0,False,2.766763317720928,6.65951338405544,1.406116987668487e-05,16.127124715288332,35.43636880534048,0.6463419976486937
10.0,260.0,25.0,100.0,252.0,120.0,30.2,65.0,2023-03-20 17:43:40,7.0,2874.0,False,2.766763317720928,6.055960016812588,1.406116987668487e-05,16.127124715288332,38.18139521231768,0.655705600055391
10.0,269.0,25.0,100.0,243.0,122.0,30.2,65.0,2023-03-20 17:43:46,6.0,2880.0,False,2.766763317720928,6.65951338405544,1.406116987668487e-05,16.127124715288332,35.43636880534048,0.6746332724841565
10.0,272.0,25.0,100.0,252.0,120.0,30.2,65.0,2023-03-20 17:43:53,7.0,2887.0,False,2.766763317720928,6.870635739869644,1.406116987668487e-05,16.127124715288332,38.18139521231768,0.655705600055391
10.0,265.0,25.0,100.0,257.0,120.0,30.2,65.0,2023-03-20 17:43:59,6.0,2893.0,False,2.766763317720928,6.385834602478665,1.406116987668487e-05,16.127124715288332,39.75416373857186,0.655705600055391
10.0,274.0,25.0,100.0,243.0,120.0,30.2,65.0,2023-03-20 17:44:06,7.0,2900.0,False,2.766763317720928,7.014234236799447,1.406116987668487e-05,16.127124715288332,35.43636880534048,0.655705600055391
10.0,267.0,25.0,100.0,255.0,119.0,30.2,65.1,2023-03-20 17:44:12,6.0,2906.0,False,2.765094840786775,6.518725243123656,1.4053762633570784e-05,16.117677929629146,39.10487102900181,0.646135233982539
10.0,272.0,25.0,100.0,247.0,120.0,30.2,65.1,2023-03-20 17:44:18,6.0,2912.0,False,2.765094840786775,6.867638772023319,1.4053762633570784e-05,16.117677929629146,36.62772540961452,0.6554958409893256
10.0,269.0,25.0,100.0,245.0,120.0,30.2,65.1,2023-03-20 17:44:25,7.0,2919.0,False,2.765094840786775,6.656608507674295,1.4053762633570784e-05,16.117677929629146,36.022054317368045,0.6554958409893256
10.0,272.0,25.0,100.0,245.0,121.0,30.2,65.1,2023-03-20 17:44:31,6.0,2925.0,False,2.765094840786775,6.867638772023319,1.4053762633570784e-05,16.117677929629146,36.022054317368045,0.6649231936381981
10.0,269.0,25.0,100.0,247.0,119.0,30.2,65.1,2023-03-20 17:44:38,7.0,2932.0,False,2.765094840786775,6.656608507674295,1.4053762633570784e-05,16.117677929629146,36.62772540961452,0.646135233982539
10.0,255.0,25.0,100.0,255.0,120.0,30.2,65.2,2023-03-20 17:44:44,6.0,2938.0,False,2.763427018594286,5.734233977965563,1.4046357732174306e-05,16.108234687840998,39.08879875594414,0.655286104825719
10.0,272.0,25.0,100.0,247.0,120.0,30.2,65.2,2023-03-20 17:44:51,7.0,2945.0,False,2.763427018594286,6.864642480061055,1.4046357732174306e-05,16.108234687840998,36.61267125424273,0.655286104825719
10.0,265.0,25.0,100.0,243.0,122.0,30.2,65.2,2023-03-20 17:44:57,6.0,2951.0,False,2.763427018594286,6.3802642350023,1.4046357732174306e-05,16.108234687840998,35.40724885409644,0.6742016680574731
10.0,272.0,25.0,100.0,245.0,120.0,30.2,65.1,2023-03-20 17:45:03,6.0,2957.0,False,2.765094840786775,6.867638772023319,1.4053762633570784e-05,16.117677929629146,36.022054317368045,0.6554958409893256
9.0,260.0,925.0,,,,30.3,61.2,2023-03-20 17:45:10,7.0,2964.0,False,2.0785073812759505,6.136815246643597,39.37708026076351,16.416957096129213,38.03410810060762,0.6621142412592479
10.0,267.0,25.0,100.0,255.0,120.0,30.2,65.1,2023-03-20 17:45:16,6.0,2970.0,False,2.765094840786775,6.518725243123656,1.4053762633570784e-05,16.117677929629146,39.10487102900181,0.6554958409893256
10.0,262.0,25.0,100.0,255.0,123.0,30.2,65.1,2023-03-20 17:45:23,7.0,2977.0,False,2.765094840786775,6.183607504666145,1.4053762633570784e-05,16.117677929629146,39.10487102900181,0.6839788045655928
10.0,265.0,25.0,100.0,250.0,120.0,30.2,65.1,2023-03-20 17:45:29,6.0,2983.0,False,2.765094840786775,6.383049104644088,1.4053762633570784e-05,16.117677929629146,37.54642630642779,0.6554958409893256
10.0,262.0,25.0,100.0,255.0,120.0,30.2,65.1,2023-03-20 17:45:36,7.0,2990.0,False,2.765094840786775,6.183607504666145,1.4053762633570784e-05,16.117677929629146,39.10487102900181,0.6554958409893256
10.0,265.0,25.0,100.0,247.0,121.0,30.2,65.1,2023-03-20 17:45:42,6.0,2996.0,False,2.765094840786775,6.383049104644088,1.4053762633570784e-05,16.117677929629146,36.62772540961452,0.6649231936381981
10.0,274.0,25.0,100.0,240.0,119.0,30.2,65.0,2023-03-20 17:45:49,7.0,3003.0,False,2.766763317720928,7.014234236799447,1.406116987668487e-05,16.127124715288332,34.54577883122393,0.6463419976486937
10.0,265.0,25.0,100.0,250.0,121.0,30.2,65.0,2023-03-20 17:45:55,6.0,3009.0,False,2.766763317720928,6.385834602478665,1.406116987668487e-05,16.127124715288332,37.561861142449054,0.6651359694628199
10.0,269.0,25.0,100.0,243.0,122.0,30.2,65.0,2023-03-20 17:46:01,6.0,3015.0,False,2.766763317720928,6.65951338405544,1.406116987668487e-05,16.127124715288332,35.43636880534048,0.6746332724841565
10.0,272.0,25.0,100.0,240.0,120.0,30.2,65.0,2023-03-20 17:46:08,7.0,3022.0,False,2.766763317720928,6.870635739869644,1.406116987668487e-05,16.127124715288332,34.54577883122393,0.655705600055391
10.0,265.0,25.0,100.0,247.0,121.0,30.2,65.0,2023-03-20 17:46:14,6.0,3028.0,False,2.766763317720928,6.385834602478665,1.406116987668487e-05,16.127124715288332,36.64278257992723,0.6651359694628199
10.0,262.0,25.0,100.0,243.0,119.0,30.2,64.9,2023-03-20 17:46:21,7.0,3035.0,False,2.7684324495157115,6.1890050403294925,1.4068579461763356e-05,16.13657504540123,35.450933154448904,0.6465487838879626
10.0,272.0,25.0,100.0,250.0,122.0,30.2,64.9,2023-03-20 17:46:27,6.0,3041.0,False,2.7684324495157115,6.873633383610007,1.4068579461763356e-05,16.13657504540123,37.57729906899976,0.6748491100404505
10.0,260.0,25.0,100.0,252.0,122.0,30.2,64.9,2023-03-20 17:46:34,7.0,3048.0,False,2.7684324495157115,6.05860221927006,1.4068579461763356e-05,16.13657504540123,38.19708776739784,0.6748491100404505
10.0,262.0,25.0,100.0,255.0,121.0,30.2,64.9,2023-03-20 17:46:40,6.0,3054.0,False,2.7684324495157115,6.1890050403294925,1.4068579461763356e-05,16.13657504540123,39.13702523161041,0.6653487685169244
10.0,267.0,25.0,100.0,245.0,119.0,30.2,64.9,2023-03-20 17:46:46,6.0,3060.0,False,2.7684324495157115,6.524415295726895,1.4068579461763356e-05,16.13657504540123,36.0516736564023,0.6465487838879626
10.0,272.0,25.0,100.0,250.0,120.0,30.2,64.9,2023-03-20 17:46:53,7.0,3067.0,False,2.7684324495157115,6.873633383610007,1.4068579461763356e-05,16.13657504540123,37.57729906899976,0.6559153820215888
10.0,267.0,25.0,100.0,235.0,119.0,30.2,64.8,2023-03-20 17:46:59,6.0,3073.0,False,2.770102236290087,6.527261284370372,1.4075991389053004e-05,16.14602892055047,33.11564136367577,0.6467555926980526
10.0,274.0,25.0,100.0,247.0,120.0,30.2,64.8,2023-03-20 17:47:06,7.0,3080.0,False,2.770102236290087,7.02035551774754,1.4075991389053004e-05,16.14602892055047,36.672905965248304,0.656125186885593
10.0,267.0,25.0,100.0,243.0,121.0,30.2,64.8,2023-03-20 17:47:12,6.0,3086.0,False,2.770102236290087,6.527261284370372,1.4075991389053004e-05,16.14602892055047,35.46550041917397,0.6655615907981521
10.0,265.0,25.0,100.0,245.0,120.0,30.2,64.8,2023-03-20 17:47:19,7.0,3093.0,False,2.770102236290087,6.391407482763267,1.4075991389053004e-05,16.14602892055047,36.06648777347072,0.656125186885593
10.0,255.0,25.0,100.0,250.0,121.0,30.2,64.8,2023-03-20 17:47:25,6.0,3099.0,False,2.770102236290087,5.744248922109298,1.4075991389053004e-05,16.14602892055047,37.59274008604736,0.6655615907981521
10.0,269.0,25.0,100.0,243.0,122.0,30.2,64.7,2023-03-20 17:47:31,6.0,3105.0,False,2.7717726781630154,6.668231943987642,1.4083405658800578e-05,16.15548634131868,35.480070599484975,0.6752808558269775
10.0,265.0,25.0,100.0,243.0,120.0,30.2,64.7,2023-03-20 17:47:38,7.0,3112.0,False,2.7717726781630154,6.394194865231822,1.4083405658800578e-05,16.15548634131868,35.480070599484975,0.6563350146450785
10.0,269.0,25.0,100.0,247.0,121.0,30.2,64.7,2023-03-20 17:47:44,6.0,3118.0,False,2.7717726781630154,6.668231943987642,1.4083405658800578e-05,16.15548634131868,36.68797218019314,0.6657744363041441
10.0,269.0,25.0,100.0,240.0,122.0,30.2,64.6,2023-03-20 17:47:51,7.0,3125.0,False,2.773443775253454,6.671139440926836,1.4090822271252768e-05,16.16494730828843,34.60258915151331,0.6754967640524266
10.0,265.0,25.0,100.0,240.0,121.0,30.2,64.5,2023-03-20 17:47:57,6.0,3131.0,False,2.7751155276803563,6.399771514867745,1.4098241226656285e-05,16.17441182204226,34.61679883728872,0.6662001969809916
10.0,269.0,25.0,100.0,231.0,121.0,30.2,64.5,2023-03-20 17:48:04,7.0,3138.0,False,2.7751155276803563,6.674047593029696,1.4098241226656285e-05,16.17441182204226,32.0124286010264,0.6662001969809916
10.0,272.0,25.0,100.0,247.0,120.0,30.2,64.5,2023-03-20 17:48:10,6.0,3144.0,False,2.7751155276803563,6.885630717711173,1.4098241226656285e-05,16.17441182204226,36.7181136544927,0.656754738841197
9.0,,92.0,140.8,262.0,120.0,30.3,64.0,2023-03-20 17:48:16,6.0,3150.0,False,2.049985302811698,6.542925690295751,0.0004363228169701,42.92142976299133,41.48884119755518,0.6572795228320397
10.0,262.0,25.0,100.0,252.0,120.0,30.2,64.4,2023-03-20 17:48:23,7.0,3157.0,False,2.776787935562671,6.202509529839432,1.4105662525257782e-05,16.18387988316271,38.27559766419616,0.656964635273183
10.0,262.0,25.0,100.0,250.0,122.0,30.2,64.3,2023-03-20 17:48:29,6.0,3163.0,False,2.7784609990193427,6.20521225358775,1.4113086167303909e-05,16.19335149223228,37.66999152759944,0.6761446300288316
10.0,255.0,25.0,100.0,247.0,121.0,30.2,64.3,2023-03-20 17:48:36,7.0,3170.0,False,2.7784609990193427,5.75678030608645,1.4113086167303909e-05,16.19335149223228,36.748267187793786,0.6666260505286127
10.0,260.0,25.0,100.0,250.0,122.0,30.2,64.3,2023-03-20 17:48:42,6.0,3176.0,False,2.7784609990193427,6.074467945275258,1.4113086167303909e-05,16.19335149223228,37.66999152759944,0.6761446300288316
10.0,260.0,25.0,100.0,243.0,122.0,30.2,64.3,2023-03-20 17:48:49,7.0,3183.0,False,2.7784609990193427,6.074467945275258,1.4113086167303909e-05,16.19335149223228,35.53838047597419,0.6761446300288316
10.0,260.0,25.0,100.0,252.0,120.0,30.2,64.4,2023-03-20 17:48:55,6.0,3189.0,False,2.776787935562671,6.071822168128053,1.4105662525257782e-05,16.18387988316271,38.27559766419616,0.656964635273183
10.0,272.0,25.0,100.0,240.0,120.0,30.2,64.4,2023-03-20 17:49:01,6.0,3195.0,False,2.776787935562671,6.888631741071221,1.4105662525257782e-05,16.18387988316271,34.631011365285524,0.656964635273183
10.0,260.0,25.0,100.0,243.0,122.0,30.2,64.4,2023-03-20 17:49:08,7.0,3202.0,False,2.776787935562671,6.071822168128053,1.4105662525257782e-05,16.18387988316271,35.52379863362649,0.6759286511557436
10.0,265.0,25.0,100.0,243.0,121.0,30.2,64.4,2023-03-20 17:49:14,6.0,3208.0,False,2.776787935562671,6.402560782053637,1.4105662525257782e-05,16.18387988316271,35.52379863362649,0.6664131121471332
9.0,,925.0,,,,30.3,61.2,2023-03-20 17:49:21,7.0,3215.0,False,2.0785073812759505,6.302259722940538,39.37708026076351,16.416957096129213,35.88189298512068,0.6621142412592479
10.0,260.0,25.0,100.0,243.0,119.0,30.2,64.5,2023-03-20 17:49:27,6.0,3221.0,False,2.7751155276803563,6.069176986784424,1.4098241226656285e-05,16.17441182204226,35.50921970674192,0.6473761545303358
10.0,265.0,25.0,100.0,255.0,122.0,30.2,64.5,2023-03-20 17:49:34,7.0,3228.0,False,2.7751155276803563,6.399771514867745,1.4098241226656285e-05,16.17441182204226,39.20137226185126,0.6757126958294788
10.0,269.0,25.0,100.0,233.0,120.0,30.2,64.6,2023-03-20 17:49:40,6.0,3234.0,False,2.773443775253454,6.671139440926836,1.4090822271252768e-05,16.16494730828843,32.56838568583976,0.6565448652977213
10.0,265.0,25.0,100.0,240.0,116.0,30.3,64.8,2023-03-20 17:49:46,6.0,3240.0,False,2.7659289974037087,6.384441775036698,1.4057465962397706e-05,16.122400879438445,34.53868073881589,0.6185512083940725
10.0,262.0,25.0,100.0,250.0,119.0,30.3,64.9,2023-03-20 17:49:53,7.0,3247.0,False,2.764260847855258,6.18225850110598,1.4050059890173268e-05,16.112955865787615,37.53871004737587,0.6460318606150961
10.0,277.0,25.0,100.0,240.0,119.0,30.2,64.9,2023-03-20 17:49:59,6.0,3253.0,False,2.7684324495157115,7.237142965802601,1.4068579461763356e-05,16.13657504540123,34.55997714781456,0.6465487838879626
10.0,265.0,25.0,100.0,243.0,120.0,30.3,65.2,2023-03-20 17:50:06,7.0,3260.0,False,2.7592603268270848,6.373304809180448,1.4027855722077785e-05,16.08464208398251,35.370865315932335,0.6547618646302352
10.0,274.0,25.0,100.0,240.0,121.0,30.2,65.3,2023-03-20 17:50:12,6.0,3266.0,False,2.761759851024487,7.005057490505134,1.40389551722486e-05,16.098794989341208,34.50320093579819,0.6644977116868421
10.0,274.0,25.0,100.0,247.0,119.0,30.3,65.4,2023-03-20 17:50:19,7.0,3273.0,False,2.7559299179661845,6.994359135110781,1.4013064648026964e-05,16.06578393957454,36.544964865815786,0.6449984374156209
10.0,265.0,25.0,100.0,255.0,121.0,30.2,65.4,2023-03-20 17:50:25,6.0,3279.0,False,2.76009333795841,6.374696380260012,1.4031554953546834e-05,16.089358833547056,39.05666386649175,0.6642850055648306
10.0,274.0,25.0,100.0,243.0,122.0,30.2,65.5,2023-03-20 17:50:31,6.0,3285.0,False,2.758427479277071,6.998943109608684,1.4024157075822128e-05,16.079926219875805,35.36359079512339,0.6735544381681253
10.0,265.0,25.0,100.0,255.0,120.0,30.3,65.6,2023-03-20 17:50:38,7.0,3292.0,False,2.7526021254544126,6.362177893889546,1.3998282935415182e-05,16.046939957830205,38.98440744269688,0.6539233781705103
10.0,277.0,25.0,100.0,247.0,122.0,30.2,65.6,2023-03-20 17:50:44,6.0,3298.0,False,2.756762274861495,7.215064698626171,1.4016761538827586e-05,16.07049714774469,36.55248478280044,0.6733387420147733
10.0,262.0,25.0,100.0,250.0,120.0,30.2,65.7,2023-03-20 17:50:51,7.0,3305.0,False,2.7550977245926944,6.167429502938779,1.4009368342316284e-05,16.061071616570874,37.45388219324301,0.6542377676260507
10.0,269.0,25.0,100.0,255.0,123.0,30.2,65.7,2023-03-20 17:50:57,6.0,3311.0,False,2.7550977245926944,6.639193006471432,1.4009368342316284e-05,16.061071616570874,39.00848567447967,0.6826660647108747
10.0,267.0,25.0,100.0,255.0,120.0,30.3,65.8,2023-03-20 17:51:04,7.0,3318.0,False,2.749276948339839,6.491732536385872,1.39835105822666e-05,16.028110134086678,38.95231440051267,0.6535042724509105
10.0,269.0,25.0,100.0,247.0,119.0,30.2,65.8,2023-03-20 17:51:10,6.0,3324.0,False,2.753433828351682,6.63629271569468,1.4001977486041255e-05,16.05164962577156,36.522409637551405,0.6446885205593796
10.0,267.0,25.0,100.0,255.0,122.0,30.2,65.9,2023-03-20 17:51:16,6.0,3330.0,False,2.7517705860194672,6.495990693771639,1.3994588969755548e-05,16.04223117476389,38.97638297497881,0.6726917950175731
10.0,267.0,25.0,100.0,255.0,123.0,30.2,65.8,2023-03-20 17:51:23,7.0,3337.0,False,2.753433828351682,6.498830267197267,1.4001977486041255e-05,16.05164962577156,38.9924327151892,0.6824473584136431
10.0,274.0,25.0,100.0,255.0,121.0,30.3,65.8,2023-03-20 17:51:29,6.0,3343.0,False,2.749276948339839,6.982142792519443,1.39835105822666e-05,16.028110134086678,38.95231440051267,0.6629029823262335
10.0,277.0,25.0,100.0,255.0,122.0,30.3,65.7,2023-03-20 17:51:42,13.0,3356.0,False,2.7509392100319747,7.204038640461437,1.3990895589031495e-05,16.03752327649979,38.96835931203925,0.6725839911511882
10.0,274.0,25.0,100.0,255.0,122.0,30.3,65.7,2023-03-20 17:51:49,7.0,3363.0,False,2.7509392100319747,6.985195843271618,1.3990895589031495e-05,16.03752327649979,38.96835931203925,0.6725839911511882
10.0,269.0,25.0,100.0,243.0,119.0,30.2,65.7,2023-03-20 17:51:55,6.0,3369.0,False,2.7550977245926944,6.639193006471432,1.4009368342316284e-05,16.061071616570874,35.33450000142878,0.6448951261494824
10.0,277.0,25.0,100.0,245.0,122.0,30.2,65.6,2023-03-20 17:52:08,13.0,3382.0,False,2.756762274861495,7.215064698626171,1.4016761538827586e-05,16.07049714774469,35.948057859339066,0.6733387420147733
10.0,265.0,25.0,100.0,250.0,122.0,30.3,65.6,2023-03-20 17:52:14,6.0,3388.0,False,2.7526021254544126,6.362177893889546,1.3998282935415182e-05,16.046939957830205,37.43076355018313,0.6727996047796432
10.0,277.0,25.0,100.0,245.0,118.0,30.3,65.4,2023-03-20 17:52:21,7.0,3395.0,False,2.7559299179661845,7.21348901378873,1.4013064648026964e-05,16.06578393957454,35.94066229068023,0.6357207636827525
10.0,274.0,25.0,100.0,243.0,120.0,30.3,65.3,2023-03-20 17:52:27,6.0,3401.0,False,2.7575947952935,6.997414945618703,1.402045901474902e-05,16.07521124115415,35.356317003264735,0.6545522086435669
10.0,262.0,25.0,100.0,255.0,120.0,30.3,65.2,2023-03-20 17:52:34,7.0,3408.0,False,2.7592603268270848,6.174167674646223,1.4027855722077785e-05,16.08464208398251,39.0486321559582,0.6547618646302352
10.0,265.0,25.0,100.0,255.0,120.0,30.3,65.3,2023-03-20 17:52:40,6.0,3414.0,False,2.7575947952935,6.37052213814041,1.402045901474902e-05,16.07521124115415,39.03257114911618,0.6545522086435669
10.0,274.0,25.0,100.0,243.0,120.0,30.3,65.2,2023-03-20 17:52:46,6.0,3420.0,False,2.7592603268270848,7.000471446091047,1.4027855722077785e-05,16.08464208398251,35.370865315932335,0.6547618646302352
10.0,274.0,25.0,100.0,238.0,120.0,30.2,64.9,2023-03-20 17:52:53,7.0,3427.0,False,2.7684324495157115,7.017294532258187,1.4068579461763356e-05,16.13657504540123,33.972760447153284,0.6559153820215888
10.0,262.0,25.0,100.0,252.0,120.0,30.2,64.9,2023-03-20 17:52:59,6.0,3433.0,False,2.7684324495157115,6.1890050403294925,1.4068579461763356e-05,16.13657504540123,38.19708776739784,0.6559153820215888
10.0,272.0,25.0,100.0,243.0,119.0,30.3,64.7,2023-03-20 17:53:06,7.0,3440.0,False,2.767597801753306,6.872134477252451,1.4064874376463143e-05,16.13184943725166,35.4436506154407,0.6464453879468324
10.0,262.0,25.0,100.0,243.0,120.0,30.3,64.7,2023-03-20 17:53:12,6.0,3446.0,False,2.767597801753306,6.187655428198008,1.4064874376463143e-05,16.13184943725166,35.4436506154407,0.6558104881761189
10.0,269.0,25.0,100.0,250.0,120.0,30.3,64.6,2023-03-20 17:53:19,7.0,3453.0,False,2.769267261023016,6.663871926989587,1.4072285132616369e-05,16.1413015398099,37.58501919121349,0.6560202815915105
10.0,272.0,25.0,100.0,240.0,122.0,30.2,64.6,2023-03-20 17:53:25,6.0,3459.0,False,2.773443775253454,6.882630370294994,1.4090822271252768e-05,16.16494730828843,34.60258915151331,0.6754967640524266
10.0,272.0,25.0,100.0,240.0,120.0,30.2,64.8,2023-03-20 17:53:31,6.0,3465.0,False,2.770102236290087,6.876631703254369,1.4075991389053004e-05,16.14602892055047,34.57417830674628,0.656125186885593
10.0,265.0,25.0,100.0,243.0,120.0,30.2,64.9,2023-03-20 17:53:38,7.0,3472.0,False,2.7684324495157115,6.388620728515302,1.4068579461763356e-05,16.13657504540123,35.450933154448904,0.6559153820215888
10.0,260.0,25.0,100.0,250.0,121.0,30.2,64.8,2023-03-20 17:53:44,6.0,3478.0,False,2.770102236290087,6.061245017487193,1.4075991389053004e-05,16.14602892055047,37.59274008604736,0.6655615907981521
10.0,265.0,25.0,100.0,250.0,123.0,30.3,64.8,2023-03-20 17:53:51,7.0,3485.0,False,2.7659289974037087,6.384441775036698,1.4057465962397706e-05,16.122400879438445,37.554143338120205,0.6840882383943699
10.0,255.0,25.0,100.0,243.0,119.0,30.2,64.6,2023-03-20 17:53:57,6.0,3491.0,False,2.773443775253454,5.749259781810548,1.4090822271252768e-05,16.16494730828843,35.494643695351186,0.6471692780215301
10.0,255.0,25.0,100.0,240.0,119.0,30.3,64.4,2023-03-20 17:54:04,7.0,3498.0,False,2.772608144798612,5.748006855152677,1.4087113672173177e-05,16.16021638149195,34.59548537446796,0.6470658482284647
10.0,272.0,25.0,100.0,240.0,122.0,30.3,64.3,2023-03-20 17:54:10,6.0,3504.0,False,2.774279569542413,6.884130459510719,1.4094531456070196e-05,16.16967912178092,34.60969363912147,0.6756047269971519
10.0,265.0,25.0,100.0,252.0,120.0,30.3,64.3,2023-03-20 17:54:16,6.0,3510.0,False,2.774279569542413,6.3983771168685175,1.4094531456070196e-05,16.16967912178092,38.252036449042365,0.6566497992082501
10.0,265.0,25.0,100.0,247.0,119.0,30.2,64.2,2023-03-20 17:54:23,7.0,3517.0,False,2.7801347181693186,6.408141201207575,1.4120512153041272e-05,16.202826649833458,36.7633484764906,0.6479969194175454
10.0,260.0,25.0,100.0,238.0,120.0,30.3,64.2,2023-03-20 17:54:29,6.0,3523.0,False,2.775951649682154,6.070499502981341,1.410195158304187e-05,16.179145409145256,34.03560183649252,0.6568596841962714
10.0,260.0,25.0,100.0,250.0,120.0,30.3,64.2,2023-03-20 17:54:36,7.0,3530.0,False,2.775951649682154,6.070499502981341,1.410195158304187e-05,16.179145409145256,37.64680798290698,0.6568596841962714
10.0,262.0,25.0,100.0,250.0,120.0,30.3,64.2,2023-03-20 17:54:42,6.0,3536.0,False,2.775951649682154,6.201158396201111,1.410195158304187e-05,16.179145409145256,37.64680798290698,0.6568596841962714
10.0,262.0,25.0,100.0,250.0,120.0,30.3,64.2,2023-03-20 17:54:49,7.0,3543.0,False,2.775951649682154,6.201158396201111,1.410195158304187e-05,16.179145409145256,37.64680798290698,0.6568596841962714
10.0,265.0,25.0,100.0,247.0,120.0,30.3,64.2,2023-03-20 17:54:55,6.0,3549.0,False,2.775951649682154,6.401166069929066,1.410195158304187e-05,16.179145409145256,36.7256509072965,0.6568596841962714
10.0,262.0,25.0,100.0,233.0,119.0,30.2,64.2,2023-03-20 17:55:01,6.0,3555.0,False,2.7801347181693186,6.207915585972439,1.4120512153041272e-05,16.202826649833458,32.62189906585307,0.6479969194175454
10.0,267.0,25.0,100.0,238.0,121.0,30.3,64.2,2023-03-20 17:55:08,7.0,3562.0,False,2.775951649682154,6.537227297078728,1.410195158304187e-05,16.179145409145256,34.03560183649252,0.666306651661998
10.0,260.0,25.0,100.0,238.0,120.0,30.3,64.1,2023-03-20 17:55:14,6.0,3568.0,False,2.7776243853367792,6.07314498222566,1.4109374053334856e-05,16.18861524416746,34.04957427303639,0.657069592071642
10.0,262.0,25.0,100.0,245.0,120.0,30.3,64.0,2023-03-20 17:55:21,7.0,3575.0,False,2.7792977766252345,6.206563843699989,1.4116798867195772e-05,16.19808862743002,36.14801841575157,0.6572795228320397
10.0,257.0,25.0,100.0,247.0,120.0,30.2,63.9,2023-03-20 17:55:27,6.0,3581.0,False,2.785159810968425,5.892554757932844,1.4142804174866535e-05,16.23127341965093,36.80861043038546,0.6580144606795166
10.0,269.0,25.0,100.0,243.0,120.0,30.3,64.0,2023-03-20 17:55:34,7.0,3588.0,False,2.7792977766252345,6.681320839691235,1.4116798867195772e-05,16.19808862743002,35.54567249043715,0.6572795228320397
10.0,265.0,25.0,100.0,238.0,120.0,30.2,63.9,2023-03-20 17:55:40,6.0,3594.0,False,2.785159810968425,6.416516542032654,1.4142804174866535e-05,16.23127341965093,34.112484811379154,0.6580144606795166
9.0,260.0,92.0,,,,30.3,61.2,2023-03-20 17:55:46,6.0,3600.0,False,2.0785073812759505,6.136815246643597,0.0004416210176114,16.416957096129213,36.48993639850581,0.6621142412592479
10.0,255.0,25.0,100.0,252.0,120.0,30.2,61.2,2023-03-20 17:55:53,7.0,3607.0,False,2.8221911450784862,5.822171080979936,1.4306924216941873e-05,16.440860565818628,38.700908046194336,0.6626404823254878
10.0,269.0,25.0,100.0,238.0,120.0,30.3,63.9,2023-03-20 17:55:59,6.0,3613.0,False,2.780971823666463,6.684231284942944,1.4124226024871226e-05,16.20756555951542,34.077527527748,0.6574894764751436
10.0,255.0,25.0,100.0,252.0,122.0,30.3,63.8,2023-03-20 17:56:06,7.0,3620.0,False,2.7826465265793985,5.763051291623062,1.4131655526607787e-05,16.217046041006075,38.33060131911624,0.6766846802132318
10.0,265.0,25.0,100.0,231.0,120.0,30.3,63.8,2023-03-20 17:56:12,6.0,3626.0,False,2.7826465265793985,6.412328164793842,1.4131655526607787e-05,16.217046041006075,32.0715939627224,0.6576994529986332
10.0,269.0,25.0,100.0,233.0,119.0,30.2,63.7,2023-03-20 17:56:19,7.0,3633.0,False,2.7885131534814667,6.697336396902777,1.4157677245726323e-05,16.250255686198045,32.68885097927334,0.6490319786282783
10.0,260.0,25.0,100.0,240.0,120.0,30.3,63.8,2023-03-20 17:56:25,6.0,3639.0,False,2.7826465265793985,6.081084994841516,1.4131655526607787e-05,16.217046041006075,34.680777595335854,0.6576994529986332
10.0,260.0,25.0,100.0,233.0,120.0,30.2,63.8,2023-03-20 17:56:31,6.0,3645.0,False,2.786836154080964,6.08770576837208,1.4150239537834463e-05,16.240762777202693,32.675455246659,0.6582244943938237
10.0,260.0,25.0,100.0,231.0,119.0,30.3,64.0,2023-03-20 17:56:38,7.0,3652.0,False,2.7792977766252345,6.075791057277946,1.4116798867195772e-05,16.19808862743002,32.04529167560224,0.6478934445045965
10.0,255.0,25.0,100.0,231.0,120.0,30.3,64.0,2023-03-20 17:56:44,6.0,3658.0,False,2.7792977766252345,5.7580342208635855,1.4116798867195772e-05,16.19808862743002,32.04529167560224,0.6572795228320397
10.0,260.0,25.0,100.0,243.0,120.0,30.2,63.9,2023-03-20 17:56:51,7.0,3665.0,False,2.785159810968425,6.085057012075365,1.4142804174866535e-05,16.23127341965093,35.59673699938298,0.6580144606795166
10.0,265.0,25.0,100.0,243.0,120.0,30.3,64.0,2023-03-20 17:56:57,6.0,3671.0,False,2.7792977766252345,6.40674586081843,1.4116798867195772e-05,16.19808862743002,35.54567249043715,0.6572795228320397
10.0,255.0,25.0,100.0,247.0,120.0,30.2,63.8,2023-03-20 17:57:04,7.0,3678.0,False,2.786836154080964,5.769325806364957,1.4150239537834463e-05,16.240762777202693,36.82370377751289,0.6582244943938237
10.0,269.0,25.0,100.0,240.0,121.0,30.3,63.9,2023-03-20 17:57:10,6.0,3684.0,False,2.780971823666463,6.684231284942944,1.4124226024871226e-05,16.20756555951542,34.66655511979977,0.666945501624439
10.0,265.0,25.0,100.0,233.0,121.0,30.3,63.9,2023-03-20 17:57:16,6.0,3690.0,False,2.780971823666463,6.409536698665753,1.4124226024871226e-05,16.20756555951542,32.628591247822406,0.666945501624439
10.0,274.0,25.0,100.0,243.0,122.0,30.3,64.0,2023-03-20 17:57:23,7.0,3697.0,False,2.7792977766252345,7.037203272690917,1.4116798867195772e-05,16.19808862743002,35.54567249043715,0.6762526282946881
10.0,269.0,25.0,100.0,240.0,121.0,30.2,64.1,2023-03-20 17:57:29,6.0,3703.0,False,2.781809093131534,6.68568675327086,1.412794048271646e-05,16.212305356548693,34.67366600230509,0.6670519969281662
10.0,,92.0,,,,30.3,61.2,2023-03-20 17:57:35,6.0,3709.0,False,2.817967004717604,6.608641698724267,0.0004416210176114,16.416957096129213,35.73073936600985,0.6764233839677005
10.0,265.0,25.0,100.0,245.0,122.0,30.3,64.2,2023-03-20 17:57:42,7.0,3716.0,False,2.775951649682154,6.401166069929066,1.410195158304187e-05,16.179145409145256,36.118360532321525,0.675820670549109
10.0,267.0,25.0,100.0,238.0,121.0,30.3,64.3,2023-03-20 17:57:49,7.0,3723.0,False,2.774279569542413,6.534379062885375,1.4094531456070196e-05,16.16967912178092,34.02163219386246,0.6660937481044084
10.0,269.0,25.0,100.0,245.0,122.0,30.3,64.4,2023-03-20 17:57:55,6.0,3729.0,False,2.772608144798612,6.669685610562386,1.4087113672173177e-05,16.16021638149195,36.088714508424594,0.6753888069956024
10.0,255.0,25.0,100.0,247.0,120.0,30.3,64.3,2023-03-20 17:58:01,6.0,3735.0,False,2.774279569542413,5.7505128496251965,1.4094531456070196e-05,16.16967912178092,36.71057715537649,0.6566497992082501
10.0,272.0,25.0,100.0,245.0,119.0,30.3,64.2,2023-03-20 17:58:08,7.0,3742.0,False,2.775951649682154,6.887131144897593,1.410195158304187e-05,16.179145409145256,36.118360532321525,0.6474796012455035
10.0,274.0,25.0,100.0,238.0,120.0,30.3,64.2,2023-03-20 17:58:14,6.0,3748.0,False,2.775951649682154,7.031074401098292,1.410195158304187e-05,16.179145409145256,34.03560183649252,0.6568596841962714
10.0,265.0,25.0,100.0,238.0,120.0,30.3,64.2,2023-03-20 17:58:21,7.0,3755.0,False,2.775951649682154,6.401166069929066,1.410195158304187e-05,16.179145409145256,34.03560183649252,0.6568596841962714
10.0,255.0,25.0,100.0,243.0,121.0,30.3,64.1,2023-03-20 17:58:27,6.0,3761.0,False,2.7776243853367792,5.75552653247233,1.4109374053334856e-05,16.18861524416746,35.53108919036938,0.6665195784361032
10.0,262.0,25.0,100.0,233.0,121.0,30.3,64.1,2023-03-20 17:58:34,7.0,3768.0,False,2.7776243853367792,6.203860815634607,1.4109374053334856e-05,16.18861524416746,32.60182653253345,0.6665195784361032
10.0,269.0,25.0,100.0,247.0,122.0,30.3,64.1,2023-03-20 17:58:40,6.0,3774.0,False,2.7776243853367792,6.678411049636978,1.4109374053334856e-05,16.18861524416746,36.74072767395101,0.6760366376490841
10.0,265.0,25.0,100.0,243.0,120.0,30.3,64.2,2023-03-20 17:58:46,6.0,3780.0,False,2.775951649682154,6.401166069929066,1.410195158304187e-05,16.179145409145256,35.5165088057494,0.6568596841962714
10.0,262.0,25.0,100.0,245.0,120.0,30.3,64.3,2023-03-20 17:58:53,7.0,3787.0,False,2.774279569542413,6.198456585390533,1.4094531456070196e-05,16.16967912178092,36.10353603791581,0.6566497992082501
10.0,272.0,25.0,100.0,240.0,121.0,30.3,64.3,2023-03-20 17:58:59,6.0,3793.0,False,2.774279569542413,6.884130459510719,1.4094531456070196e-05,16.16967912178092,34.60969363912147,0.6660937481044084
10.0,272.0,25.0,100.0,240.0,120.0,30.3,64.4,2023-03-20 17:59:06,7.0,3800.0,False,2.772608144798612,6.881130450062735,1.4087113672173177e-05,16.16021638149195,34.59548537446796,0.6564399371099007
10.0,,92.0,,,,30.3,61.2,2023-03-20 17:59:12,6.0,3806.0,False,2.817967004717604,6.783726398746568,0.0004416210176114,16.416957096129213,35.42945960147304,0.6621142412592479
10.0,267.0,25.0,100.0,243.0,120.0,30.3,64.5,2023-03-20 17:59:19,7.0,3813.0,False,2.7709373753317976,6.528684519281717,1.4079698231104132e-05,16.1507571876958,35.472785144883154,0.656230097903546
10.0,262.0,25.0,100.0,243.0,121.0,30.3,64.5,2023-03-20 17:59:25,6.0,3819.0,False,2.7709373753317976,6.1930547896022565,1.4079698231104132e-05,16.1507571876958,35.472785144883154,0.6656680106481999
10.0,265.0,25.0,100.0,240.0,121.0,30.3,64.4,2023-03-20 17:59:31,6.0,3825.0,False,2.772608144798612,6.395588792051711,1.4087113672173177e-05,16.16021638149195,34.59548537446796,0.66588086776569
10.0,274.0,25.0,100.0,233.0,120.0,30.3,64.3,2023-03-20 17:59:38,7.0,3832.0,False,2.774279569542413,7.028011000421651,1.4094531456070196e-05,16.16967912178092,32.5750725176115,0.6566497992082501
10.0,255.0,25.0,100.0,247.0,120.0,30.3,64.3,2023-03-20 17:59:44,6.0,3838.0,False,2.774279569542413,5.7505128496251965,1.4094531456070196e-05,16.16967912178092,36.71057715537649,0.6566497992082501
10.0,272.0,25.0,100.0,245.0,120.0,30.3,64.4,2023-03-20 17:59:51,7.0,3845.0,False,2.772608144798612,6.881130450062735,1.4087113672173177e-05,16.16021638149195,36.088714508424594,0.6564399371099007
10.0,269.0,25.0,100.0,240.0,120.0,30.3,64.4,2023-03-20 17:59:57,6.0,3851.0,False,2.772608144798612,6.669685610562386,1.4087113672173177e-05,16.16021638149195,34.59548537446796,0.6564399371099007
10.0,265.0,25.0,100.0,235.0,121.0,30.3,64.4,2023-03-20 18:00:04,7.0,3858.0,False,2.772608144798612,6.395588792051711,1.4087113672173177e-05,16.16021638149195,33.13604957719635,0.66588086776569
10.0,262.0,25.0,100.0,250.0,121.0,30.3,64.3,2023-03-20 18:00:10,6.0,3864.0,False,2.774279569542413,6.198456585390533,1.4094531456070196e-05,16.16967912178092,37.63135614937661,0.6660937481044084
10.0,265.0,25.0,100.0,238.0,118.0,30.3,64.2,2023-03-20 18:00:16,6.0,3870.0,False,2.775951649682154,6.401166069929066,1.410195158304187e-05,16.179145409145256,34.03560183649252,0.6381662383897536
10.0,272.0,25.0,100.0,245.0,120.0,30.3,64.1,2023-03-20 18:00:23,7.0,3877.0,False,2.7776243853367792,6.890132506233311,1.4109374053334856e-05,16.18861524416746,36.13318799161051,0.657069592071642
10.0,260.0,25.0,100.0,243.0,120.0,30.3,64.0,2023-03-20 18:00:29,6.0,3883.0,False,2.7792977766252345,6.075791057277946,1.4116798867195772e-05,16.19808862743002,35.54567249043715,0.6572795228320397
10.0,262.0,25.0,100.0,247.0,123.0,30.3,63.9,2023-03-20 18:00:36,7.0,3890.0,False,2.780971823666463,6.209267480406226,1.4124226024871226e-05,16.20756555951542,36.77089025133669,0.6860590685902603
10.0,257.0,25.0,100.0,245.0,120.0,30.3,63.9,2023-03-20 18:00:42,6.0,3896.0,False,2.780971823666463,5.886144876656637,1.4124226024871226e-05,16.20756555951542,36.16285180471352,0.6574894764751436
10.0,255.0,25.0,100.0,247.0,122.0,30.3,63.9,2023-03-20 18:00:49,7.0,3903.0,False,2.780971823666463,5.760542473911058,1.4124226024871226e-05,16.20756555951542,36.77089025133669,0.6764686424835332
10.0,265.0,25.0,100.0,240.0,120.0,30.3,63.9,2023-03-20 18:00:55,6.0,3909.0,False,2.780971823666463,6.409536698665753,1.4124226024871226e-05,16.20756555951542,34.66655511979977,0.6574894764751436
10.0,269.0,25.0,100.0,231.0,123.0,30.3,63.8,2023-03-20 18:01:01,6.0,3915.0,False,2.7826465265793985,6.687142385401755,1.4131655526607787e-05,16.217046041006075,32.0715939627224,0.6862781691284217
10.0,265.0,25.0,100.0,240.0,119.0,30.3,63.7,2023-03-20 18:01:08,7.0,3922.0,False,2.78432188548298,6.415120259211953,1.4139087372652016e-05,16.2265300724844,34.69500291295876,0.6485143785570451
10.0,265.0,25.0,100.0,243.0,119.0,30.3,63.6,2023-03-20 18:01:14,6.0,3928.0,False,2.7859979004961337,6.41791298192933,1.4146521563250425e-05,16.236017654532763,35.60403484457287,0.6487214016757301
10.0,269.0,25.0,100.0,243.0,120.0,30.3,63.6,2023-03-20 18:01:21,7.0,3935.0,False,2.7859979004961337,6.692966551979263,1.4146521563250425e-05,16.236017654532763,35.60403484457287,0.6581194746774918
10.0,260.0,25.0,100.0,240.0,120.0,30.3,63.6,2023-03-20 18:01:27,6.0,3941.0,False,2.7859979004961337,6.086381315742246,1.4146521563250425e-05,16.236017654532763,34.709231072638595,0.6581194746774918
10.0,262.0,25.0,100.0,228.0,119.0,30.3,63.6,2023-03-20 18:01:34,7.0,3948.0,False,2.7859979004961337,6.217382042459676,1.4146521563250425e-05,16.236017654532763,31.251706180927822,0.6487214016757301
10.0,253.0,25.0,100.0,243.0,121.0,30.3,63.6,2023-03-20 18:01:40,6.0,3954.0,False,2.7859979004961337,5.644348214974311,1.4146521563250425e-05,16.236017654532763,35.60403484457287,0.6675845604719514
10.0,250.0,25.0,100.0,243.0,119.0,30.3,63.6,2023-03-20 18:01:46,6.0,3960.0,False,2.7859979004961337,5.462536935478098,1.4146521563250425e-05,16.236017654532763,35.60403484457287,0.6487214016757301
10.0,265.0,25.0,100.0,233.0,119.0,30.3,63.5,2023-03-20 18:01:53,7.0,3967.0,False,2.7876745717377878,6.420706332955222,1.41539580986495e-05,16.245508787733524,32.6821527786008,0.6489284473412068
10.0,267.0,25.0,100.0,240.0,120.0,30.3,63.5,2023-03-20 18:01:59,6.0,3973.0,False,2.7876745717377878,6.55718290195621,1.41539580986495e-05,16.245508787733524,34.72346207434548,0.6583295198282233
10.0,265.0,25.0,100.0,233.0,119.0,30.3,63.7,2023-03-20 18:02:06,7.0,3980.0,False,2.78432188548298,6.415120259211953,1.4139087372652016e-05,16.2265300724844,32.655366663253204,0.6485143785570451
10.0,255.0,25.0,100.0,238.0,120.0,30.3,63.7,2023-03-20 18:02:12,6.0,3986.0,False,2.78432188548298,5.765560674007913,1.4139087372652016e-05,16.2265300724844,34.10549195776216,0.657909452400189
10.0,262.0,25.0,100.0,243.0,121.0,30.3,63.6,2023-03-20 18:02:19,7.0,3993.0,False,2.7859979004961337,6.217382042459676,1.4146521563250425e-05,16.236017654532763,35.60403484457287,0.6675845604719514
10.0,265.0,25.0,100.0,238.0,123.0,30.3,63.6,2023-03-20 18:02:25,6.0,3999.0,False,2.7859979004961337,6.41791298192933,1.4146521563250425e-05,16.236017654532763,34.119478363434226,0.6867164418188535
10.0,265.0,25.0,100.0,228.0,122.0,30.3,63.6,2023-03-20 18:02:31,6.0,4005.0,False,2.7859979004961337,6.41791298192933,1.4146521563250425e-05,16.236017654532763,31.251706180927822,0.6771168262856442
10.0,255.0,25.0,100.0,247.0,120.0,30.3,63.7,2023-03-20 18:02:38,7.0,4012.0,False,2.78432188548298,5.765560674007913,1.4139087372652016e-05,16.2265300724844,36.80106488727982,0.657909452400189
10.0,255.0,25.0,100.0,233.0,121.0,30.3,63.8,2023-03-20 18:02:44,6.0,4018.0,False,2.7826465265793985,5.763051291623062,1.4131655526607787e-05,16.217046041006075,32.64197761803413,0.6671584980339619
10.0,272.0,25.0,100.0,233.0,121.0,30.3,63.8,2023-03-20 18:02:51,7.0,4025.0,False,2.7826465265793985,6.899140646033118,1.4131655526607787e-05,16.217046041006075,32.64197761803413,0.6671584980339619
10.0,262.0,25.0,100.0,245.0,120.0,30.3,63.9,2023-03-20 18:02:57,6.0,4031.0,False,2.780971823666463,6.209267480406226,1.4124226024871226e-05,16.20756555951542,36.16285180471352,0.6574894764751436
10.0,267.0,25.0,100.0,233.0,120.0,30.3,64.0,2023-03-20 18:03:04,7.0,4038.0,False,2.7792977766252345,6.542925690295751,1.4116798867195772e-05,16.19808862743002,32.61520755264612,0.6572795228320397
10.0,267.0,25.0,100.0,231.0,120.0,30.3,64.1,2023-03-20 18:03:10,6.0,4044.0,False,2.7776243853367792,6.540076172879033,1.4109374053334856e-05,16.18861524416746,32.03214447450791,0.657069592071642
10.0,272.0,25.0,100.0,233.0,120.0,30.3,64.2,2023-03-20 18:03:16,6.0,4050.0,False,2.775951649682154,6.887131144897593,1.410195158304187e-05,16.179145409145256,32.588448187512526,0.6568596841962714
10.0,260.0,25.0,100.0,243.0,120.0,30.3,64.3,2023-03-20 18:03:23,7.0,4057.0,False,2.774279569542413,6.067854619536208,1.4094531456070196e-05,16.16967912178092,35.50193133660791,0.6566497992082501
10.0,272.0,25.0,100.0,231.0,121.0,30.3,64.3,2023-03-20 18:03:29,6.0,4063.0,False,2.774279569542413,6.884130459510719,1.4094531456070196e-05,16.16967912178092,32.00585795738906,0.6660937481044084
10.0,260.0,25.0,100.0,240.0,121.0,30.3,64.4,2023-03-20 18:03:36,7.0,4070.0,False,2.772608144798612,6.065210331881482,1.4087113672173177e-05,16.16021638149195,34.59548537446796,0.66588086776569
10.0,269.0,25.0,100.0,238.0,120.0,30.3,64.2,2023-03-20 18:03:42,6.0,4076.0,False,2.775951649682154,6.675501914770519,1.410195158304187e-05,16.179145409145256,34.03560183649252,0.6568596841962714
10.0,265.0,25.0,100.0,252.0,121.0,30.3,63.9,2023-03-20 18:03:49,7.0,4083.0,False,2.780971823666463,6.409536698665753,1.4124226024871226e-05,16.20756555951542,38.31488206259017,0.666945501624439
10.0,265.0,25.0,100.0,243.0,122.0,30.3,63.7,2023-03-20 18:03:55,6.0,4089.0,False,2.78432188548298,6.415120259211953,1.4139087372652016e-05,16.2265300724844,35.58943988302058,0.6769007414813977
10.0,269.0,25.0,100.0,233.0,123.0,30.3,63.7,2023-03-20 18:04:01,6.0,4095.0,False,2.78432188548298,6.690054141077312,1.4139087372652016e-05,16.2265300724844,32.655366663253204,0.6864972935387594
10.0,272.0,25.0,100.0,243.0,120.0,30.3,63.7,2023-03-20 18:04:08,7.0,4102.0,False,2.78432188548298,6.9021447112637935,1.4139087372652016e-05,16.2265300724844,35.58943988302058,0.657909452400189
10.0,272.0,25.0,100.0,240.0,121.0,30.3,63.8,2023-03-20 18:04:14,6.0,4108.0,False,2.7826465265793985,6.899140646033118,1.4131655526607787e-05,16.217046041006075,34.680777595335854,0.6671584980339619
10.0,257.0,25.0,100.0,240.0,121.0,30.3,63.9,2023-03-20 18:04:21,7.0,4115.0,False,2.780971823666463,5.886144876656637,1.4124226024871226e-05,16.20756555951542,34.66655511979977,0.666945501624439
10.0,260.0,25.0,100.0,245.0,122.0,30.3,63.9,2023-03-20 18:04:27,6.0,4121.0,False,2.780971823666463,6.078437728146971,1.4124226024871226e-05,16.20756555951542,36.16285180471352,0.6764686424835332
10.0,257.0,25.0,100.0,243.0,120.0,30.3,63.8,2023-03-20 18:04:34,7.0,4128.0,False,2.7826465265793985,5.888708396427361,1.4131655526607787e-05,16.217046041006075,35.57484783679341,0.6576994529986332
10.0,260.0,25.0,100.0,235.0,120.0,30.3,63.6,2023-03-20 18:04:40,6.0,4134.0,False,2.7859979004961337,6.086381315742246,1.4146521563250425e-05,16.236017654532763,33.244996830081455,0.6581194746774918
10.0,267.0,25.0,100.0,243.0,121.0,30.3,63.5,2023-03-20 18:04:46,6.0,4140.0,False,2.7876745717377878,6.55718290195621,1.41539580986495e-05,16.245508787733524,35.61863272141965,0.6677976264957143
10.0,269.0,25.0,100.0,238.0,121.0,30.3,63.5,2023-03-20 18:04:53,7.0,4147.0,False,2.7876745717377878,6.695879618117254,1.41539580986495e-05,16.245508787733524,34.13346756284379,0.6677976264957143
10.0,267.0,25.0,100.0,240.0,122.0,30.3,63.6,2023-03-20 18:05:06,13.0,4160.0,False,2.7859979004961337,6.5543301763157125,1.4146521563250425e-05,16.236017654532763,34.709231072638595,0.6771168262856442
10.0,262.0,25.0,100.0,238.0,121.0,30.3,63.7,2023-03-20 18:05:12,6.0,4166.0,False,2.78432188548298,6.214676579777108,1.4139087372652016e-05,16.2265300724844,34.10549195776216,0.6673715176505834
10.0,274.0,25.0,100.0,233.0,120.0,30.3,63.9,2023-03-20 18:05:19,7.0,4173.0,False,2.780971823666463,7.040268743627239,1.4124226024871226e-05,16.20756555951542,32.628591247822406,0.6574894764751436
10.0,265.0,25.0,100.0,228.0,119.0,30.3,64.0,2023-03-20 18:05:25,6.0,4179.0,False,2.7792977766252345,6.40674586081843,1.4116798867195772e-05,16.19808862743002,31.200478190857616,0.6478934445045965
10.0,265.0,25.0,100.0,233.0,122.0,30.3,64.0,2023-03-20 18:05:31,6.0,4185.0,False,2.7792977766252345,6.40674586081843,1.4116798867195772e-05,16.19808862743002,32.61520755264612,0.6762526282946881
10.0,272.0,25.0,100.0,233.0,119.0,30.3,64.1,2023-03-20 18:05:38,7.0,4192.0,False,2.7776243853367792,6.890132506233311,1.4109374053334856e-05,16.18861524416746,32.60182653253345,0.6476865115959378
10.0,265.0,25.0,100.0,245.0,120.0,30.3,64.1,2023-03-20 18:05:44,6.0,4198.0,False,2.7776243853367792,6.403955651242618,1.4109374053334856e-05,16.18861524416746,36.13318799161051,0.657069592071642
10.0,272.0,25.0,100.0,250.0,122.0,30.3,64.1,2023-03-20 18:05:51,7.0,4205.0,False,2.7776243853367792,6.890132506233311,1.4109374053334856e-05,16.18861524416746,37.6622629067878,0.6760366376490841
10.0,277.0,25.0,100.0,243.0,121.0,30.3,64.2,2023-03-20 18:05:57,6.0,4211.0,False,2.775951649682154,7.251354551248728,1.410195158304187e-05,16.179145409145256,35.5165088057494,0.666306651661998
10.0,260.0,25.0,100.0,243.0,121.0,30.3,64.2,2023-03-20 18:06:04,7.0,4218.0,False,2.775951649682154,6.070499502981341,1.410195158304187e-05,16.179145409145256,35.5165088057494,0.666306651661998
10.0,277.0,25.0,100.0,233.0,119.0,30.3,64.2,2023-03-20 18:06:10,6.0,4224.0,False,2.775951649682154,7.251354551248728,1.410195158304187e-05,16.179145409145256,32.588448187512526,0.6474796012455035
10.0,265.0,25.0,100.0,238.0,120.0,30.3,64.2,2023-03-20 18:06:16,6.0,4230.0,False,2.775951649682154,6.401166069929066,1.410195158304187e-05,16.179145409145256,34.03560183649252,0.6568596841962714
10.0,269.0,25.0,100.0,240.0,121.0,30.3,64.1,2023-03-20 18:06:23,7.0,4237.0,False,2.7776243853367792,6.678411049636978,1.4109374053334856e-05,16.18861524416746,34.6381186951076,0.6665195784361032
10.0,274.0,25.0,100.0,233.0,123.0,30.3,63.9,2023-03-20 18:06:29,6.0,4243.0,False,2.780971823666463,7.040268743627239,1.4124226024871226e-05,16.20756555951542,32.628591247822406,0.6860590685902603
10.0,277.0,25.0,100.0,231.0,122.0,30.3,63.7,2023-03-20 18:06:36,7.0,4250.0,False,2.78432188548298,7.267162104569489,1.4139087372652016e-05,16.2265300724844,32.08474904869297,0.6769007414813977
10.0,269.0,25.0,100.0,238.0,122.0,30.3,63.7,2023-03-20 18:06:42,6.0,4256.0,False,2.78432188548298,6.690054141077312,1.4139087372652016e-05,16.2265300724844,34.10549195776216,0.6769007414813977
10.0,262.0,25.0,100.0,243.0,121.0,30.3,63.7,2023-03-20 18:06:49,7.0,4263.0,False,2.78432188548298,6.214676579777108,1.4139087372652016e-05,16.2265300724844,35.58943988302058,0.6673715176505834
10.0,269.0,25.0,100.0,245.0,122.0,30.3,64.0,2023-03-20 18:06:55,6.0,4269.0,False,2.7792977766252345,6.681320839691235,1.4116798867195772e-05,16.19808862743002,36.14801841575157,0.6762526282946881
10.0,269.0,25.0,100.0,233.0,120.0,30.3,64.2,2023-03-20 18:07:01,6.0,4275.0,False,2.775951649682154,6.675501914770519,1.410195158304187e-05,16.179145409145256,32.588448187512526,0.6568596841962714
10.0,265.0,25.0,100.0,247.0,123.0,30.3,64.3,2023-03-20 18:07:08,7.0,4282.0,False,2.774279569542413,6.3983771168685175,1.4094531456070196e-05,16.16967912178092,36.71057715537649,0.6851829052077987
10.0,277.0,25.0,100.0,243.0,121.0,30.3,64.5,2023-03-20 18:07:14,6.0,4288.0,False,2.7709373753317976,7.24187855969397,1.4079698231104132e-05,16.1507571876958,35.472785144883154,0.6656680106481999
9.0,,92.0,140.8,233.0,119.0,30.3,61.2,2023-03-20 18:07:21,7.0,4295.0,False,2.0785073812759505,6.890480596309313,0.0004416210176114,43.50138384415975,32.92370927590109,0.652659122220399
10.0,265.0,25.0,100.0,240.0,121.0,30.3,64.5,2023-03-20 18:07:27,6.0,4301.0,False,2.7709373753317976,6.39280109546939,1.4079698231104132e-05,16.1507571876958,34.58127995208072,0.6656680106481999
10.0,265.0,25.0,100.0,247.0,120.0,30.3,64.2,2023-03-20 18:07:34,7.0,4308.0,False,2.775951649682154,6.401166069929066,1.410195158304187e-05,16.179145409145256,36.7256509072965,0.6568596841962714
10.0,265.0,25.0,100.0,245.0,123.0,30.3,64.1,2023-03-20 18:07:40,6.0,4314.0,False,2.7776243853367792,6.403955651242618,1.4109374053334856e-05,16.18861524416746,36.13318799161051,0.6856209391401491
10.0,272.0,25.0,100.0,240.0,120.0,30.3,64.1,2023-03-20 18:07:46,6.0,4320.0,False,2.7776243853367792,6.890132506233311,1.4109374053334856e-05,16.18861524416746,34.6381186951076,0.657069592071642
10.0,260.0,25.0,100.0,243.0,121.0,30.3,64.1,2023-03-20 18:07:53,7.0,4327.0,False,2.7776243853367792,6.07314498222566,1.4109374053334856e-05,16.18861524416746,35.53108919036938,0.6665195784361032
9.0,,92.0,,208.0,120.0,30.3,61.2,2023-03-20 18:07:59,6.0,4333.0,False,2.0785073812759505,6.713269114160251,0.0004416210176114,16.416957096129213,26.11911654561553,0.6621142412592479
10.0,277.0,25.0,100.0,240.0,120.0,30.3,64.1,2023-03-20 18:08:06,7.0,4340.0,False,2.7776243853367792,7.254514638478637,1.4109374053334856e-05,16.18861524416746,34.6381186951076,0.657069592071642
10.0,265.0,25.0,100.0,245.0,120.0,30.3,64.2,2023-03-20 18:08:12,6.0,4346.0,False,2.775951649682154,6.401166069929066,1.410195158304187e-05,16.179145409145256,36.118360532321525,0.6568596841962714
9.0,265.0,92.0,,,,30.3,61.2,2023-03-20 18:08:19,7.0,4353.0,False,2.0785073812759505,6.471094102708655,0.0004416210176114,16.416957096129213,35.42945960147304,0.666867072656525
10.0,269.0,25.0,100.0,238.0,121.0,30.3,64.1,2023-03-20 18:08:25,6.0,4359.0,False,2.7776243853367792,6.678411049636978,1.4109374053334856e-05,16.18861524416746,34.04957427303639,0.6665195784361032
10.0,277.0,25.0,100.0,233.0,120.0,30.3,64.0,2023-03-20 18:08:31,6.0,4365.0,False,2.7792977766252345,7.257675437415184,1.4116798867195772e-05,16.19808862743002,32.61520755264612,0.6572795228320397
10.0,274.0,25.0,100.0,240.0,120.0,30.3,64.2,2023-03-20 18:08:38,7.0,4372.0,False,2.775951649682154,7.031074401098292,1.410195158304187e-05,16.179145409145256,34.62390474601132,0.6568596841962714
10.0,269.0,25.0,100.0,243.0,120.0,30.3,64.1,2023-03-20 18:08:44,6.0,4378.0,False,2.7776243853367792,6.678411049636978,1.4109374053334856e-05,16.18861524416746,35.53108919036938,0.657069592071642
10.0,277.0,25.0,100.0,233.0,121.0,30.3,63.9,2023-03-20 18:08:51,7.0,4385.0,False,2.780971823666463,7.260836948068852,1.4124226024871226e-05,16.20756555951542,32.628591247822406,0.666945501624439
10.0,255.0,25.0,100.0,243.0,120.0,30.3,63.8,2023-03-20 18:08:57,6.0,4391.0,False,2.7826465265793985,5.763051291623062,1.4131655526607787e-05,16.217046041006075,35.57484783679341,0.6576994529986332
10.0,272.0,25.0,100.0,238.0,122.0,30.3,63.7,2023-03-20 18:09:04,7.0,4398.0,False,2.78432188548298,6.9021447112637935,1.4139087372652016e-05,16.2265300724844,34.10549195776216,0.6769007414813977
10.0,255.0,25.0,100.0,240.0,120.0,30.3,63.6,2023-03-20 18:09:10,6.0,4404.0,False,2.7859979004961337,5.768070621073924,1.4146521563250425e-05,16.236017654532763,34.709231072638595,0.6581194746774918
10.0,269.0,25.0,100.0,247.0,120.0,30.3,63.5,2023-03-20 18:09:16,6.0,4410.0,False,2.7876745717377878,6.695879618117254,1.41539580986495e-05,16.245508787733524,36.831251581526764,0.6583295198282233
10.0,267.0,25.0,100.0,223.0,123.0,30.3,63.5,2023-03-20 18:09:23,7.0,4417.0,False,2.7876745717377878,6.55718290195621,1.41539580986495e-05,16.245508787733524,29.880400797734715,0.6869356139662854
10.0,267.0,25.0,100.0,238.0,121.0,30.3,63.4,2023-03-20 18:09:29,6.0,4423.0,False,2.7893518993268667,6.560036269269797,1.4161396979095731e-05,16.255003472669017,34.1474595559615,0.6680107157195212
9.0,,925.0,,,,30.3,61.2,2023-03-20 18:09:36,7.0,4430.0,False,2.0785073812759505,6.67825265935415,39.37708026076351,16.416957096129213,34.38575084788468,0.6764233839677005
10.0,269.0,25.0,100.0,238.0,122.0,30.3,63.4,2023-03-20 18:09:42,6.0,4436.0,False,2.7893518993268667,6.698793339500925,1.4161396979095731e-05,16.255003472669017,34.1474595559615,0.6775490664928404
10.0,255.0,25.0,100.0,243.0,122.0,30.3,63.3,2023-03-20 18:09:49,7.0,4443.0,False,2.7910298833822917,5.775603850442013,1.416883820483556e-05,16.264501709921536,35.64783722087414,0.6777652218910221
10.0,257.0,25.0,100.0,243.0,120.0,30.3,63.4,2023-03-20 18:09:55,6.0,4449.0,False,2.7893518993268667,5.8989682454444745,1.4161396979095731e-05,16.255003472669017,35.63323351353029,0.6585395878500664
10.0,267.0,25.0,100.0,243.0,120.0,30.3,63.3,2023-03-20 18:10:01,6.0,4455.0,False,2.7910298833822917,6.562890278265919,1.416883820483556e-05,16.264501709921536,35.64783722087414,0.6587496787407038
10.0,260.0,25.0,100.0,245.0,121.0,30.3,63.3,2023-03-20 18:10:08,7.0,4462.0,False,2.7910298833822917,6.094330266003989,1.416883820483556e-05,16.264501709921536,36.25191439797755,0.6682238281410221
10.0,255.0,25.0,100.0,247.0,120.0,30.3,63.2,2023-03-20 18:10:14,6.0,4468.0,False,2.7927085240229776,5.778116056315758,1.4176281776115403e-05,16.27400350007336,36.876554231662304,0.6589597924978199
10.0,257.0,25.0,100.0,238.0,122.0,30.3,63.1,2023-03-20 18:10:21,7.0,4475.0,False,2.794387821367839,5.906669190875975,1.4183727693181649e-05,16.28350884370671,34.1894522972699,0.6781976032646377
10.0,257.0,25.0,100.0,240.0,120.0,30.3,63.0,2023-03-20 18:10:27,6.0,4481.0,False,2.796067775535786,5.909237326763864,1.4191175956280669e-05,16.29301774140383,34.79465971224037,0.6593800886022265
10.0,269.0,25.0,100.0,233.0,120.0,30.3,63.0,2023-03-20 18:10:34,7.0,4488.0,False,2.796067775535786,6.7104547776851735,1.4191175956280669e-05,16.29301774140383,32.74916487762982,0.6593800886022265
10.0,267.0,25.0,100.0,223.0,119.0,30.3,63.0,2023-03-20 18:10:40,6.0,4494.0,False,2.796067775535786,6.571456155443841,1.4191175956280669e-05,16.29301774140383,29.94166813195377,0.6499640137905389
10.0,269.0,25.0,100.0,231.0,122.0,30.3,63.0,2023-03-20 18:10:46,6.0,4500.0,False,2.796067775535786,6.7104547776851735,1.4191175956280669e-05,16.29301774140383,32.176908239570345,0.678413829235308
10.0,260.0,25.0,100.0,233.0,120.0,30.3,63.0,2023-03-20 18:10:53,7.0,4507.0,False,2.796067775535786,6.102284579168903,1.4191175956280669e-05,16.29301774140383,32.74916487762982,0.6593800886022265
10.0,272.0,25.0,100.0,223.0,120.0,30.3,63.1,2023-03-20 18:11:06,13.0,4520.0,False,2.794387821367839,6.920183298967106,1.4183727693181649e-05,16.28350884370671,29.92940977404592,0.6591699291190991
10.0,260.0,25.0,100.0,238.0,120.0,30.3,63.3,2023-03-20 18:11:12,6.0,4526.0,False,2.7910298833822917,6.094330266003989,1.416883820483556e-05,16.264501709921536,34.161454342757985,0.6587496787407038
10.0,260.0,25.0,100.0,240.0,123.0,30.3,63.3,2023-03-20 18:11:25,13.0,4539.0,False,2.7910298833822917,6.094330266003989,1.416883820483556e-05,16.264501709921536,34.75193260372091,0.6873740298534894
10.0,,92.0,,,,30.3,61.2,2023-03-20 18:11:31,6.0,4545.0,False,2.817967004717604,6.302259722940538,0.0004416210176114,16.416957096129213,33.65047815720163,0.6860473681340767
10.0,265.0,25.0,100.0,231.0,122.0,30.3,63.1,2023-03-20 18:11:38,7.0,4552.0,False,2.794387821367839,6.431886020328816,1.4183727693181649e-05,16.28350884370671,32.16373475652224,0.6781976032646377
10.0,262.0,25.0,100.0,243.0,120.0,30.3,63.1,2023-03-20 18:11:44,6.0,4558.0,False,2.794387821367839,6.230918486202088,1.4183727693181649e-05,16.28350884370671,35.67705338113898,0.6591699291190991
10.0,260.0,25.0,100.0,240.0,120.0,30.3,63.1,2023-03-20 18:11:51,7.0,4565.0,False,2.794387821367839,6.09963254555453,1.4183727693181649e-05,16.28350884370671,34.78041450084618,0.6591699291190991
10.0,265.0,25.0,100.0,240.0,120.0,30.3,63.0,2023-03-20 18:11:57,6.0,4571.0,False,2.796067775535786,6.434682513035932,1.4191175956280669e-05,16.29301774140383,34.79465971224037,0.6593800886022265
10.0,262.0,25.0,100.0,226.0,120.0,30.3,62.9,2023-03-20 18:12:04,7.0,4578.0,False,2.7977483866457247,6.2363373246866365,1.41986265656588e-05,16.302530193746897,30.78242148361892,0.6595902709448888
10.0,262.0,25.0,100.0,240.0,120.0,30.3,63.0,2023-03-20 18:12:10,6.0,4584.0,False,2.796067775535786,6.2336276010791565,1.4191175956280669e-05,16.29301774140383,34.79465971224037,0.6593800886022265
10.0,265.0,25.0,100.0,238.0,122.0,30.3,63.0,2023-03-20 18:12:16,6.0,4590.0,False,2.796067775535786,6.434682513035932,1.4191175956280669e-05,16.29301774140383,34.203455464926634,0.678413829235308
10.0,272.0,25.0,100.0,231.0,120.0,30.3,63.0,2023-03-20 18:12:23,7.0,4597.0,False,2.796067775535786,6.923192096397016,1.4191175956280669e-05,16.29301774140383,32.176908239570345,0.6593800886022265
10.0,26.0,,,,,30.3,61.2,2023-03-20 18:12:29,6.0,4603.0,False,2.817967004717604,0.0300240907840354,1.4288216977600418e-05,16.416957096129213,34.38575084788468,0.666867072656525
10.0,255.0,25.0,100.0,245.0,121.0,30.3,62.9,2023-03-20 18:12:36,7.0,4610.0,False,2.7977483866457247,5.785656062306393,1.41986265656588e-05,16.302530193746897,36.31134875262319,0.6690765097569885
10.0,260.0,25.0,100.0,233.0,118.0,30.3,62.9,2023-03-20 18:12:42,6.0,4616.0,False,2.7977483866457247,6.104937208687688,1.41986265656588e-05,16.302530193746897,32.76257532189541,0.6408191158853395
10.0,265.0,25.0,100.0,238.0,119.0,30.3,62.9,2023-03-20 18:12:49,7.0,4623.0,False,2.7977483866457247,6.437479634107007,1.41986265656588e-05,16.302530193746897,34.21746142614479,0.6501711946888191
10.0,272.0,25.0,100.0,226.0,118.0,30.3,62.9,2023-03-20 18:12:55,6.0,4629.0,False,2.7977483866457247,6.926201569895159,1.41986265656588e-05,16.302530193746897,30.78242148361892,0.6408191158853395
10.0,267.0,25.0,100.0,226.0,120.0,30.3,63.0,2023-03-20 18:13:01,6.0,4635.0,False,2.796067775535786,6.571456155443841,1.4191175956280669e-05,16.29301774140383,30.769821559967923,0.6593800886022265
10.0,267.0,25.0,100.0,228.0,122.0,30.3,63.1,2023-03-20 18:13:08,7.0,4642.0,False,2.794387821367839,6.568600221343504,1.4183727693181649e-05,16.28350884370671,31.315798744045654,0.6781976032646377
10.0,269.0,25.0,100.0,221.0,120.0,30.3,63.1,2023-03-20 18:13:14,6.0,4648.0,False,2.794387821367839,6.707538435222404,1.4183727693181649e-05,16.28350884370671,29.38421642676555,0.6591699291190991
10.0,260.0,25.0,100.0,238.0,120.0,30.3,63.0,2023-03-20 18:13:21,7.0,4655.0,False,2.796067775535786,6.102284579168903,1.4191175956280669e-05,16.29301774140383,34.203455464926634,0.6593800886022265
10.0,269.0,25.0,100.0,231.0,119.0,30.3,62.9,2023-03-20 18:13:27,6.0,4661.0,False,2.7977483866457247,6.713371775441806,1.41986265656588e-05,16.302530193746897,32.19008435066198,0.6501711946888191
10.0,272.0,25.0,100.0,231.0,120.0,30.3,62.9,2023-03-20 18:13:34,7.0,4668.0,False,2.7977483866457247,6.926201569895159,1.41986265656588e-05,16.302530193746897,32.19008435066198,0.6595902709448888
10.0,267.0,25.0,100.0,240.0,121.0,30.3,62.9,2023-03-20 18:13:40,6.0,4674.0,False,2.7977483866457247,6.574312731264451,1.41986265656588e-05,16.302530193746897,34.80890776548247,0.6690765097569885
10.0,267.0,25.0,100.0,233.0,123.0,30.3,62.8,2023-03-20 18:13:46,6.0,4680.0,False,2.7994296548165574,6.577169948814766,1.4206079521562367e-05,16.312046201318093,32.7759884409154,0.6884704870807246
10.0,265.0,25.0,100.0,226.0,121.0,30.3,62.7,2023-03-20 18:13:53,7.0,4687.0,False,2.801111580167185,6.443075761377984,1.421353482423766e-05,16.321565764699535,30.80762887017524,0.6695029896900858
10.0,267.0,25.0,100.0,233.0,120.0,30.3,62.8,2023-03-20 18:13:59,6.0,4693.0,False,2.7994296548165574,6.577169948814766,1.4206079521562367e-05,16.312046201318093,32.7759884409154,0.6598004761447722
10.0,255.0,25.0,100.0,238.0,120.0,30.3,62.9,2023-03-20 18:14:06,7.0,4700.0,False,2.7977483866457247,5.785656062306393,1.41986265656588e-05,16.302530193746897,34.21746142614479,0.6595902709448888
10.0,272.0,25.0,100.0,228.0,120.0,30.3,62.9,2023-03-20 18:14:12,6.0,4706.0,False,2.7977483866457247,6.926201569895159,1.41986265656588e-05,16.302530193746897,31.341453680989822,0.6595902709448888
10.0,262.0,25.0,100.0,238.0,122.0,30.3,62.9,2023-03-20 18:14:19,7.0,4713.0,False,2.7977483866457247,6.2363373246866365,1.41986265656588e-05,16.302530193746897,34.21746142614479,0.6786300787253787
10.0,255.0,25.0,100.0,243.0,121.0,30.3,62.9,2023-03-20 18:14:25,6.0,4719.0,False,2.7977483866457247,5.785656062306393,1.41986265656588e-05,16.302530193746897,35.706281201969226,0.6690765097569885
10.0,265.0,25.0,100.0,243.0,120.0,30.3,62.9,2023-03-20 18:14:31,6.0,4725.0,False,2.7977483866457247,6.437479634107007,1.41986265656588e-05,16.302530193746897,35.706281201969226,0.6595902709448888
10.0,262.0,25.0,100.0,231.0,121.0,30.3,62.9,2023-03-20 18:14:38,7.0,4732.0,False,2.7977483866457247,6.2363373246866365,1.41986265656588e-05,16.302530193746897,32.19008435066198,0.6690765097569885
10.0,260.0,25.0,100.0,233.0,120.0,30.3,62.9,2023-03-20 18:14:44,6.0,4738.0,False,2.7977483866457247,6.104937208687688,1.41986265656588e-05,16.302530193746897,32.76257532189541,0.6595902709448888
10.0,262.0,25.0,100.0,240.0,120.0,30.3,62.9,2023-03-20 18:14:51,7.0,4745.0,False,2.7977483866457247,6.2363373246866365,1.41986265656588e-05,16.302530193746897,34.80890776548247,0.6595902709448888
10.0,262.0,25.0,100.0,233.0,122.0,30.3,62.8,2023-03-20 18:14:57,6.0,4751.0,False,2.7994296548165574,6.239047657033478,1.4206079521562367e-05,16.312046201318093,32.7759884409154,0.67884635173247
10.0,255.0,25.0,100.0,240.0,119.0,30.3,62.7,2023-03-20 18:15:04,7.0,4758.0,False,2.801111580167185,5.790685556691002,1.421353482423766e-05,16.321565764699535,34.837412397391134,0.6505856240755473
10.0,267.0,25.0,100.0,223.0,120.0,30.3,62.7,2023-03-20 18:15:10,6.0,4764.0,False,2.801111580167185,6.5800278081042185,1.421353482423766e-05,16.321565764699535,29.978457878458563,0.6600107041995649
10.0,267.0,25.0,100.0,233.0,122.0,30.3,62.7,2023-03-20 18:15:16,6.0,4770.0,False,2.801111580167185,6.5800278081042185,1.421353482423766e-05,16.321565764699535,32.78940423466171,0.6790626482542028
10.0,265.0,25.0,100.0,223.0,120.0,30.3,62.7,2023-03-20 18:15:23,7.0,4777.0,False,2.801111580167185,6.443075761377984,1.421353482423766e-05,16.321565764699535,29.978457878458563,0.6600107041995649
9.0,,92.0,,,,30.3,61.2,2023-03-20 18:15:29,6.0,4783.0,False,2.0785073812759505,6.608641698724267,0.0004416210176114,16.416957096129213,30.79421396453818,0.6573782647124231
10.0,269.0,25.0,100.0,228.0,119.0,30.3,62.8,2023-03-20 18:15:36,7.0,4790.0,False,2.7994296548165574,6.71628942850193,1.4206079521562367e-05,16.312046201318093,31.35428498757522,0.6503783981179149
10.0,262.0,25.0,100.0,240.0,120.0,30.3,62.7,2023-03-20 18:15:42,6.0,4796.0,False,2.801111580167185,6.241758598128619,1.421353482423766e-05,16.321565764699535,34.837412397391134,0.6600107041995649
10.0,255.0,25.0,100.0,240.0,120.0,30.2,62.7,2023-03-20 18:15:49,7.0,4803.0,False,2.8053192694856013,5.796975601478149,1.4232183349668192e-05,16.34538023364306,34.873059172140216,0.6605363743116031
10.0,262.0,25.0,100.0,240.0,120.0,30.3,62.8,2023-03-20 18:15:55,6.0,4809.0,False,2.7994296548165574,6.239047657033478,1.4206079521562367e-05,16.312046201318093,34.82315866054267,0.6598004761447722
10.0,272.0,25.0,100.0,228.0,120.0,30.3,62.7,2023-03-20 18:16:01,6.0,4815.0,False,2.801111580167185,6.932222545135875,1.421353482423766e-05,16.321565764699535,31.367118852867023,0.6600107041995649
10.0,260.0,25.0,100.0,238.0,122.0,30.3,62.8,2023-03-20 18:16:08,7.0,4822.0,False,2.7994296548165574,6.107590434119645,1.4206079521562367e-05,16.312046201318093,34.231470180895016,0.67884635173247
10.0,253.0,25.0,100.0,238.0,120.0,30.3,62.7,2023-03-20 18:16:14,6.0,4828.0,False,2.801111580167185,5.66647807084252,1.421353482423766e-05,16.321565764699535,34.245481729148025,0.6600107041995649
10.0,272.0,25.0,100.0,235.0,120.0,30.3,62.7,2023-03-20 18:16:21,7.0,4835.0,False,2.801111580167185,6.932222545135875,1.421353482423766e-05,16.321565764699535,33.3677707321064,0.6600107041995649
10.0,269.0,25.0,100.0,223.0,121.0,30.3,62.8,2023-03-20 18:16:27,6.0,4841.0,False,2.7994296548165574,6.71628942850193,1.4206079521562367e-05,16.312046201318093,29.96619218418576,0.6692897381317328
10.0,265.0,25.0,100.0,238.0,120.0,30.3,62.9,2023-03-20 18:16:34,7.0,4848.0,False,2.7977483866457247,6.437479634107007,1.41986265656588e-05,16.302530193746897,34.21746142614479,0.6595902709448888
10.0,262.0,25.0,100.0,228.0,120.0,30.3,62.9,2023-03-20 18:16:40,6.0,4854.0,False,2.7977483866457247,6.2363373246866365,1.41986265656588e-05,16.302530193746897,31.341453680989822,0.6595902709448888
10.0,262.0,25.0,100.0,238.0,120.0,30.3,62.9,2023-03-20 18:16:46,6.0,4860.0,False,2.7977483866457247,6.2363373246866365,1.41986265656588e-05,16.302530193746897,34.21746142614479,0.6595902709448888
9.0,257.0,92.0,,,,30.3,61.2,2023-03-20 18:16:53,7.0,4867.0,False,2.0785073812759505,5.942675608199656,0.0004416210176114,16.416957096129213,32.205423000054495,0.6621142412592479
10.0,267.0,25.0,100.0,223.0,120.0,30.3,61.2,2023-03-20 18:16:59,6.0,4873.0,False,2.817967004717604,6.608641698724267,1.4288216977600418e-05,16.416957096129213,30.10124931415666,0.6621142412592479
10.0,265.0,25.0,100.0,223.0,120.0,30.3,62.8,2023-03-20 18:17:06,7.0,4880.0,False,2.7994296548165574,6.4402773835512805,1.4206079521562367e-05,16.312046201318093,29.96619218418576,0.6598004761447722
10.0,265.0,25.0,100.0,238.0,122.0,30.3,62.8,2023-03-20 18:17:12,6.0,4886.0,False,2.7994296548165574,6.4402773835512805,1.4206079521562367e-05,16.312046201318093,34.231470180895016,0.67884635173247
10.0,262.0,25.0,100.0,238.0,119.0,30.3,62.9,2023-03-20 18:17:19,7.0,4893.0,False,2.7977483866457247,6.2363373246866365,1.41986265656588e-05,16.302530193746897,34.21746142614479,0.6501711946888191
10.0,265.0,25.0,100.0,231.0,120.0,30.3,63.0,2023-03-20 18:17:25,6.0,4899.0,False,2.796067775535786,6.434682513035932,1.4191175956280669e-05,16.29301774140383,32.176908239570345,0.6593800886022265
10.0,269.0,25.0,100.0,240.0,123.0,30.3,63.1,2023-03-20 18:17:31,6.0,4905.0,False,2.794387821367839,6.707538435222404,1.4183727693181649e-05,16.28350884370671,34.78041450084618,0.6878125411810353
10.0,265.0,25.0,100.0,233.0,123.0,30.3,63.1,2023-03-20 18:17:38,7.0,4912.0,False,2.794387821367839,6.431886020328816,1.4183727693181649e-05,16.28350884370671,32.735757108146714,0.6878125411810353
10.0,257.0,25.0,100.0,231.0,120.0,30.3,63.0,2023-03-20 18:17:44,6.0,4918.0,False,2.796067775535786,5.909237326763864,1.4191175956280669e-05,16.29301774140383,32.176908239570345,0.6593800886022265
10.0,265.0,25.0,100.0,221.0,121.0,30.3,62.9,2023-03-20 18:17:51,7.0,4925.0,False,2.7977483866457247,6.437479634107007,1.41986265656588e-05,16.302530193746897,29.40828894765968,0.6690765097569885
10.0,260.0,925.0,,,,30.3,61.2,2023-03-20 18:17:57,6.0,4931.0,False,2.817967004717604,6.136815246643597,39.37708026076351,16.416957096129213,30.239169674494768,0.6621142412592479
10.0,262.0,25.0,100.0,226.0,119.0,30.3,62.8,2023-03-20 18:18:04,7.0,4938.0,False,2.7994296548165574,6.239047657033478,1.4206079521562367e-05,16.312046201318093,30.79502392036348,0.6503783981179149
10.0,274.0,25.0,100.0,221.0,120.0,30.3,62.9,2023-03-20 18:18:10,6.0,4944.0,False,2.7977483866457247,7.070961410545459,1.41986265656588e-05,16.302530193746897,29.40828894765968,0.6595902709448888
10.0,265.0,25.0,100.0,233.0,120.0,30.3,63.0,2023-03-20 18:18:16,6.0,4950.0,False,2.796067775535786,6.434682513035932,1.4191175956280669e-05,16.29301774140383,32.74916487762982,0.6593800886022265
10.0,269.0,25.0,100.0,226.0,121.0,30.3,63.2,2023-03-20 18:18:23,7.0,4957.0,False,2.7927085240229776,6.704622748043862,1.4176281776115403e-05,16.27400350007336,30.744629252052164,0.6684369637578677
10.0,262.0,25.0,100.0,238.0,121.0,30.3,63.4,2023-03-20 18:18:29,6.0,4963.0,False,2.7893518993268667,6.222794793863862,1.4161396979095731e-05,16.255003472669017,34.1474595559615,0.6680107157195212
10.0,277.0,25.0,100.0,231.0,119.0,30.3,63.5,2023-03-20 18:18:42,13.0,4976.0,False,2.7876745717377878,7.273490108064372,1.41539580986495e-05,16.245508787733524,32.111067105316856,0.6489284473412068
10.0,262.0,25.0,100.0,243.0,119.0,30.3,63.6,2023-03-20 18:18:49,7.0,4983.0,False,2.7859979004961337,6.217382042459676,1.4146521563250425e-05,16.236017654532763,35.60403484457287,0.6487214016757301
10.0,272.0,25.0,100.0,228.0,121.0,30.3,63.7,2023-03-20 18:18:55,6.0,4989.0,False,2.78432188548298,6.9021447112637935,1.4139087372652016e-05,16.2265300724844,31.23889534496091,0.6673715176505834
10.0,269.0,25.0,100.0,233.0,120.0,30.2,63.6,2023-03-20 18:19:01,6.0,4995.0,False,2.790190809288853,6.7002504459129,1.4165117298788544e-05,16.259752147219256,32.70224938679658,0.6586446304369307
10.0,265.0,25.0,100.0,240.0,123.0,30.3,63.4,2023-03-20 18:19:08,7.0,5002.0,False,2.7893518993268667,6.423500312298872,1.4161396979095731e-05,16.255003472669017,34.73769591804953,0.6871548099786364
10.0,265.0,25.0,100.0,243.0,120.0,30.2,63.1,2023-03-20 18:19:14,6.0,5008.0,False,2.798588938591098,6.438878430281916,1.4202352750279511e-05,16.307287753092595,35.71358997911142,0.6596953706878224
10.0,260.0,25.0,100.0,238.0,122.0,30.3,63.0,2023-03-20 18:19:21,7.0,5015.0,False,2.796067775535786,6.102284579168903,1.4191175956280669e-05,16.29301774140383,34.203455464926634,0.678413829235308
10.0,262.0,25.0,100.0,223.0,120.0,30.3,63.0,2023-03-20 18:19:27,6.0,5021.0,False,2.796067775535786,6.2336276010791565,1.4191175956280669e-05,16.29301774140383,29.94166813195377,0.6593800886022265
10.0,262.0,25.0,100.0,233.0,118.0,30.3,62.9,2023-03-20 18:19:34,7.0,5028.0,False,2.7977483866457247,6.2363373246866365,1.41986265656588e-05,16.302530193746897,32.76257532189541,0.6408191158853395
10.0,269.0,25.0,100.0,218.0,120.0,30.3,62.9,2023-03-20 18:19:40,6.0,5034.0,False,2.7977483866457247,6.713371775441806,1.41986265656588e-05,16.302530193746897,28.59983517433284,0.6595902709448888
10.0,265.0,25.0,100.0,226.0,120.0,30.3,62.9,2023-03-20 18:19:46,6.0,5040.0,False,2.7977483866457247,6.437479634107007,1.41986265656588e-05,16.302530193746897,30.78242148361892,0.6595902709448888
10.0,265.0,25.0,100.0,233.0,120.0,30.2,62.9,2023-03-20 18:19:53,7.0,5047.0,False,2.801952789322076,6.44447518593763,1.4217263355691648e-05,16.32632688000102,32.79611313454845,0.6601158267968292
10.0,262.0,25.0,100.0,231.0,120.0,30.3,62.8,2023-03-20 18:19:59,6.0,5053.0,False,2.7994296548165574,6.239047657033478,1.4206079521562367e-05,16.312046201318093,32.20326308976952,0.6598004761447722
10.0,262.0,25.0,100.0,228.0,119.0,30.3,62.8,2023-03-20 18:20:06,7.0,5060.0,False,2.7994296548165574,6.239047657033478,1.4206079521562367e-05,16.312046201318093,31.35428498757522,0.6503783981179149
10.0,267.0,25.0,100.0,228.0,120.0,30.2,62.8,2023-03-20 18:20:12,6.0,5066.0,False,2.8036357006653256,6.5843158003198905,1.4224722178986254e-05,16.33585177818929,31.38637444832048,0.6603260891296505
9.0,,925.0,140.8,211.0,120.0,30.3,61.2,2023-03-20 18:20:19,7.0,5073.0,False,2.0785073812759505,6.20258995539127,39.37708026076351,43.50138384415975,26.891567260479658,0.6621142412592479
10.0,255.0,25.0,100.0,238.0,120.0,30.3,63.0,2023-03-20 18:20:25,6.0,5079.0,False,2.796067775535786,5.783142162239646,1.4191175956280669e-05,16.29301774140383,34.203455464926634,0.6593800886022265
10.0,255.0,25.0,100.0,240.0,119.0,30.3,63.0,2023-03-20 18:20:31,6.0,5085.0,False,2.796067775535786,5.783142162239646,1.4191175956280669e-05,16.29301774140383,34.79465971224037,0.6499640137905389
10.0,255.0,25.0,100.0,223.0,120.0,30.3,62.8,2023-03-20 18:20:38,7.0,5092.0,False,2.7994296548165574,5.788170527120746,1.4206079521562367e-05,16.312046201318093,29.96619218418576,0.6598004761447722
10.0,265.0,25.0,100.0,223.0,119.0,30.3,62.8,2023-03-20 18:20:44,6.0,5098.0,False,2.7994296548165574,6.4402773835512805,1.4206079521562367e-05,16.312046201318093,29.96619218418576,0.6503783981179149
10.0,253.0,25.0,100.0,231.0,122.0,30.3,62.9,2023-03-20 18:20:51,7.0,5105.0,False,2.7977483866457247,5.6615564567505805,1.41986265656588e-05,16.302530193746897,32.19008435066198,0.6786300787253787
10.0,265.0,25.0,100.0,223.0,120.0,30.2,62.8,2023-03-20 18:20:57,6.0,5111.0,False,2.8036357006653256,6.447274506355285,1.4224722178986254e-05,16.33585177818929,29.996861004991604,0.6603260891296505
10.0,253.0,25.0,100.0,238.0,120.0,30.3,62.9,2023-03-20 18:21:04,7.0,5118.0,False,2.7977483866457247,5.6615564567505805,1.41986265656588e-05,16.302530193746897,34.21746142614479,0.6595902709448888
10.0,255.0,25.0,100.0,238.0,121.0,30.3,63.1,2023-03-20 18:21:10,6.0,5124.0,False,2.794387821367839,5.780628826912201,1.4183727693181649e-05,16.28350884370671,34.1894522972699,0.6686501225677091
10.0,262.0,25.0,100.0,238.0,123.0,30.3,63.3,2023-03-20 18:21:16,6.0,5130.0,False,2.7910298833822917,6.225502082603389,1.416883820483556e-05,16.264501709921536,34.161454342757985,0.6873740298534894
10.0,272.0,25.0,100.0,221.0,120.0,30.3,63.3,2023-03-20 18:21:23,7.0,5137.0,False,2.7910298833822917,6.914167732272212,1.416883820483556e-05,16.264501709921536,29.36015350970764,0.6587496787407038
10.0,269.0,25.0,100.0,223.0,120.0,30.3,63.3,2023-03-20 18:21:29,6.0,5143.0,False,2.7910298833822917,6.701707716139913,1.416883820483556e-05,16.264501709921536,29.9049003947749,0.6587496787407038
10.0,272.0,25.0,100.0,233.0,121.0,30.2,63.2,2023-03-20 18:21:36,7.0,5150.0,False,2.7969079989655743,6.924696748636937,1.4194900967669448e-05,16.297773523208242,32.75586976541656,0.6689699042642023
10.0,269.0,25.0,100.0,233.0,122.0,30.3,63.1,2023-03-20 18:21:42,6.0,5156.0,False,2.794387821367839,6.707538435222404,1.4183727693181649e-05,16.28350884370671,32.735757108146714,0.6781976032646377
10.0,,92.0,,,,30.3,61.2,2023-03-20 18:21:49,7.0,5163.0,False,2.817967004717604,6.335753546327547,0.0004416210176114,16.416957096129213,31.92047888916222,0.6716367798565496
10.0,257.0,25.0,100.0,226.0,120.0,30.3,61.2,2023-03-20 18:21:55,6.0,5169.0,False,2.817967004717604,5.942675608199656,1.4288216977600418e-05,16.416957096129213,30.933816581189596,0.6621142412592479
10.0,260.0,25.0,100.0,223.0,121.0,30.2,62.6,2023-03-20 18:22:01,6.0,5175.0,False,2.807003495901794,6.1195373232237005,1.4239646867983654e-05,16.354912246944345,30.021407065798837,0.6702495526813899
10.0,250.0,25.0,100.0,228.0,120.0,30.3,62.6,2023-03-20 18:22:08,7.0,5182.0,False,2.8027941628165034,5.486336305681164,1.4220992473930924e-05,16.33108888447335,31.379955276838373,0.6602209551069541
10.0,265.0,25.0,100.0,223.0,121.0,30.3,62.6,2023-03-20 18:22:14,6.0,5188.0,False,2.8027941628165034,6.445874767596347,1.4220992473930924e-05,16.33108888447335,29.990726018135028,0.6697162644297023
10.0,265.0,25.0,100.0,235.0,122.0,30.3,62.6,2023-03-20 18:22:21,7.0,5195.0,False,2.8027941628165034,6.445874767596347,1.4220992473930924e-05,16.33108888447335,33.38142588654075,0.6792789682881982
10.0,255.0,25.0,100.0,221.0,120.0,30.2,62.5,2023-03-20 18:22:27,6.0,5201.0,False,2.808688380032786,5.802010178833841,1.4247112734178828e-05,16.364447818675185,29.486590964622923,0.6609570132136611
10.0,243.0,25.0,100.0,233.0,120.0,30.3,62.5,2023-03-20 18:22:34,7.0,5208.0,False,2.8044774028834043,5.0796747457195135,1.422845247088842e-05,16.34061556122162,32.81624384622103,0.6604312288646299
10.0,255.0,25.0,100.0,233.0,122.0,30.3,62.5,2023-03-20 18:22:40,6.0,5214.0,False,2.8044774028834043,5.795717310132399,1.422845247088842e-05,16.34061556122162,32.81624384622103,0.6794953118320786
10.0,265.0,25.0,100.0,233.0,120.0,30.3,62.4,2023-03-20 18:22:46,6.0,5220.0,False,2.80616130048678,6.451474665244977,1.4235914815356345e-05,16.350145795526387,32.829667663977936,0.6606415254702813
10.0,250.0,25.0,100.0,231.0,122.0,30.2,62.3,2023-03-20 18:22:53,7.0,5227.0,False,2.8120601219146906,5.499448757052534,1.4262051511192843e-05,16.383529639753416,32.30218739830066,0.6804691486506524
10.0,265.0,25.0,100.0,218.0,120.0,30.3,62.3,2023-03-20 18:23:06,13.0,5240.0,False,2.807845855745511,6.454275556693692,1.4243379507580893e-05,16.359679587969698,28.67012346428486,0.660851844921599
10.0,250.0,25.0,100.0,221.0,120.0,30.2,62.3,2023-03-20 18:23:12,6.0,5246.0,False,2.8120601219146906,5.499448757052534,1.4262051511192843e-05,16.383529639753416,29.51070429957236,0.6613777434845325
10.0,250.0,25.0,100.0,231.0,122.0,30.3,62.3,2023-03-20 18:23:19,7.0,5253.0,False,2.807845855745511,5.493486546088072,1.4243379507580893e-05,16.359679587969698,32.26919620458097,0.6799280694399876
10.0,255.0,25.0,100.0,231.0,122.0,30.3,62.4,2023-03-20 18:23:25,6.0,5259.0,False,2.80616130048678,5.798234034020132,1.4235914815356345e-05,16.350145795526387,32.25600432580742,0.6797116788834671
10.0,253.0,25.0,100.0,228.0,122.0,30.3,62.5,2023-03-20 18:23:32,7.0,5266.0,False,2.8044774028834043,5.671401895535543,1.422845247088842e-05,16.34061556122162,31.39279425946243,0.6794953118320786
10.0,260.0,25.0,100.0,223.0,119.0,30.3,62.5,2023-03-20 18:23:38,6.0,5272.0,False,2.8044774028834043,6.115553685982107,1.422845247088842e-05,16.34061556122162,30.002996603189484,0.6510001435673067
10.0,260.0,25.0,100.0,221.0,120.0,30.2,62.4,2023-03-20 18:23:44,6.0,5278.0,False,2.8103739219974595,6.12485092541551,1.4254580948499848e-05,16.373986949417546,29.498646431737747,0.661167366929149
10.0,255.0,25.0,100.0,218.0,120.0,30.3,62.6,2023-03-20 18:23:51,7.0,5285.0,False,2.8027941628165034,5.793201151025454,1.4220992473930924e-05,16.33108888447335,28.63496881256243,0.6602209551069541
10.0,255.0,25.0,100.0,221.0,120.0,30.3,62.6,2023-03-20 18:23:57,6.0,5291.0,False,2.8027941628165034,5.793201151025454,1.4220992473930924e-05,16.33108888447335,29.4444157357527,0.6602209551069541
10.0,257.0,25.0,100.0,233.0,120.0,30.3,62.7,2023-03-20 18:24:04,7.0,5298.0,False,2.801111580167185,5.9169451967784585,1.421353482423766e-05,16.321565764699535,32.78940423466171,0.6600107041995649
10.0,250.0,25.0,100.0,218.0,120.0,30.2,62.7,2023-03-20 18:24:10,6.0,5304.0,False,2.8053192694856013,5.489910824157696,1.4232183349668192e-05,16.34538023364306,28.65254351177836,0.6605363743116031
10.0,260.0,25.0,100.0,228.0,120.0,30.2,62.7,2023-03-20 18:24:17,7.0,5311.0,False,2.8053192694856013,6.116881416074135,1.4232183349668192e-05,16.34538023364306,31.39921471026084,0.6605363743116031
10.0,255.0,25.0,100.0,218.0,118.0,30.3,62.6,2023-03-20 18:24:23,6.0,5317.0,False,2.8027941628165034,5.793201151025454,1.4220992473930924e-05,16.33108888447335,28.63496881256243,0.6414318515258436
10.0,250.0,25.0,100.0,231.0,121.0,30.2,62.3,2023-03-20 18:24:29,6.0,5323.0,False,2.8120601219146906,5.499448757052534,1.4262051511192843e-05,16.383529639753416,32.30218739830066,0.6708896897579576
10.0,253.0,25.0,100.0,226.0,121.0,30.3,62.4,2023-03-20 18:24:36,7.0,5330.0,False,2.80616130048678,5.673864636877753,1.4235914815356345e-05,16.350145795526387,30.845458797749934,0.6701428834433503
10.0,255.0,25.0,100.0,228.0,121.0,30.2,62.4,2023-03-20 18:24:42,6.0,5336.0,False,2.8103739219974595,5.804528314709812,1.4254580948499848e-05,16.373986949417546,31.437750847649315,0.6706762875632757
10.0,257.0,25.0,100.0,218.0,120.0,30.3,62.4,2023-03-20 18:24:49,7.0,5343.0,False,2.80616130048678,5.92465826049748,1.4235914815356345e-05,16.350145795526387,28.658402912252328,0.6606415254702813
10.0,260.0,25.0,100.0,221.0,121.0,30.3,62.5,2023-03-20 18:24:55,6.0,5349.0,False,2.8044774028834043,6.115553685982107,1.422845247088842e-05,16.34061556122162,29.45646280015008,0.6699295623482384
10.0,245.0,25.0,100.0,233.0,119.0,30.2,62.5,2023-03-20 18:25:02,7.0,5356.0,False,2.808688380032786,5.199769199964402,1.4247112734178828e-05,16.364447818675185,32.84980840550596,0.6515184196144481
10.0,255.0,25.0,100.0,216.0,119.0,30.3,62.5,2023-03-20 18:25:08,6.0,5362.0,False,2.8044774028834043,5.795717310132399,1.422845247088842e-05,16.34061556122162,28.113499035618453,0.6510001435673067
10.0,260.0,25.0,100.0,218.0,119.0,30.3,62.3,2023-03-20 18:25:14,6.0,5368.0,False,2.807845855745511,6.120865500283428,1.4243379507580893e-05,16.359679587969698,28.67012346428486,0.651414753145876
10.0,262.0,25.0,100.0,228.0,122.0,30.3,62.2,2023-03-20 18:25:21,7.0,5375.0,False,2.809531068778484,6.255322435141814,1.4250846547808225e-05,16.369216939133555,31.43132655898253,0.6801444834992643
10.0,255.0,25.0,100.0,216.0,121.0,30.3,62.2,2023-03-20 18:25:27,6.0,5381.0,False,2.809531068778484,5.8032691761711215,1.4250846547808225e-05,16.369216939133555,28.14800624630016,0.6705695951539306
10.0,260.0,25.0,100.0,218.0,121.0,30.3,62.2,2023-03-20 18:25:34,7.0,5388.0,False,2.809531068778484,6.12352230137824,1.4250846547808225e-05,16.369216939133555,28.681846351076487,0.6705695951539306
10.0,255.0,25.0,100.0,216.0,119.0,30.3,62.1,2023-03-20 18:25:40,6.0,5394.0,False,2.8112169397045768,5.805787594450958,1.4258315936284477e-05,16.378757849599936,28.159513232451584,0.6518294527930453
10.0,253.0,25.0,100.0,223.0,120.0,30.3,62.1,2023-03-20 18:25:47,7.0,5401.0,False,2.8112169397045768,5.681256176984537,1.4258315936284477e-05,16.378757849599936,30.0521033966745,0.6612725523519981
10.0,250.0,25.0,100.0,218.0,119.0,30.3,62.1,2023-03-20 18:25:53,6.0,5407.0,False,2.8112169397045768,5.4982560474136815,1.4258315936284477e-05,16.378757849599936,28.693571572602718,0.6518294527930453
10.0,255.0,25.0,100.0,221.0,122.0,30.3,62.1,2023-03-20 18:25:59,6.0,5413.0,False,2.8112169397045768,5.805787594450958,1.4258315936284477e-05,16.378757849599936,29.50467506556665,0.6803609210589223
10.0,257.0,25.0,100.0,216.0,120.0,30.3,62.1,2023-03-20 18:26:06,7.0,5420.0,False,2.8112169397045768,5.932376518149739,1.4258315936284477e-05,16.378757849599936,28.159513232451584,0.6612725523519981
10.0,248.0,25.0,100.0,228.0,120.0,30.3,62.0,2023-03-20 18:26:12,6.0,5426.0,False,2.8129034686426646,5.381081113535604,1.4265787673255743e-05,16.388302319950775,31.457027551434287,0.6614829403264639
10.0,253.0,25.0,100.0,228.0,122.0,30.3,62.0,2023-03-20 18:26:19,7.0,5433.0,False,2.8129034686426646,5.683721129073885,1.4265787673255743e-05,16.388302319950775,31.457027551434287,0.6805773821165879
10.0,255.0,25.0,100.0,221.0,122.0,30.3,62.0,2023-03-20 18:26:25,6.0,5439.0,False,2.8129034686426646,5.808306577544736,1.4265787673255743e-05,16.388302319950775,29.51673413375173,0.6805773821165879
10.0,253.0,25.0,100.0,218.0,120.0,30.3,62.2,2023-03-20 18:26:32,7.0,5446.0,False,2.809531068778484,5.67879177759414,1.4250846547808225e-05,16.369216939133555,28.681846351076487,0.6610621872162742
10.0,262.0,25.0,100.0,216.0,119.0,30.2,62.1,2023-03-20 18:26:38,6.0,5452.0,False,2.815434496082319,6.264826176913333,1.4276999682679122e-05,16.40262570153336,28.1882907220201,0.6523479539832513
10.0,253.0,25.0,100.0,216.0,121.0,30.2,61.9,2023-03-20 18:26:44,6.0,5458.0,False,2.818811503486618,5.692352814007873,1.4291957250606116e-05,16.421736008670187,28.211323024072215,0.6717435301736827
10.0,253.0,25.0,100.0,218.0,119.0,30.3,61.9,2023-03-20 18:26:51,7.0,5465.0,False,2.81459065571162,5.686186633870291,1.4273261758968124e-05,16.397850350768,28.71702901976113,0.6522442424906154
10.0,241.0,25.0,100.0,223.0,120.0,30.3,61.9,2023-03-20 18:26:57,6.0,5471.0,False,2.81459065571162,4.980061794825003,1.4273261758968124e-05,16.397850350768,30.07667146501841,0.6616933511373647
10.0,245.0,25.0,100.0,226.0,121.0,30.2,61.8,2023-03-20 18:27:04,7.0,5478.0,False,2.820500994949677,5.215577127003106,1.429943955884991e-05,16.43129650570205,30.95276641119042,0.6719570481751708
10.0,245.0,25.0,100.0,223.0,120.0,30.3,61.8,2023-03-20 18:27:10,6.0,5484.0,False,2.8162785010303115,5.209928591375665,1.428073819366767e-05,16.407401942633516,30.088959167001047,0.6619037847823943
10.0,243.0,25.0,100.0,228.0,121.0,30.2,61.8,2023-03-20 18:27:17,7.0,5491.0,False,2.820500994949677,5.100649743247621,1.429943955884991e-05,16.43129650570205,31.51489220206637,0.6719570481751708
10.0,243.0,25.0,100.0,223.0,120.0,30.3,61.8,2023-03-20 18:27:23,6.0,5497.0,False,2.8162785010303115,5.0951256754222864,1.428073819366767e-05,16.407401942633516,30.088959167001047,0.6619037847823943
10.0,260.0,25.0,100.0,218.0,119.0,30.2,61.8,2023-03-20 18:27:29,6.0,5503.0,False,2.820500994949677,6.140806035761901,1.429943955884991e-05,16.43129650570205,28.758102023284977,0.6529703410904419
10.0,260.0,25.0,100.0,228.0,121.0,30.3,61.9,2023-03-20 18:27:36,7.0,5510.0,False,2.81459065571162,6.131496280544225,1.4273261758968124e-05,16.397850350768,31.46988188541122,0.6712098364855726
10.0,262.0,25.0,100.0,218.0,119.0,30.2,62.0,2023-03-20 18:27:42,6.0,5516.0,False,2.817122670570453,6.2675429015631305,1.4284477291964516e-05,16.41217907414123,28.734628233626356,0.6525553938484271
10.0,255.0,25.0,100.0,216.0,120.0,30.3,62.1,2023-03-20 18:27:49,7.0,5523.0,False,2.8112169397045768,5.805787594450958,1.4258315936284477e-05,16.378757849599936,28.159513232451584,0.6612725523519981
10.0,255.0,25.0,100.0,216.0,120.0,30.2,62.0,2023-03-20 18:27:55,6.0,5529.0,False,2.817122670570453,5.814606506394556,1.4284477291964516e-05,16.41217907414123,28.199805727460447,0.6620090101669871
10.0,245.0,25.0,100.0,223.0,120.0,30.2,61.9,2023-03-20 18:28:02,7.0,5536.0,False,2.818811503486618,5.213317333087751,1.4291957250606116e-05,16.421736008670187,30.10739530466632,0.662219478058888
10.0,243.0,25.0,100.0,228.0,121.0,30.3,61.9,2023-03-20 18:28:08,6.0,5542.0,False,2.81459065571162,5.09291691464431,1.4273261758968124e-05,16.397850350768,31.46988188541122,0.6712098364855726
10.0,248.0,25.0,100.0,221.0,120.0,30.3,61.9,2023-03-20 18:28:14,6.0,5548.0,False,2.81459065571162,5.383415338068084,1.4273261758968124e-05,16.397850350768,29.52879560261885,0.6616933511373647
10.0,250.0,25.0,100.0,216.0,121.0,30.3,61.8,2023-03-20 18:28:21,7.0,5555.0,False,2.8162785010303115,5.505414311140567,1.428073819366767e-05,16.407401942633516,28.194047938342344,0.6714232965909653
10.0,260.0,25.0,100.0,218.0,121.0,30.3,61.8,2023-03-20 18:28:27,6.0,5561.0,False,2.8162785010303115,6.134155465589214,1.428073819366767e-05,16.407401942633516,28.7287612453444,0.6714232965909653
10.0,250.0,25.0,100.0,216.0,119.0,30.2,61.7,2023-03-20 18:28:34,7.0,5568.0,False,2.8221911450784862,5.513771703544776,1.4306924216941873e-05,16.440860565818628,28.234364490714043,0.6531778484627393
10.0,260.0,25.0,100.0,221.0,120.0,30.3,62.0,2023-03-20 18:28:40,6.0,5574.0,False,2.8129034686426646,6.128837691499897,1.4265787673255743e-05,16.388302319950775,29.51673413375173,0.6614829403264639
10.0,260.0,25.0,100.0,216.0,120.0,30.3,62.0,2023-03-20 18:28:47,7.0,5581.0,False,2.8129034686426646,6.128837691499897,1.4265787673255743e-05,16.388302319950775,28.171022509858435,0.6614829403264639
10.0,260.0,25.0,100.0,216.0,120.0,30.3,61.9,2023-03-20 18:28:53,6.0,5587.0,False,2.81459065571162,6.131496280544225,1.4273261758968124e-05,16.397850350768,28.18253407849669,0.6616933511373647
10.0,243.0,25.0,100.0,231.0,120.0,30.2,61.8,2023-03-20 18:28:59,6.0,5593.0,False,2.820500994949677,5.100649743247621,1.429943955884991e-05,16.43129650570205,32.368219056216326,0.6624299687791562
10.0,248.0,25.0,100.0,226.0,120.0,30.3,61.8,2023-03-20 18:29:12,13.0,5606.0,False,2.8162785010303115,5.385750085885412,1.428073819366767e-05,16.407401942633516,30.921186502155333,0.6619037847823943
10.0,250.0,25.0,100.0,228.0,121.0,30.2,61.9,2023-03-20 18:29:19,7.0,5613.0,False,2.818811503486618,5.508995248343692,1.4291957250606116e-05,16.421736008670187,31.502028913579245,0.6717435301736827
10.0,245.0,25.0,100.0,231.0,123.0,30.3,62.1,2023-03-20 18:29:25,6.0,5619.0,False,2.8112169397045768,5.203154524839047,1.4258315936284477e-05,16.378757849599936,32.29558784565212,0.6900065287479427
10.0,262.0,25.0,100.0,216.0,119.0,30.3,62.3,2023-03-20 18:29:32,7.0,5626.0,False,2.807845855745511,6.252608450171049,1.4243379507580893e-05,16.359679587969698,28.136501551428125,0.651414753145876
10.0,262.0,25.0,100.0,216.0,120.0,30.3,62.4,2023-03-20 18:29:44,12.0,5638.0,False,2.80616130048678,6.249895073993284,1.4235914815356345e-05,16.350145795526387,28.12499914785956,0.6606415254702813
10.0,265.0,25.0,100.0,216.0,120.0,30.3,62.5,2023-03-20 18:29:51,7.0,5645.0,False,2.8044774028834043,6.448674402215604,1.422845247088842e-05,16.34061556122162,28.113499035618453,0.6604312288646299
10.0,253.0,25.0,100.0,221.0,119.0,30.3,62.5,2023-03-20 18:29:57,6.0,5651.0,False,2.8044774028834043,5.671401895535543,1.422845247088842e-05,16.34061556122162,29.45646280015008,0.6510001435673067
10.0,257.0,25.0,100.0,223.0,119.0,30.3,62.5,2023-03-20 18:30:04,7.0,5658.0,False,2.8044774028834043,5.922086662165409,1.422845247088842e-05,16.34061556122162,30.002996603189484,0.6510001435673067
10.0,265.0,25.0,100.0,218.0,120.0,30.2,62.4,2023-03-20 18:30:10,6.0,5664.0,False,2.8103739219974595,6.458478072173217,1.4254580948499848e-05,16.373986949417546,28.6877086699993,0.661167366929149
10.0,253.0,25.0,100.0,216.0,120.0,30.2,62.4,2023-03-20 18:30:17,7.0,5671.0,False,2.8103739219974595,5.6800239082024735,1.4254580948499848e-05,16.373986949417546,28.15375945296744,0.661167366929149
10.0,250.0,25.0,100.0,223.0,121.0,30.3,62.4,2023-03-20 18:30:23,6.0,5677.0,False,2.80616130048678,5.49110259774942,1.4235914815356345e-05,16.350145795526387,30.015269633596308,0.6701428834433503
10.0,257.0,25.0,100.0,231.0,121.0,30.3,62.3,2023-03-20 18:30:29,6.0,5683.0,False,2.807845855745511,5.927230435933245,1.4243379507580893e-05,16.359679587969698,32.26919620458097,0.6703562277126951
10.0,262.0,25.0,100.0,216.0,119.0,30.3,62.3,2023-03-20 18:30:36,7.0,5690.0,False,2.807845855745511,6.252608450171049,1.4243379507580893e-05,16.359679587969698,28.136501551428125,0.651414753145876
10.0,255.0,25.0,100.0,223.0,120.0,30.3,62.3,2023-03-20 18:30:42,6.0,5696.0,False,2.807845855745511,5.800751322696942,1.4243379507580893e-05,16.359679587969698,30.02754510932984,0.660851844921599
10.0,260.0,25.0,100.0,218.0,122.0,30.3,62.3,2023-03-20 18:30:49,7.0,5703.0,False,2.807845855745511,6.120865500283428,1.4243379507580893e-05,16.359679587969698,28.67012346428486,0.6799280694399876
10.0,255.0,25.0,100.0,231.0,120.0,30.3,62.2,2023-03-20 18:30:55,6.0,5709.0,False,2.809531068778484,5.8032691761711215,1.4250846547808225e-05,16.369216939133555,32.28239071120507,0.6610621872162742
10.0,253.0,25.0,100.0,228.0,120.0,30.3,62.2,2023-03-20 18:31:02,7.0,5716.0,False,2.809531068778484,5.67879177759414,1.4250846547808225e-05,16.369216939133555,31.43132655898253,0.6610621872162742
10.0,262.0,25.0,100.0,218.0,122.0,30.2,62.2,2023-03-20 18:31:08,6.0,5722.0,False,2.8137469799033545,6.262110061096725,1.4269524422503915e-05,16.39307589026472,28.711163782465924,0.6806856214564316
10.0,255.0,25.0,100.0,221.0,120.0,30.2,62.1,2023-03-20 18:31:14,6.0,5728.0,False,2.815434496082319,5.812086111229672,1.4276999682679122e-05,16.40262570153336,29.534827237300323,0.6617985651057575
10.0,255.0,25.0,100.0,226.0,122.0,30.3,62.2,2023-03-20 18:31:21,7.0,5735.0,False,2.809531068778484,5.8032691761711215,1.4250846547808225e-05,16.369216939133555,30.870691314319064,0.6801444834992643
10.0,260.0,25.0,100.0,218.0,122.0,30.3,62.2,2023-03-20 18:31:27,6.0,5741.0,False,2.809531068778484,6.12352230137824,1.4250846547808225e-05,16.369216939133555,28.681846351076487,0.6801444834992643
10.0,253.0,25.0,100.0,228.0,120.0,30.3,62.2,2023-03-20 18:31:34,7.0,5748.0,False,2.809531068778484,5.67879177759414,1.4250846547808225e-05,16.369216939133555,31.43132655898253,0.6610621872162742
10.0,265.0,25.0,100.0,216.0,122.0,30.2,62.2,2023-03-20 18:31:47,13.0,5761.0,False,2.8137469799033545,6.464083625699698,1.4269524422503915e-05,16.39307589026472,28.17677800777514,0.6806856214564316
10.0,255.0,25.0,100.0,223.0,120.0,30.3,62.3,2023-03-20 18:31:53,6.0,5767.0,False,2.807845855745511,5.800751322696942,1.4243379507580893e-05,16.359679587969698,30.02754510932984,0.660851844921599
10.0,248.0,25.0,100.0,228.0,119.0,30.3,62.3,2023-03-20 18:31:59,6.0,5773.0,False,2.807845855745511,5.374081579570472,1.4243379507580893e-05,16.359679587969698,31.418479900561334,0.651414753145876
10.0,262.0,25.0,100.0,221.0,119.0,30.3,62.3,2023-03-20 18:32:06,7.0,5780.0,False,2.807845855745511,6.252608450171049,1.4243379507580893e-05,16.359679587969698,29.48056413134329,0.651414753145876
10.0,255.0,25.0,100.0,216.0,121.0,30.2,62.2,2023-03-20 18:32:12,6.0,5786.0,False,2.8137469799033545,5.809566280899444,1.4269524422503915e-05,16.39307589026472,28.17677800777514,0.6711031151186788
10.0,255.0,25.0,100.0,221.0,119.0,30.3,62.3,2023-03-20 18:32:19,7.0,5793.0,False,2.807845855745511,5.800751322696942,1.4243379507580893e-05,16.359679587969698,29.48056413134329,0.651414753145876
10.0,255.0,25.0,100.0,226.0,120.0,30.2,62.2,2023-03-20 18:32:25,6.0,5799.0,False,2.8137469799033545,5.809566280899444,1.4269524422503915e-05,16.39307589026472,30.902246095119217,0.661588142877504
10.0,260.0,25.0,100.0,228.0,121.0,30.3,62.2,2023-03-20 18:32:32,7.0,5806.0,False,2.809531068778484,6.12352230137824,1.4250846547808225e-05,16.369216939133555,31.43132655898253,0.6705695951539306
10.0,250.0,25.0,100.0,228.0,120.0,30.3,62.1,2023-03-20 18:32:38,6.0,5812.0,False,2.8112169397045768,5.4982560474136815,1.4258315936284477e-05,16.378757849599936,31.444175775949116,0.6612725523519981
10.0,250.0,25.0,100.0,216.0,120.0,30.2,62.0,2023-03-20 18:32:44,6.0,5818.0,False,2.817122670570453,5.506607823143789,1.4284477291964516e-05,16.41217907414123,28.199805727460447,0.6620090101669871
10.0,248.0,25.0,100.0,226.0,120.0,30.2,62.0,2023-03-20 18:32:51,7.0,5825.0,False,2.817122670570453,5.38691765602829,1.4284477291964516e-05,16.41217907414123,30.92750122757364,0.6620090101669871
10.0,250.0,25.0,100.0,216.0,120.0,30.2,61.8,2023-03-20 18:32:57,6.0,5831.0,False,2.820500994949677,5.511383208474742,1.429943955884991e-05,16.43129650570205,28.22284261183141,0.6624299687791562
10.0,253.0,25.0,100.0,216.0,120.0,30.3,61.7,2023-03-20 18:33:04,7.0,5838.0,False,2.817967004717604,5.691119301616699,1.4288216977600418e-05,16.416957096129213,28.20556408937142,0.6621142412592479
10.0,255.0,25.0,100.0,231.0,119.0,30.2,61.6,2023-03-20 18:33:10,6.0,5844.0,False,2.823881953991897,5.824693735566232,1.4314411225127937e-05,16.450428189601684,32.394650113083735,0.6533853783328694
10.0,260.0,25.0,100.0,216.0,120.0,30.3,61.7,2023-03-20 18:33:17,7.0,5851.0,False,2.817967004717604,6.136815246643597,1.4288216977600418e-05,16.416957096129213,28.20556408937142,0.6621142412592479
10.0,255.0,25.0,100.0,216.0,119.0,30.3,61.8,2023-03-20 18:33:23,6.0,5857.0,False,2.8162785010303115,5.813346238207265,1.428073819366767e-05,16.407401942633516,28.194047938342344,0.6524516711026166
10.0,250.0,25.0,100.0,226.0,119.0,30.2,61.8,2023-03-20 18:33:29,6.0,5863.0,False,2.820500994949677,5.511383208474742,1.429943955884991e-05,16.43129650570205,30.95276641119042,0.6529703410904419
10.0,250.0,25.0,100.0,223.0,122.0,30.2,61.8,2023-03-20 18:33:36,7.0,5870.0,False,2.820500994949677,5.511383208474742,1.429943955884991e-05,16.43129650570205,30.11968911953338,0.681551747600307
10.0,245.0,25.0,100.0,228.0,122.0,30.3,62.0,2023-03-20 18:33:42,6.0,5876.0,False,2.8129034686426646,5.205412040821016,1.4265787673255743e-05,16.388302319950775,31.457027551434287,0.6805773821165879
10.0,248.0,25.0,100.0,221.0,121.0,30.3,62.1,2023-03-20 18:33:49,7.0,5883.0,False,2.8112169397045768,5.3787474122802905,1.4258315936284477e-05,16.378757849599936,29.50467506556665,0.6707829857647156
10.0,245.0,25.0,100.0,218.0,120.0,30.2,62.1,2023-03-20 18:34:02,13.0,5896.0,False,2.815434496082319,5.2087992639108425,1.4276999682679122e-05,16.40262570153336,28.72289484072164,0.6617985651057575
10.0,243.0,25.0,100.0,228.0,122.0,30.3,61.9,2023-03-20 18:34:08,6.0,5902.0,False,2.81459065571162,5.09291691464431,1.4273261758968124e-05,16.397850350768,31.46988188541122,0.6807938666698875
10.0,250.0,25.0,100.0,218.0,122.0,30.3,61.8,2023-03-20 18:34:14,6.0,5908.0,False,2.8162785010303115,5.505414311140567,1.428073819366767e-05,16.407401942633516,28.7287612453444,0.6810103747164487
10.0,248.0,25.0,100.0,223.0,122.0,30.3,61.8,2023-03-20 18:34:21,7.0,5915.0,False,2.8162785010303115,5.385750085885412,1.428073819366767e-05,16.407401942633516,30.088959167001047,0.6810103747164487
10.0,243.0,25.0,100.0,228.0,121.0,30.2,61.8,2023-03-20 18:34:27,6.0,5921.0,False,2.820500994949677,5.100649743247621,1.429943955884991e-05,16.43129650570205,31.51489220206637,0.6719570481751708
10.0,255.0,25.0,100.0,223.0,121.0,30.2,61.7,2023-03-20 18:34:34,7.0,5928.0,False,2.8221911450784862,5.822171080979936,1.4306924216941873e-05,16.440860565818628,30.131985379509413,0.6721705893310074
10.0,238.0,25.0,100.0,226.0,119.0,30.3,61.7,2023-03-20 18:34:40,6.0,5934.0,False,2.817967004717604,4.818458508360648,1.4288216977600418e-05,16.416957096129213,30.933816581189596,0.652659122220399
10.0,253.0,25.0,100.0,216.0,122.0,30.3,61.5,2023-03-20 18:34:47,7.0,5941.0,False,2.821345987673434,5.696054180288584,1.43031815941495e-05,16.436078090338388,28.228603264883795,0.6816600397919862
10.0,243.0,25.0,100.0,223.0,120.0,30.3,61.5,2023-03-20 18:34:53,6.0,5947.0,False,2.821345987673434,5.101754928113726,1.43031815941495e-05,16.436078090338388,30.12583694388438,0.662535222699208
10.0,245.0,25.0,100.0,223.0,122.0,30.3,61.5,2023-03-20 18:34:59,6.0,5953.0,False,2.821345987673434,5.216707213795752,1.43031815941495e-05,16.436078090338388,30.12583694388438,0.6816600397919862
10.0,253.0,25.0,100.0,216.0,120.0,30.3,61.6,2023-03-20 18:35:06,7.0,5960.0,False,2.8196561668923588,5.693586464582907,1.4295698111012364e-05,16.426515811836897,28.21708253155989,0.6623247205656203
10.0,243.0,25.0,100.0,221.0,120.0,30.3,61.7,2023-03-20 18:35:12,6.0,5966.0,False,2.817967004717604,5.097334931255014,1.4288216977600418e-05,16.416957096129213,29.55292574229869,0.6621142412592479
10.0,253.0,25.0,100.0,216.0,121.0,30.3,61.7,2023-03-20 18:35:19,7.0,5973.0,False,2.817967004717604,5.691119301616699,1.4288216977600418e-05,16.416957096129213,28.20556408937142,0.6716367798565496
9.0,238.0,92.0,,,,30.3,61.2,2023-03-20 18:35:31,12.0,5985.0,False,2.0785073812759505,4.818458508360648,0.0004416210176114,16.416957096129213,28.875064080142195,0.6716367798565496
10.0,241.0,25.0,100.0,221.0,121.0,30.2,61.4,2023-03-20 18:35:38,7.0,5992.0,False,2.82726554864792,4.99627221724784,1.4329392292766017e-05,16.46957413049426,29.619333138325278,0.6728113517012515
10.0,243.0,25.0,100.0,218.0,121.0,30.2,61.4,2023-03-20 18:35:44,6.0,5998.0,False,2.82726554864792,5.109494687762824,1.4329392292766017e-05,16.46957413049426,28.805077617314783,0.6728113517012515
10.0,241.0,25.0,100.0,221.0,120.0,30.3,61.5,2023-03-20 18:35:51,7.0,6005.0,False,2.821345987673434,4.988703964716808,1.43031815941495e-05,16.436078090338388,29.577065484405026,0.662535222699208
10.0,253.0,25.0,100.0,216.0,122.0,30.2,61.4,2023-03-20 18:35:57,6.0,6011.0,False,2.82726554864792,5.704695538198729,1.4329392292766017e-05,16.46957413049426,28.26894387386278,0.6824182495036097
10.0,245.0,25.0,100.0,221.0,120.0,30.3,61.5,2023-03-20 18:36:04,7.0,6018.0,False,2.821345987673434,5.216707213795752,1.43031815941495e-05,16.436078090338388,29.577065484405026,0.662535222699208
10.0,238.0,25.0,100.0,218.0,122.0,30.3,61.4,2023-03-20 18:36:10,6.0,6024.0,False,2.823036467179687,4.824726476990936,1.4310667427257764e-05,16.445643932215482,28.77571349380077,0.6818766417878823
10.0,243.0,25.0,100.0,216.0,120.0,30.2,61.3,2023-03-20 18:36:17,7.0,6031.0,False,2.828958334628222,5.111707161628233,1.4336886352709784e-05,16.47915244876719,28.280474916999434,0.6634827647254042
10.0,250.0,25.0,100.0,216.0,120.0,30.2,61.3,2023-03-20 18:36:23,6.0,6037.0,False,2.828958334628222,5.523331033371492,1.4336886352709784e-05,16.47915244876719,28.280474916999434,0.6634827647254042
10.0,250.0,25.0,100.0,216.0,120.0,30.3,61.3,2023-03-20 18:36:29,6.0,6043.0,False,2.824727605529968,5.517355449177568,1.4318155610583102e-05,16.45521333804995,28.251651604841967,0.6629562954388168
10.0,253.0,25.0,100.0,214.0,119.0,30.3,61.3,2023-03-20 18:36:36,7.0,6050.0,False,2.824727605529968,5.700991269950757,1.4318155610583102e-05,16.45521333804995,27.72119289279498,0.6534891517039128
10.0,245.0,25.0,100.0,216.0,121.0,30.3,61.3,2023-03-20 18:36:49,13.0,6063.0,False,2.824727605529968,5.221228826554447,1.4318155610583102e-05,16.45521333804995,28.251651604841967,0.6724909444740557
10.0,245.0,25.0,100.0,216.0,120.0,30.2,61.1,2023-03-20 18:36:55,6.0,6069.0,False,2.832345884487605,5.231409859204944,1.435188152607599e-05,16.498319783874646,28.303543876259585,0.6639040428219047
10.0,243.0,25.0,100.0,221.0,121.0,30.2,61.0,2023-03-20 18:37:08,13.0,6082.0,False,2.8340406486043546,5.1183475539083,1.4359382639990017e-05,16.507908801872436,29.66767503548424,0.673666025547492
10.0,243.0,25.0,100.0,216.0,119.0,30.3,61.1,2023-03-20 18:37:14,6.0,6088.0,False,2.828111859238001,5.110600862807341,1.4333139028868563e-05,16.47436284391792,28.27470910905416,0.6539043014213246
10.0,243.0,25.0,100.0,223.0,121.0,30.2,61.0,2023-03-20 18:37:21,7.0,6095.0,False,2.8340406486043546,5.1183475539083,1.4359382639990017e-05,16.507908801872436,30.218127660244,0.673666025547492
10.0,241.0,25.0,100.0,216.0,122.0,30.3,61.1,2023-03-20 18:37:27,6.0,6101.0,False,2.828111859238001,4.997353880304574,1.4333139028868563e-05,16.47436284391792,28.27470910905416,0.682526588654557
9.0,,925.0,,,,30.3,61.2,2023-03-20 18:37:33,6.0,6107.0,False,2.0785073812759505,5.097334931255014,39.37708026076351,16.416957096129213,28.20556408937142,0.6716367798565496
10.0,245.0,25.0,100.0,216.0,120.0,30.3,61.1,2023-03-20 18:37:40,7.0,6114.0,False,2.828111859238001,5.225752464298605,1.4333139028868563e-05,16.47436284391792,28.27470910905416,0.6633774594596584
10.0,241.0,25.0,100.0,221.0,122.0,30.3,61.2,2023-03-20 18:37:47,7.0,6121.0,False,2.826419402843125,4.995190675223814,1.4325646144371407e-05,16.464786308423534,29.613293101674486,0.6823099162215355
9.0,,92.0,,,,30.3,61.2,2023-03-20 18:37:53,6.0,6127.0,False,2.0785073812759505,5.447696092788802,0.0004416210176114,16.416957096129213,29.55292574229869,0.6716367798565496
10.0,257.0,25.0,100.0,221.0,120.0,30.2,61.1,2023-03-20 18:37:59,6.0,6133.0,False,2.832345884487605,5.964591837011501,1.435188152607599e-05,16.498319783874646,29.65558596057964,0.6639040428219047
10.0,248.0,25.0,100.0,214.0,120.0,30.2,61.1,2023-03-20 18:38:06,7.0,6140.0,False,2.832345884487605,5.407956290447978,1.435188152607599e-05,16.498319783874646,27.77211082445198,0.6639040428219047
10.0,250.0,25.0,100.0,218.0,121.0,30.3,61.2,2023-03-20 18:38:12,6.0,6146.0,False,2.826419402843125,5.519745281629349,1.4325646144371407e-05,16.464786308423534,28.7992036253608,0.6727045435055451
10.0,245.0,25.0,100.0,216.0,123.0,30.3,61.3,2023-03-20 18:38:19,7.0,6153.0,False,2.824727605529968,5.221228826554447,1.4318155610583102e-05,16.45521333804995,28.251651604841967,0.691763434759703
10.0,241.0,25.0,100.0,216.0,120.0,30.2,61.3,2023-03-20 18:38:32,13.0,6166.0,False,2.828958334628222,4.9984356643948935,1.4336886352709784e-05,16.47915244876719,28.280474916999434,0.6634827647254042
10.0,253.0,25.0,100.0,216.0,120.0,30.2,61.3,2023-03-20 18:38:38,6.0,6172.0,False,2.828958334628222,5.707165741332241,1.4336886352709784e-05,16.47915244876719,28.280474916999434,0.6634827647254042
10.0,245.0,25.0,100.0,216.0,119.0,30.2,61.4,2023-03-20 18:38:44,6.0,6178.0,False,2.82726554864792,5.224621365016933,1.4329392292766017e-05,16.46957413049426,28.26894387386278,0.6538005055575529
10.0,255.0,25.0,100.0,216.0,121.0,30.2,61.4,2023-03-20 18:38:51,7.0,6185.0,False,2.82726554864792,5.829740739375226,1.4329392292766017e-05,16.46957413049426,28.26894387386278,0.6728113517012515
10.0,243.0,25.0,100.0,218.0,122.0,30.2,61.5,2023-03-20 18:38:57,6.0,6191.0,False,2.825573421808758,5.10728270899931,1.4321900583654016e-05,16.459999377633,28.793330217029343,0.6822015888086297
10.0,253.0,25.0,100.0,216.0,120.0,30.3,61.6,2023-03-20 18:39:04,7.0,6198.0,False,2.8196561668923588,5.693586464582907,1.4295698111012364e-05,16.426515811836897,28.21708253155989,0.6623247205656203
10.0,260.0,92.0,,,,30.3,61.2,2023-03-20 18:39:10,6.0,6204.0,False,2.817967004717604,6.136815246643597,0.0004416210176114,16.416957096129213,28.20556408937142,0.6716367798565496
10.0,255.0,25.0,100.0,216.0,122.0,30.3,61.3,2023-03-20 18:39:17,7.0,6211.0,False,2.824727605529968,5.825955274687377,1.4318155610583102e-05,16.45521333804995,28.251651604841967,0.6820932672651882
10.0,245.0,25.0,100.0,216.0,120.0,30.3,61.2,2023-03-20 18:39:23,6.0,6217.0,False,2.826419402843125,5.2234903922996345,1.4325646144371407e-05,16.464786308423534,28.263179211428287,0.6631668660402343
10.0,245.0,25.0,100.0,214.0,121.0,30.2,61.0,2023-03-20 18:39:29,6.0,6223.0,False,2.8340406486043546,5.233673703150498,1.4359382639990017e-05,16.507908801872436,27.78343210228685,0.673666025547492
10.0,250.0,25.0,100.0,216.0,121.0,30.2,61.1,2023-03-20 18:39:36,7.0,6230.0,False,2.832345884487605,5.528113908122477,1.435188152607599e-05,16.498319783874646,28.303543876259585,0.6734523223765819
10.0,241.0,25.0,100.0,216.0,120.0,30.2,61.2,2023-03-20 18:39:42,6.0,6236.0,False,2.830651779868504,5.000599595679854,1.4344382763731174e-05,16.488734333033435,28.292008251139677,0.6636933923675258
10.0,238.0,25.0,100.0,221.0,121.0,30.2,61.2,2023-03-20 18:39:49,7.0,6243.0,False,2.830651779868504,4.83413632745394,1.4344382763731174e-05,16.488734333033435,29.64349928606821,0.6732386423436839
10.0,243.0,25.0,100.0,221.0,122.0,30.2,61.1,2023-03-20 18:39:55,6.0,6249.0,False,2.832345884487605,5.116133594693725,1.435188152607599e-05,16.498319783874646,29.65558596057964,0.6830683724320294
10.0,250.0,25.0,100.0,218.0,120.0,30.2,61.1,2023-03-20 18:40:02,7.0,6256.0,False,2.832345884487605,5.528113908122477,1.435188152607599e-05,16.498319783874646,28.84033382494129,0.6639040428219047
10.0,241.0,25.0,100.0,223.0,121.0,30.2,61.2,2023-03-20 18:40:08,6.0,6262.0,False,2.830651779868504,5.000599595679854,1.4344382763731174e-05,16.488734333033435,30.19350335512869,0.6732386423436839
10.0,238.0,25.0,100.0,221.0,120.0,30.2,61.3,2023-03-20 18:40:14,6.0,6268.0,False,2.828958334628222,4.832044430545462,1.4336886352709784e-05,16.47915244876719,29.63141501197505,0.6634827647254042
10.0,253.0,25.0,100.0,216.0,120.0,30.3,61.4,2023-03-20 18:40:21,7.0,6275.0,False,2.823036467179687,5.698522448741836,1.4310667427257764e-05,16.445643932215482,28.24012628931915,0.6627457476577077
10.0,253.0,25.0,100.0,216.0,119.0,30.2,61.4,2023-03-20 18:40:27,6.0,6281.0,False,2.82726554864792,5.704695538198729,1.4329392292766017e-05,16.46957413049426,28.26894387386278,0.6538005055575529
10.0,253.0,25.0,100.0,216.0,120.0,30.3,61.5,2023-03-20 18:40:34,7.0,6288.0,False,2.821345987673434,5.696054180288584,1.43031815941495e-05,16.436078090338388,28.228603264883795,0.662535222699208
10.0,248.0,25.0,100.0,223.0,121.0,30.2,61.4,2023-03-20 18:40:40,6.0,6294.0,False,2.82726554864792,5.400938702295883,1.4329392292766017e-05,16.46957413049426,30.168888829835453,0.6728113517012515
10.0,238.0,25.0,100.0,221.0,121.0,30.2,61.3,2023-03-20 18:40:47,7.0,6301.0,False,2.828958334628222,4.832044430545462,1.4336886352709784e-05,16.47915244876719,29.63141501197505,0.6730249854511297
10.0,245.0,25.0,100.0,216.0,120.0,30.2,61.3,2023-03-20 18:40:53,6.0,6307.0,False,2.828958334628222,5.226883690145569,1.4336886352709784e-05,16.47915244876719,28.280474916999434,0.6634827647254042
10.0,250.0,25.0,100.0,216.0,120.0,30.2,61.2,2023-03-20 18:40:59,6.0,6313.0,False,2.830651779868504,5.525722203253988,1.4344382763731174e-05,16.488734333033435,28.292008251139677,0.6636933923675258
10.0,245.0,25.0,100.0,223.0,121.0,30.2,61.2,2023-03-20 18:41:06,7.0,6320.0,False,2.830651779868504,5.229146521539101,1.4344382763731174e-05,16.488734333033435,30.19350335512869,0.6732386423436839
10.0,250.0,25.0,100.0,216.0,118.0,30.2,61.1,2023-03-20 18:41:12,6.0,6326.0,False,2.832345884487605,5.528113908122477,1.435188152607599e-05,16.498319783874646,28.303543876259585,0.6450101229424939
10.0,245.0,25.0,100.0,216.0,121.0,30.3,61.1,2023-03-20 18:41:19,7.0,6333.0,False,2.828111859238001,5.225752464298605,1.4333139028868563e-05,16.47436284391792,28.27470910905416,0.6729181656832105
10.0,253.0,25.0,100.0,216.0,121.0,30.3,61.0,2023-03-20 18:41:25,6.0,6339.0,False,2.829804974833438,5.708401050192494,1.4340634264320418e-05,16.483942945114798,28.28624129769561,0.6731318110047182
10.0,250.0,25.0,100.0,216.0,120.0,30.2,60.9,2023-03-20 18:41:32,7.0,6346.0,False,2.8357360723375806,5.532898922848733,1.4366886105719029e-05,16.517501387608398,28.32662199934253,0.6643254121582419
10.0,238.0,25.0,100.0,218.0,122.0,30.3,61.0,2023-03-20 18:41:38,6.0,6352.0,False,2.829804974833438,4.833090320496575,1.4340634264320418e-05,16.483942945114798,28.82270309488152,0.6827432845618857
10.0,238.0,25.0,100.0,216.0,121.0,30.3,61.0,2023-03-20 18:41:44,6.0,6358.0,False,2.829804974833438,4.833090320496575,1.4340634264320418e-05,16.483942945114798,28.28624129769561,0.6731318110047182
10.0,241.0,25.0,100.0,221.0,120.0,30.3,60.9,2023-03-20 18:41:51,7.0,6365.0,False,2.8314987497482766,5.001681742876264,1.4348131850972794e-05,16.49352661259582,29.64954232327321,0.663798714743327
10.0,245.0,25.0,100.0,218.0,122.0,30.2,60.9,2023-03-20 18:41:57,6.0,6371.0,False,2.8357360723375806,5.235938053383179,1.4366886105719029e-05,16.517501387608398,28.863849635423367,0.6835019050635543
10.0,238.0,25.0,100.0,216.0,119.0,30.2,60.9,2023-03-20 18:42:04,7.0,6378.0,False,2.8357360723375806,4.840414826377479,1.4366886105719029e-05,16.517501387608398,28.32662199934253,0.6548387171725812
10.0,241.0,25.0,100.0,218.0,121.0,30.2,61.0,2023-03-20 18:42:10,6.0,6384.0,False,2.8340406486043546,5.004928910691832,1.4359382639990017e-05,16.507908801872436,28.852090562992156,0.673666025547492
10.0,245.0,25.0,100.0,223.0,120.0,30.2,61.1,2023-03-20 18:42:17,7.0,6391.0,False,2.832345884487605,5.231409859204944,1.435188152607599e-05,16.498319783874646,30.20581428522136,0.6639040428219047
10.0,245.0,25.0,100.0,214.0,119.0,30.3,61.1,2023-03-20 18:42:23,6.0,6397.0,False,2.828111859238001,5.225752464298605,1.4333139028868563e-05,16.47436284391792,27.743817464654807,0.6539043014213246
10.0,238.0,25.0,100.0,216.0,123.0,30.2,61.0,2023-03-20 18:42:29,6.0,6403.0,False,2.8340406486043546,4.8383215253631,1.4359382639990017e-05,16.507908801872436,28.315081792335167,0.6929721917342926
10.0,241.0,25.0,100.0,214.0,121.0,30.2,60.9,2023-03-20 18:42:36,7.0,6410.0,False,2.8357360723375806,5.007094294433015,1.4366886105719029e-05,16.517501387608398,27.794755628038487,0.6738797518540833
10.0,248.0,25.0,100.0,221.0,121.0,30.2,60.8,2023-03-20 18:42:42,6.0,6416.0,False,2.8374321558061144,5.414978588888082,1.437439192350874e-05,16.527097541664098,29.69186038637265,0.6740935012940261
10.0,238.0,25.0,100.0,214.0,120.0,30.3,60.9,2023-03-20 18:42:49,7.0,6423.0,False,2.8314987497482766,4.835182451418421,1.4348131850972794e-05,16.49352661259582,27.766451028510662,0.663798714743327
10.0,256.0,925.0,,,,30.3,61.2,2023-03-20 18:42:55,6.0,6429.0,False,2.817967004717604,5.879011866776099,39.37708026076351,16.416957096129213,27.9401007672104,0.6621142412592479
10.0,238.0,25.0,100.0,216.0,120.0,30.3,60.9,2023-03-20 18:43:02,7.0,6436.0,False,2.8314987497482766,4.835182451418421,1.4348131850972794e-05,16.49352661259582,28.297775777328678,0.663798714743327
10.0,238.0,25.0,100.0,216.0,120.0,30.3,60.8,2023-03-20 18:43:08,6.0,6442.0,False,2.833193184101347,4.837275050372145,1.435563178907149e-05,16.503113846942625,28.309312547929405,0.6640093766029724
10.0,,925.0,,,,30.3,61.2,2023-03-20 18:43:14,6.0,6448.0,False,2.817967004717604,4.900898431328313,39.37708026076351,16.416957096129213,28.875064080142195,0.666867072656525
10.0,241.0,25.0,100.0,221.0,121.0,30.2,60.7,2023-03-20 18:43:21,7.0,6455.0,False,2.839128899128772,5.01142651442119,1.4381900093604874e-05,16.536697264621054,29.703956662306297,0.6743072738649903
10.0,241.0,25.0,100.0,209.0,120.0,30.2,60.6,2023-03-20 18:43:27,6.0,6461.0,False,2.8408263024243787,5.013593350682338,1.4389410616253124e-05,16.546300557060782,26.520863422891427,0.6649576371972391
10.0,243.0,25.0,100.0,211.0,120.0,30.2,60.6,2023-03-20 18:43:34,7.0,6468.0,False,2.8408263024243787,5.127208342147802,1.4389410616253124e-05,16.546300557060782,27.040006387879725,0.6649576371972391
10.0,238.0,25.0,100.0,216.0,121.0,30.2,60.6,2023-03-20 18:43:40,6.0,6474.0,False,2.8408263024243787,4.846697537741964,1.4389410616253124e-05,16.546300557060782,28.361256365715825,0.6745210695646482
10.0,238.0,25.0,100.0,216.0,121.0,30.2,60.5,2023-03-20 18:43:47,7.0,6481.0,False,2.842524365811744,4.848792710993387,1.4396923491699138e-05,16.55590741956478,28.37280573621091,0.6747348883906708
10.0,241.0,25.0,100.0,216.0,122.0,30.3,60.6,2023-03-20 18:43:53,6.0,6487.0,False,2.836584031597509,5.008177167865507,1.4370638720590932e-05,16.522299018559934,28.332392961938144,0.6836103028869657
10.0,243.0,25.0,100.0,216.0,120.0,30.3,60.6,2023-03-20 18:43:59,6.0,6493.0,False,2.836584031597509,5.121669421102825,1.4370638720590932e-05,16.522299018559934,28.332392961938144,0.6644307687463966
10.0,238.0,25.0,100.0,216.0,122.0,30.3,60.5,2023-03-20 18:44:06,7.0,6500.0,False,2.838280444978252,4.843555655493051,1.437814571450315e-05,16.53189695699357,28.343936605298254,0.6838271161303562
10.0,243.0,25.0,100.0,216.0,119.0,30.2,60.4,2023-03-20 18:44:12,6.0,6506.0,False,2.8442230894096827,5.131641707197636,1.4404438720188548e-05,16.565517852714464,28.384357397518123,0.6558774907801211
10.0,238.0,25.0,100.0,216.0,120.0,30.3,60.5,2023-03-20 18:44:19,7.0,6513.0,False,2.838280444978252,4.843555655493051,1.437814571450315e-05,16.53189695699357,28.343936605298254,0.6646414990255807
10.0,238.0,25.0,100.0,221.0,120.0,30.3,60.4,2023-03-20 18:44:25,6.0,6519.0,False,2.839977518272531,4.845650126642754,1.4385655060844634e-05,16.54149846461923,29.71000570038453,0.6648522521066844
10.0,238.0,25.0,100.0,218.0,121.0,30.3,60.4,2023-03-20 18:44:32,7.0,6526.0,False,2.839977518272531,4.845650126642754,1.4385655060844634e-05,16.54149846461923,28.89325752925541,0.6744141688238782
10.0,248.0,25.0,100.0,214.0,120.0,30.3,60.4,2023-03-20 18:44:38,6.0,6532.0,False,2.839977518272531,5.418491504530738,1.4385655060844634e-05,16.54149846461923,27.8230742768993,0.6648522521066844
10.0,238.0,25.0,100.0,218.0,118.0,30.2,60.3,2023-03-20 18:44:44,6.0,6538.0,False,2.845922473337001,4.852984461732175,1.4411956301966964e-05,16.5751318570913,28.9344530906326,0.6466481652871574
10.0,238.0,25.0,100.0,216.0,121.0,30.2,60.3,2023-03-20 18:44:51,7.0,6545.0,False,2.845922473337001,4.852984461732175,1.4411956301966964e-05,16.5751318570913,28.39591134961356,0.6751625954125032
9.0,,92.0,,226.0,122.0,30.3,61.2,2023-03-20 18:44:57,6.0,6551.0,False,2.0785073812759505,4.95643747984429,0.0004416210176114,16.416957096129213,30.933816581189596,0.6812269062538993
10.0,243.0,25.0,100.0,216.0,119.0,30.2,60.3,2023-03-20 18:45:04,7.0,6558.0,False,2.845922473337001,5.133859132480404,1.4411956301966964e-05,16.5751318570913,28.39591134961356,0.6560853129158387
10.0,245.0,25.0,100.0,214.0,119.0,30.2,60.4,2023-03-20 18:45:10,6.0,6564.0,False,2.8442230894096827,5.2472673991125705,1.4404438720188548e-05,16.565517852714464,27.85140697472626,0.6558774907801211
10.0,245.0,25.0,100.0,209.0,120.0,30.3,60.4,2023-03-20 18:45:17,7.0,6571.0,False,2.839977518272531,5.241601144019636,1.4385655060844634e-05,16.54149846461923,26.515464266601636,0.6648522521066844
10.0,241.0,25.0,100.0,216.0,119.0,30.3,60.4,2023-03-20 18:45:23,6.0,6577.0,False,2.839977518272531,5.012509872028771,1.4385655060844634e-05,16.54149846461923,28.3554825395303,0.655358033744971
10.0,238.0,25.0,100.0,216.0,120.0,30.2,60.3,2023-03-20 18:45:29,6.0,6583.0,False,2.845922473337001,4.852984461732175,1.4411956301966964e-05,16.5751318570913,28.39591134961356,0.6655900674225335
10.0,238.0,25.0,100.0,209.0,120.0,30.2,60.3,2023-03-20 18:45:36,7.0,6590.0,False,2.845922473337001,4.852984461732175,1.4411956301966964e-05,16.5751318570913,26.553269606983672,0.6655900674225335
10.0,238.0,25.0,100.0,216.0,121.0,30.2,60.3,2023-03-20 18:45:42,6.0,6596.0,False,2.845922473337001,4.852984461732175,1.4411956301966964e-05,16.5751318570913,28.39591134961356,0.6751625954125032
10.0,238.0,25.0,100.0,216.0,120.0,30.2,60.3,2023-03-20 18:45:49,7.0,6603.0,False,2.845922473337001,4.852984461732175,1.4411956301966964e-05,16.5751318570913,28.39591134961356,0.6655900674225335
10.0,238.0,25.0,100.0,216.0,122.0,30.2,60.3,2023-03-20 18:45:55,6.0,6609.0,False,2.845922473337001,4.852984461732175,1.4411956301966964e-05,16.5751318570913,28.39591134961356,0.6848030660105424
10.0,245.0,25.0,100.0,216.0,120.0,30.2,60.3,2023-03-20 18:46:02,7.0,6616.0,False,2.845922473337001,5.24953478722346,1.4411956301966964e-05,16.5751318570913,28.39591134961356,0.6655900674225335
10.0,243.0,25.0,100.0,206.0,120.0,30.2,60.3,2023-03-20 18:46:14,12.0,6628.0,False,2.845922473337001,5.133859132480404,1.4411956301966964e-05,16.5751318570913,25.7836087339394,0.6655900674225335
10.0,245.0,25.0,100.0,214.0,121.0,30.2,60.3,2023-03-20 18:46:21,7.0,6635.0,False,2.845922473337001,5.24953478722346,1.4411956301966964e-05,16.5751318570913,27.86274398748544,0.6751625954125032
10.0,248.0,25.0,100.0,214.0,120.0,30.2,60.4,2023-03-20 18:46:27,6.0,6641.0,False,2.8442230894096827,5.424348980946812,1.4404438720188548e-05,16.565517852714464,27.85140697472626,0.6653792345527817
10.0,238.0,25.0,100.0,216.0,122.0,30.2,60.3,2023-03-20 18:46:34,7.0,6648.0,False,2.845922473337001,4.852984461732175,1.4411956301966964e-05,16.5751318570913,28.39591134961356,0.6848030660105424
10.0,238.0,25.0,100.0,209.0,121.0,30.2,60.3,2023-03-20 18:46:40,6.0,6654.0,False,2.845922473337001,4.852984461732175,1.4411956301966964e-05,16.5751318570913,26.553269606983672,0.6751625954125032
10.0,238.0,25.0,100.0,214.0,122.0,30.2,60.3,2023-03-20 18:46:47,7.0,6661.0,False,2.845922473337001,4.852984461732175,1.4411956301966964e-05,16.5751318570913,27.86274398748544,0.6848030660105424
10.0,238.0,25.0,100.0,209.0,119.0,30.2,60.3,2023-03-20 18:46:53,6.0,6667.0,False,2.845922473337001,4.852984461732175,1.4411956301966964e-05,16.5751318570913,26.553269606983672,0.6560853129158387
10.0,243.0,25.0,100.0,216.0,120.0,30.3,60.5,2023-03-20 18:46:59,6.0,6673.0,False,2.838280444978252,5.123884618158174,1.437814571450315e-05,16.53189695699357,28.343936605298254,0.6646414990255807
10.0,238.0,25.0,100.0,211.0,120.0,30.2,60.3,2023-03-20 18:47:06,7.0,6680.0,False,2.845922473337001,4.852984461732175,1.4411956301966964e-05,16.5751318570913,27.073046919437395,0.6655900674225335
10.0,241.0,25.0,100.0,214.0,120.0,30.2,60.3,2023-03-20 18:47:12,6.0,6686.0,False,2.845922473337001,5.020096764618966,1.4411956301966964e-05,16.5751318570913,27.86274398748544,0.6655900674225335
10.0,241.0,25.0,100.0,214.0,120.0,30.3,60.4,2023-03-20 18:47:19,7.0,6693.0,False,2.839977518272531,5.012509872028771,1.4385655060844634e-05,16.54149846461923,27.8230742768993,0.6648522521066844
10.0,238.0,25.0,100.0,218.0,120.0,30.2,60.3,2023-03-20 18:47:25,6.0,6699.0,False,2.845922473337001,4.852984461732175,1.4411956301966964e-05,16.5751318570913,28.9344530906326,0.6655900674225335
10.0,238.0,25.0,100.0,216.0,120.0,30.3,60.4,2023-03-20 18:47:32,7.0,6706.0,False,2.839977518272531,4.845650126642754,1.4385655060844634e-05,16.54149846461923,28.3554825395303,0.6648522521066844
10.0,250.0,25.0,100.0,216.0,119.0,30.3,60.4,2023-03-20 18:47:38,6.0,6712.0,False,2.839977518272531,5.538883200692169,1.4385655060844634e-05,16.54149846461923,28.3554825395303,0.655358033744971
10.0,243.0,25.0,100.0,211.0,121.0,30.2,60.4,2023-03-20 18:47:45,7.0,6719.0,False,2.8442230894096827,5.131641707197636,1.4404438720188548e-05,16.565517852714464,27.062031224842027,0.6749487303407312
10.0,248.0,25.0,100.0,216.0,120.0,30.2,60.4,2023-03-20 18:47:51,6.0,6725.0,False,2.8442230894096827,5.424348980946812,1.4404438720188548e-05,16.565517852714464,28.384357397518123,0.6653792345527817
10.0,238.0,25.0,100.0,218.0,123.0,30.2,60.5,2023-03-20 18:47:57,6.0,6731.0,False,2.842524365811744,4.848792710993387,1.4396923491699138e-05,16.55590741956478,28.91090926846405,0.694071686437917
10.0,250.0,25.0,100.0,211.0,119.0,30.2,60.6,2023-03-20 18:48:04,7.0,6738.0,False,2.8408263024243787,5.540080457528716,1.4389410616253124e-05,16.546300557060782,27.040006387879725,0.6554619139161113
10.0,245.0,25.0,100.0,216.0,119.0,30.2,60.6,2023-03-20 18:48:10,6.0,6744.0,False,2.8408263024243787,5.242734141878004,1.4389410616253124e-05,16.546300557060782,28.361256365715825,0.6554619139161113
10.0,241.0,25.0,100.0,216.0,119.0,30.2,60.5,2023-03-20 18:48:17,7.0,6751.0,False,2.842524365811744,5.015760671130966,1.4396923491699138e-05,16.55590741956478,28.37280573621091,0.6556696911127918
10.0,241.0,25.0,100.0,216.0,119.0,30.2,60.4,2023-03-20 18:48:23,6.0,6757.0,False,2.8442230894096827,5.017928475774149,1.4404438720188548e-05,16.565517852714464,28.384357397518123,0.6558774907801211
10.0,238.0,25.0,100.0,221.0,120.0,30.3,60.4,2023-03-20 18:48:30,7.0,6764.0,False,2.839977518272531,4.845650126642754,1.4385655060844634e-05,16.54149846461923,29.71000570038453,0.6648522521066844
10.0,241.0,25.0,100.0,216.0,120.0,30.3,60.3,2023-03-20 18:48:36,6.0,6770.0,False,2.841675251599165,5.014676950382776,1.4393166759861056e-05,16.55110354201841,28.36703076461035,0.6650630279874128
10.0,248.0,25.0,100.0,211.0,120.0,30.2,60.3,2023-03-20 18:48:42,6.0,6776.0,False,2.845922473337001,5.426692887489634,1.4411956301966964e-05,16.5751318570913,27.073046919437395,0.6655900674225335
10.0,241.0,25.0,100.0,211.0,119.0,30.3,60.3,2023-03-20 18:48:49,7.0,6783.0,False,2.841675251599165,5.014676950382776,1.4393166759861056e-05,16.55110354201841,27.045511778084613,0.6555657997054791
10.0,253.0,25.0,100.0,216.0,120.0,30.2,60.2,2023-03-20 18:48:55,6.0,6789.0,False,2.8476225177125096,5.734374461324164,1.4419476237279964e-05,16.584749433276677,28.407467592473324,0.6658009230838818
10.0,245.0,25.0,100.0,216.0,120.0,30.2,60.2,2023-03-20 18:49:02,7.0,6796.0,False,2.8476225177125096,5.25180268167328,1.4419476237279964e-05,16.584749433276677,28.407467592473324,0.6658009230838818
10.0,245.0,25.0,100.0,211.0,120.0,30.2,60.2,2023-03-20 18:49:08,6.0,6802.0,False,2.8476225177125096,5.25180268167328,1.4419476237279964e-05,16.584749433276677,27.08406479807854,0.6658009230838818
10.0,245.0,25.0,100.0,216.0,122.0,30.2,60.2,2023-03-20 18:49:15,7.0,6809.0,False,2.8476225177125096,5.25180268167328,1.4419476237279964e-05,16.584749433276677,28.407467592473324,0.6850200082553931
10.0,243.0,25.0,100.0,211.0,119.0,30.3,60.3,2023-03-20 18:49:21,6.0,6815.0,False,2.841675251599165,5.12831649772306,1.4393166759861056e-05,16.55110354201841,27.045511778084613,0.6555657997054791
10.0,245.0,25.0,100.0,216.0,123.0,30.3,60.4,2023-03-20 18:49:27,6.0,6821.0,False,2.839977518272531,5.241601144019636,1.4385655060844634e-05,16.54149846461923,28.3554825395303,0.6937417755730313
10.0,238.0,25.0,100.0,209.0,119.0,30.2,60.3,2023-03-20 18:49:34,7.0,6828.0,False,2.845922473337001,4.852984461732175,1.4411956301966964e-05,16.5751318570913,26.553269606983672,0.6560853129158387
10.0,253.0,25.0,100.0,214.0,119.0,30.2,60.3,2023-03-20 18:49:40,6.0,6834.0,False,2.845922473337001,5.731898177121898,1.4411956301966964e-05,16.5751318570913,27.86274398748544,0.6560853129158387
10.0,238.0,25.0,100.0,211.0,123.0,30.2,60.4,2023-03-20 18:49:47,7.0,6841.0,False,2.8442230894096827,4.850888352321178,1.4404438720188548e-05,16.565517852714464,27.062031224842027,0.6942916567484244
10.0,253.0,25.0,100.0,216.0,120.0,30.2,60.4,2023-03-20 18:49:53,6.0,6847.0,False,2.8442230894096827,5.729422445784473,1.4404438720188548e-05,16.565517852714464,28.384357397518123,0.6653792345527817
10.0,238.0,25.0,100.0,216.0,122.0,30.2,60.5,2023-03-20 18:50:00,7.0,6854.0,False,2.842524365811744,4.848792710993387,1.4396923491699138e-05,16.55590741956478,28.37280573621091,0.6843692518717033
10.0,250.0,25.0,100.0,223.0,120.0,30.3,60.6,2023-03-20 18:50:06,6.0,6860.0,False,2.836584031597509,5.534095510908775,1.4370638720590932e-05,16.522299018559934,30.236602306965736,0.6644307687463966
10.0,241.0,25.0,100.0,216.0,120.0,30.2,60.7,2023-03-20 18:50:12,6.0,6866.0,False,2.839128899128772,5.01142651442119,1.4381900093604874e-05,16.536697264621054,28.34970928605677,0.6647468727160362
10.0,255.0,25.0,100.0,216.0,118.0,30.3,60.9,2023-03-20 18:50:19,7.0,6873.0,False,2.8314987497482766,5.8360526716650325,1.4348131850972794e-05,16.49352661259582,28.297775777328678,0.6449077923758293
10.0,255.0,25.0,100.0,216.0,122.0,30.2,60.8,2023-03-20 18:50:25,6.0,6879.0,False,2.8374321558061144,5.844895308488918,1.437439192350874e-05,16.527097541664098,28.33816449725771,0.6837187065759979
10.0,255.0,25.0,100.0,216.0,121.0,30.2,60.9,2023-03-20 18:50:32,7.0,6886.0,False,2.8357360723375806,5.8423681346627125,1.4366886105719029e-05,16.517501387608398,28.32662199934253,0.6738797518540833
10.0,245.0,25.0,100.0,218.0,122.0,30.3,61.0,2023-03-20 18:50:38,6.0,6892.0,False,2.829804974833438,5.22801504255876,1.4340634264320418e-05,16.483942945114798,28.82270309488152,0.6827432845618857
10.0,241.0,25.0,100.0,216.0,120.0,30.3,61.0,2023-03-20 18:50:45,7.0,6899.0,False,2.829804974833438,4.999517569519695,1.4340634264320418e-05,16.483942945114798,28.28624129769561,0.6635880756947891
10.0,243.0,25.0,100.0,223.0,120.0,30.3,61.0,2023-03-20 18:50:51,6.0,6905.0,False,2.829804974833438,5.112813584226414,1.4340634264320418e-05,16.483942945114798,30.187348806939077,0.6635880756947891
10.0,248.0,25.0,100.0,216.0,118.0,30.2,61.0,2023-03-20 18:50:57,6.0,6911.0,False,2.8340406486043546,5.410296533219136,1.4359382639990017e-05,16.507908801872436,28.315081792335167,0.6452148006961551
10.0,257.0,25.0,100.0,216.0,120.0,30.3,61.1,2023-03-20 18:51:04,7.0,6918.0,False,2.828111859238001,5.958141558332279,1.4333139028868563e-05,16.47436284391792,28.27470910905416,0.6633774594596584
10.0,257.0,25.0,100.0,216.0,119.0,30.2,61.1,2023-03-20 18:51:10,6.0,6924.0,False,2.832345884487605,5.964591837011501,1.435188152607599e-05,16.498319783874646,28.303543876259585,0.6544233650716187
10.0,250.0,25.0,100.0,216.0,120.0,30.3,61.3,2023-03-20 18:51:17,7.0,6931.0,False,2.824727605529968,5.517355449177568,1.4318155610583102e-05,16.45521333804995,28.251651604841967,0.6629562954388168
10.0,250.0,25.0,100.0,216.0,120.0,30.2,61.3,2023-03-20 18:51:23,6.0,6937.0,False,2.828958334628222,5.523331033371492,1.4336886352709784e-05,16.47915244876719,28.280474916999434,0.6634827647254042
10.0,253.0,25.0,100.0,216.0,120.0,30.2,61.3,2023-03-20 18:51:30,7.0,6944.0,False,2.828958334628222,5.707165741332241,1.4336886352709784e-05,16.47915244876719,28.280474916999434,0.6634827647254042
10.0,255.0,25.0,100.0,216.0,119.0,30.2,61.4,2023-03-20 18:51:36,6.0,6950.0,False,2.82726554864792,5.829740739375226,1.4329392292766017e-05,16.46957413049426,28.26894387386278,0.6538005055575529
10.0,243.0,25.0,100.0,218.0,121.0,30.2,61.5,2023-03-20 18:51:42,6.0,6956.0,False,2.825573421808758,5.10728270899931,1.4321900583654016e-05,16.459999377633,28.793330217029343,0.6725977410963825
10.0,265.0,25.0,100.0,216.0,121.0,30.2,61.5,2023-03-20 18:51:49,7.0,6963.0,False,2.825573421808758,6.483722860042504,1.4321900583654016e-05,16.459999377633,28.25741512175369,0.6725977410963825
10.0,255.0,25.0,100.0,221.0,120.0,30.3,61.7,2023-03-20 18:51:55,6.0,6969.0,False,2.817967004717604,5.815866915792581,1.4288216977600418e-05,16.416957096129213,29.55292574229869,0.6621142412592479
10.0,260.0,25.0,100.0,218.0,120.0,30.2,61.6,2023-03-20 18:52:02,7.0,6976.0,False,2.823881953991897,6.146129174034062,1.4314411225127937e-05,16.450428189601684,28.78158515124628,0.6628510186955802
10.0,255.0,25.0,100.0,216.0,121.0,30.2,61.4,2023-03-20 18:52:08,6.0,6982.0,False,2.82726554864792,5.829740739375226,1.4329392292766017e-05,16.46957413049426,28.26894387386278,0.6728113517012515
10.0,255.0,25.0,100.0,216.0,121.0,30.3,61.3,2023-03-20 18:52:15,7.0,6989.0,False,2.824727605529968,5.825955274687377,1.4318155610583102e-05,16.45521333804995,28.251651604841967,0.6724909444740557
10.0,255.0,25.0,100.0,216.0,121.0,30.2,61.4,2023-03-20 18:52:21,6.0,6995.0,False,2.82726554864792,5.829740739375226,1.4329392292766017e-05,16.46957413049426,28.26894387386278,0.6728113517012515
10.0,243.0,25.0,100.0,223.0,121.0,30.3,61.5,2023-03-20 18:52:27,6.0,7001.0,False,2.821345987673434,5.101754928113726,1.43031815941495e-05,16.436078090338388,30.12583694388438,0.6720638158589416
10.0,253.0,25.0,100.0,214.0,121.0,30.3,61.3,2023-03-20 18:52:34,7.0,7008.0,False,2.824727605529968,5.700991269950757,1.4318155610583102e-05,16.45521333804995,27.72119289279498,0.6724909444740557
10.0,241.0,25.0,100.0,216.0,120.0,30.2,61.2,2023-03-20 18:52:40,6.0,7014.0,False,2.830651779868504,5.000599595679854,1.4344382763731174e-05,16.488734333033435,28.292008251139677,0.6636933923675258
10.0,245.0,25.0,100.0,223.0,120.0,30.2,61.1,2023-03-20 18:52:47,7.0,7021.0,False,2.832345884487605,5.231409859204944,1.435188152607599e-05,16.498319783874646,30.20581428522136,0.6639040428219047
10.0,245.0,25.0,100.0,216.0,119.0,30.2,61.0,2023-03-20 18:52:53,6.0,7027.0,False,2.8340406486043546,5.233673703150498,1.4359382639990017e-05,16.507908801872436,28.315081792335167,0.6546310298811184
10.0,243.0,25.0,100.0,216.0,120.0,30.2,61.0,2023-03-20 18:53:00,7.0,7034.0,False,2.8340406486043546,5.1183475539083,1.4359382639990017e-05,16.507908801872436,28.315081792335167,0.6641147160862427
10.0,238.0,25.0,100.0,218.0,120.0,30.2,60.9,2023-03-20 18:53:06,6.0,7040.0,False,2.8357360723375806,4.840414826377479,1.4366886105719029e-05,16.517501387608398,28.863849635423367,0.6643254121582419
10.0,238.0,25.0,100.0,216.0,120.0,30.3,61.0,2023-03-20 18:53:12,6.0,7046.0,False,2.829804974833438,4.833090320496575,1.4340634264320418e-05,16.483942945114798,28.28624129769561,0.6635880756947891
10.0,248.0,25.0,100.0,216.0,121.0,30.3,60.9,2023-03-20 18:53:25,13.0,7059.0,False,2.8314987497482766,5.406786365324881,1.4348131850972794e-05,16.49352661259582,28.297775777328678,0.6733454794677357
10.0,238.0,25.0,100.0,218.0,119.0,30.3,60.8,2023-03-20 18:53:32,7.0,7066.0,False,2.833193184101347,4.837275050372145,1.435563178907149e-05,16.503113846942625,28.846211902167653,0.6545271946659814
10.0,238.0,25.0,100.0,221.0,120.0,30.3,60.7,2023-03-20 18:53:38,6.0,7072.0,False,2.8348882780114804,4.839368117364592,1.4363134078862289e-05,16.512704648736797,29.673720473076138,0.6642200612714284
10.0,241.0,25.0,100.0,218.0,120.0,30.3,60.7,2023-03-20 18:53:45,7.0,7079.0,False,2.8348882780114804,5.006011542042085,1.4363134078862289e-05,16.512704648736797,28.857969807411745,0.6642200612714284
10.0,241.0,25.0,100.0,216.0,120.0,30.3,60.8,2023-03-20 18:53:51,6.0,7085.0,False,2.833193184101347,5.003846400381367,1.435563178907149e-05,16.503113846942625,28.309312547929405,0.6640093766029724
10.0,243.0,25.0,100.0,221.0,122.0,30.2,60.9,2023-03-20 18:53:57,6.0,7091.0,False,2.8357360723375806,5.120562008253753,1.4366886105719029e-05,16.517501387608398,29.67976651075693,0.6835019050635543
10.0,238.0,25.0,100.0,216.0,120.0,30.2,60.8,2023-03-20 18:54:04,7.0,7098.0,False,2.8374321558061144,4.842508595440853,1.437439192350874e-05,16.527097541664098,28.33816449725771,0.6645361310356053
10.0,250.0,25.0,100.0,216.0,120.0,30.2,60.7,2023-03-20 18:54:10,6.0,7104.0,False,2.839128899128772,5.537686077612876,1.4381900093604874e-05,16.536697264621054,28.34970928605677,0.6647468727160362
10.0,243.0,25.0,100.0,221.0,121.0,30.2,60.7,2023-03-20 18:54:17,7.0,7111.0,False,2.839128899128772,5.124992402366264,1.4381900093604874e-05,16.536697264621054,29.703956662306297,0.6743072738649903
10.0,250.0,25.0,100.0,216.0,121.0,30.2,60.8,2023-03-20 18:54:23,6.0,7117.0,False,2.8374321558061144,5.535292232722156,1.437439192350874e-05,16.527097541664098,28.33816449725771,0.6740935012940261
10.0,241.0,25.0,100.0,221.0,122.0,30.2,60.7,2023-03-20 18:54:30,7.0,7124.0,False,2.839128899128772,5.01142651442119,1.4381900093604874e-05,16.536697264621054,29.703956662306297,0.6839355315497451
10.0,238.0,25.0,100.0,218.0,122.0,30.3,60.7,2023-03-20 18:54:36,6.0,7130.0,False,2.8348882780114804,4.839368117364592,1.4363134078862289e-05,16.512704648736797,28.857969807411745,0.6833935131060598
10.0,253.0,25.0,100.0,216.0,120.0,30.2,60.5,2023-03-20 18:54:42,6.0,7136.0,False,2.842524365811744,5.726947267303813,1.4396923491699138e-05,16.55590741956478,28.37280573621091,0.665168424476919
10.0,248.0,25.0,100.0,214.0,120.0,30.3,60.6,2023-03-20 18:54:49,7.0,7143.0,False,2.836584031597509,5.413807878702627,1.4370638720590932e-05,16.522299018559934,27.800418233875757,0.6644307687463966
10.0,250.0,25.0,100.0,211.0,120.0,30.3,60.7,2023-03-20 18:54:55,6.0,7149.0,False,2.8348882780114804,5.531702468541063,1.4363134078862289e-05,16.512704648736797,27.001483945404164,0.6642200612714284
10.0,250.0,25.0,100.0,216.0,119.0,30.2,60.7,2023-03-20 18:55:02,7.0,7156.0,False,2.839128899128772,5.537686077612876,1.4381900093604874e-05,16.536697264621054,28.34970928605677,0.6552541591923409
10.0,245.0,25.0,100.0,218.0,121.0,30.2,60.7,2023-03-20 18:55:08,6.0,7162.0,False,2.839128899128772,5.240468272739528,1.4381900093604874e-05,16.536697264621054,28.887374783329307,0.6743072738649903
10.0,238.0,25.0,100.0,223.0,120.0,30.2,60.6,2023-03-20 18:55:15,7.0,7169.0,False,2.8408263024243787,4.846697537741964,1.4389410616253124e-05,16.546300557060782,30.267405609123216,0.6649576371972391
10.0,238.0,25.0,100.0,216.0,119.0,30.2,60.5,2023-03-20 18:55:21,6.0,7175.0,False,2.842524365811744,4.848792710993387,1.4396923491699138e-05,16.55590741956478,28.37280573621091,0.6556696911127918
10.0,243.0,25.0,100.0,211.0,122.0,30.3,60.5,2023-03-20 18:55:27,6.0,7181.0,False,2.838280444978252,5.123884618158174,1.437814571450315e-05,16.53189695699357,27.023493493447663,0.6838271161303562
10.0,250.0,25.0,100.0,216.0,121.0,30.2,60.3,2023-03-20 18:55:34,7.0,7188.0,False,2.845922473337001,5.547266807505149,1.4411956301966964e-05,16.5751318570913,28.39591134961356,0.6751625954125032
10.0,238.0,25.0,100.0,216.0,120.0,30.3,60.4,2023-03-20 18:55:40,6.0,7194.0,False,2.839977518272531,4.845650126642754,1.4385655060844634e-05,16.54149846461923,28.3554825395303,0.6648522521066844
10.0,238.0,25.0,100.0,216.0,120.0,30.2,60.3,2023-03-20 18:55:47,7.0,7201.0,False,2.845922473337001,4.852984461732175,1.4411956301966964e-05,16.5751318570913,28.39591134961356,0.6655900674225335
10.0,241.0,25.0,100.0,221.0,120.0,30.3,60.3,2023-03-20 18:55:53,6.0,7207.0,False,2.841675251599165,5.014676950382776,1.4393166759861056e-05,16.55110354201841,29.7221055767481,0.6650630279874128
10.0,245.0,25.0,100.0,206.0,121.0,30.2,60.1,2023-03-20 18:56:00,7.0,7214.0,False,2.8493232226550056,5.254071082469432,1.4426998526373116e-05,16.594370581851962,25.804597049647167,0.6755903949118789
10.0,241.0,25.0,100.0,216.0,120.0,30.2,60.1,2023-03-20 18:56:06,6.0,7220.0,False,2.8493232226550056,5.024434794941784,1.4426998526373116e-05,16.594370581851962,28.4190261260735,0.6660118015345348
10.0,238.0,25.0,100.0,216.0,120.0,30.2,60.1,2023-03-20 18:56:19,13.0,7233.0,False,2.8493232226550056,4.857178084831142,1.4426998526373116e-05,16.594370581851962,28.4190261260735,0.6660118015345348
10.0,243.0,25.0,100.0,216.0,120.0,30.2,60.1,2023-03-20 18:56:25,6.0,7239.0,False,2.8493232226550056,5.138295468597814,1.4426998526373116e-05,16.594370581851962,28.4190261260735,0.6660118015345348
10.0,238.0,25.0,100.0,216.0,120.0,30.3,60.1,2023-03-20 18:56:32,7.0,7246.0,False,2.845072698824745,4.851936348515849,1.4408197216901284e-05,16.57032440846316,28.39013408721881,0.6654846481385648
10.0,241.0,25.0,100.0,209.0,120.0,30.2,60.1,2023-03-20 18:56:38,6.0,7252.0,False,2.8493232226550056,5.024434794941784,1.4426998526373116e-05,16.594370581851962,26.57488444031968,0.6660118015345348
10.0,238.0,25.0,100.0,216.0,120.0,30.2,59.9,2023-03-20 18:56:51,13.0,7265.0,False,2.8527266147161523,4.86137358034498,1.4442050166881943e-05,16.61362359849764,28.442150065399527,0.666433626794588
10.0,243.0,25.0,100.0,211.0,120.0,30.2,59.9,2023-03-20 18:56:57,6.0,7271.0,False,2.8527266147161523,5.142733785499266,1.4442050166881943e-05,16.61362359849764,27.11713153804871,0.666433626794588
10.0,245.0,25.0,100.0,209.0,121.0,30.3,60.0,2023-03-20 18:57:04,7.0,7278.0,False,2.8467724129613075,5.25066867115554,1.44157159754163e-05,16.579940198671594,26.55867251203187,0.6752695366183041
10.0,241.0,25.0,100.0,209.0,122.0,30.2,59.9,2023-03-20 18:57:10,6.0,7284.0,False,2.8527266147161523,5.028774762155991,1.4442050166881943e-05,16.61362359849764,26.59650784193338,0.6856709756633738
10.0,245.0,25.0,100.0,209.0,121.0,30.2,59.9,2023-03-20 18:57:17,7.0,7291.0,False,2.8527266147161523,5.258609403130293,1.4442050166881943e-05,16.61362359849764,26.59650784193338,0.6760182868701992
10.0,238.0,25.0,100.0,214.0,120.0,30.3,60.0,2023-03-20 18:57:23,6.0,7297.0,False,2.8467724129613075,4.854032691971013,1.44157159754163e-05,16.579940198671594,27.868413336773664,0.6656954924044015
10.0,238.0,25.0,100.0,204.0,123.0,30.3,60.0,2023-03-20 18:57:30,7.0,7304.0,False,2.8467724129613075,4.854032691971013,1.44157159754163e-05,16.579940198671594,25.282299711381285,0.6946216568090794
10.0,238.0,25.0,100.0,209.0,121.0,30.2,59.9,2023-03-20 18:57:36,6.0,7310.0,False,2.8527266147161523,4.86137358034498,1.4442050166881943e-05,16.61362359849764,26.59650784193338,0.6760182868701992
10.0,243.0,25.0,100.0,214.0,121.0,30.3,60.0,2023-03-20 18:57:42,6.0,7316.0,False,2.8467724129613075,5.1349680308144166,1.44157159754163e-05,16.579940198671594,27.868413336773664,0.6752695366183041
10.0,238.0,25.0,100.0,206.0,122.0,30.3,60.0,2023-03-20 18:57:49,7.0,7323.0,False,2.8467724129613075,4.854032691971013,1.44157159754163e-05,16.579940198671594,25.78885503286421,0.6849115342019276
10.0,238.0,25.0,100.0,216.0,120.0,30.3,60.1,2023-03-20 18:57:55,6.0,7329.0,False,2.845072698824745,4.851936348515849,1.4408197216901284e-05,16.57032440846316,28.39013408721881,0.6654846481385648
10.0,241.0,25.0,100.0,211.0,120.0,30.2,60.1,2023-03-20 18:58:02,7.0,7336.0,False,2.8493232226550056,5.024434794941784,1.4426998526373116e-05,16.594370581851962,27.09508486074266,0.6660118015345348
10.0,238.0,25.0,100.0,218.0,120.0,30.2,60.0,2023-03-20 18:58:08,6.0,7342.0,False,2.851024588283288,4.859275598532784,1.443452316949194e-05,16.603995303398506,28.969786330397586,0.6662227027722003
10.0,243.0,25.0,100.0,216.0,121.0,30.2,60.1,2023-03-20 18:58:15,7.0,7349.0,False,2.8493232226550056,5.138295468597814,1.4426998526373116e-05,16.594370581851962,28.4190261260735,0.6755903949118789
10.0,243.0,25.0,100.0,216.0,120.0,30.2,60.1,2023-03-20 18:58:21,6.0,7355.0,False,2.8493232226550056,5.138295468597814,1.4426998526373116e-05,16.594370581851962,28.4190261260735,0.6660118015345348
10.0,238.0,25.0,100.0,214.0,120.0,30.2,60.1,2023-03-20 18:58:28,7.0,7362.0,False,2.8493232226550056,4.857178084831142,1.4426998526373116e-05,16.594370581851962,27.88542475623773,0.6660118015345348
10.0,238.0,25.0,100.0,216.0,118.0,30.3,60.1,2023-03-20 18:58:40,12.0,7374.0,False,2.845072698824745,4.851936348515849,1.4408197216901284e-05,16.57032440846316,28.39013408721881,0.646545746110699
10.0,243.0,25.0,100.0,209.0,118.0,30.3,60.2,2023-03-20 18:58:47,7.0,7381.0,False,2.843373645076966,5.1305331802470695,1.4400680811798063e-05,16.560712189772563,26.537064105021447,0.6463409243661268
10.0,238.0,25.0,100.0,216.0,121.0,30.2,60.1,2023-03-20 18:58:53,6.0,7387.0,False,2.8493232226550056,4.857178084831142,1.4426998526373116e-05,16.594370581851962,28.4190261260735,0.6755903949118789
10.0,238.0,25.0,100.0,216.0,120.0,30.2,60.1,2023-03-20 18:59:00,7.0,7394.0,False,2.8493232226550056,4.857178084831142,1.4426998526373116e-05,16.594370581851962,28.4190261260735,0.6660118015345348
10.0,245.0,25.0,100.0,204.0,120.0,30.2,60.1,2023-03-20 18:59:06,6.0,7400.0,False,2.8493232226550056,5.254071082469432,1.4426998526373116e-05,16.594370581851962,25.29773251698127,0.6660118015345348
10.0,241.0,25.0,100.0,216.0,120.0,30.3,60.1,2023-03-20 18:59:13,7.0,7407.0,False,2.845072698824745,5.019012559670912,1.4408197216901284e-05,16.57032440846316,28.39013408721881,0.6654846481385648
10.0,238.0,25.0,100.0,216.0,123.0,30.2,60.1,2023-03-20 18:59:19,6.0,7413.0,False,2.8493232226550056,4.857178084831142,1.4426998526373116e-05,16.594370581851962,28.4190261260735,0.6949517103764294
10.0,243.0,25.0,100.0,218.0,120.0,30.2,60.1,2023-03-20 18:59:25,6.0,7419.0,False,2.8493232226550056,5.138295468597814,1.4426998526373116e-05,16.594370581851962,28.95800624964011,0.6660118015345348
10.0,238.0,25.0,100.0,216.0,121.0,30.3,60.2,2023-03-20 18:59:32,7.0,7426.0,False,2.843373645076966,4.849840473147308,1.4400680811798063e-05,16.560712189772563,28.37858128051449,0.6748418064753418
10.0,238.0,25.0,100.0,216.0,120.0,30.2,60.1,2023-03-20 18:59:38,6.0,7432.0,False,2.8493232226550056,4.857178084831142,1.4426998526373116e-05,16.594370581851962,28.4190261260735,0.6660118015345348
10.0,241.0,25.0,100.0,216.0,120.0,30.3,60.2,2023-03-20 18:59:45,7.0,7439.0,False,2.843373645076966,5.016844512927795,1.4400680811798063e-05,16.560712189772563,28.37858128051449,0.6652738266654707
10.0,245.0,25.0,100.0,216.0,120.0,30.2,60.1,2023-03-20 18:59:58,13.0,7452.0,False,2.8493232226550056,5.254071082469432,1.4426998526373116e-05,16.594370581851962,28.4190261260735,0.6660118015345348
10.0,241.0,25.0,100.0,204.0,119.0,30.2,60.1,2023-03-20 19:00:04,6.0,7458.0,False,2.8493232226550056,5.024434794941784,1.4426998526373116e-05,16.594370581851962,25.29773251698127,0.6565010245833989
10.0,248.0,25.0,100.0,204.0,121.0,30.2,60.1,2023-03-20 19:00:10,6.0,7464.0,False,2.8493232226550056,5.431382270862571,1.4426998526373116e-05,16.594370581851962,25.29773251698127,0.6755903949118789
10.0,238.0,25.0,100.0,204.0,120.0,30.2,60.1,2023-03-20 19:00:17,7.0,7471.0,False,2.8493232226550056,4.857178084831142,1.4426998526373116e-05,16.594370581851962,25.29773251698127,0.6660118015345348
10.0,241.0,25.0,100.0,206.0,120.0,30.3,60.1,2023-03-20 19:00:23,6.0,7477.0,False,2.845072698824745,5.019012559670912,1.4408197216901284e-05,16.57032440846316,25.778362955020548,0.6654846481385648
10.0,238.0,25.0,100.0,209.0,122.0,30.3,60.0,2023-03-20 19:00:36,13.0,7490.0,False,2.8467724129613075,4.854032691971013,1.44157159754163e-05,16.579940198671594,26.55867251203187,0.6849115342019276
10.0,243.0,25.0,100.0,216.0,122.0,30.2,59.9,2023-03-20 19:00:43,7.0,7497.0,False,2.8527266147161523,5.142733785499266,1.4442050166881943e-05,16.61362359849764,28.442150065399527,0.6856709756633738
10.0,243.0,25.0,100.0,206.0,120.0,30.2,59.9,2023-03-20 19:00:49,6.0,7503.0,False,2.8527266147161523,5.142733785499266,1.4442050166881943e-05,16.61362359849764,25.82559368527647,0.666433626794588
10.0,243.0,25.0,100.0,216.0,121.0,30.3,60.0,2023-03-20 19:00:55,6.0,7509.0,False,2.8467724129613075,5.1349680308144166,1.44157159754163e-05,16.579940198671594,28.4016891846994,0.6752695366183041
10.0,248.0,25.0,100.0,216.0,120.0,30.3,60.0,2023-03-20 19:01:02,7.0,7516.0,False,2.8467724129613075,5.427865037045525,1.44157159754163e-05,16.579940198671594,28.4016891846994,0.6656954924044015
10.0,238.0,25.0,100.0,216.0,121.0,30.3,60.1,2023-03-20 19:01:08,6.0,7522.0,False,2.845072698824745,4.851936348515849,1.4408197216901284e-05,16.57032440846316,28.39013408721881,0.6750556599865488
10.0,248.0,25.0,100.0,209.0,120.0,30.2,60.0,2023-03-20 19:01:15,7.0,7529.0,False,2.851024588283288,5.433727747707978,1.443452316949194e-05,16.603995303398506,26.585695070102982,0.6662227027722003
10.0,245.0,25.0,100.0,214.0,120.0,30.2,60.0,2023-03-20 19:01:21,6.0,7535.0,False,2.851024588283288,5.256339989619304,1.443452316949194e-05,16.603995303398506,27.89676851218394,0.6662227027722003
10.0,238.0,25.0,100.0,214.0,120.0,30.2,60.0,2023-03-20 19:01:28,7.0,7542.0,False,2.851024588283288,4.859275598532784,1.443452316949194e-05,16.603995303398506,27.89676851218394,0.6662227027722003
10.0,241.0,25.0,100.0,216.0,120.0,30.3,60.1,2023-03-20 19:01:34,6.0,7548.0,False,2.845072698824745,5.019012559670912,1.4408197216901284e-05,16.57032440846316,28.39013408721881,0.6654846481385648
10.0,243.0,25.0,100.0,216.0,121.0,30.3,60.2,2023-03-20 19:01:40,6.0,7554.0,False,2.843373645076966,5.1305331802470695,1.4400680811798063e-05,16.560712189772563,28.37858128051449,0.6748418064753418
10.0,241.0,25.0,100.0,216.0,120.0,30.2,60.3,2023-03-20 19:01:47,7.0,7561.0,False,2.845922473337001,5.020096764618966,1.4411956301966964e-05,16.5751318570913,28.39591134961356,0.6655900674225335
10.0,238.0,25.0,100.0,218.0,120.0,30.2,60.5,2023-03-20 19:01:53,6.0,7567.0,False,2.842524365811744,4.848792710993387,1.4396923491699138e-05,16.55590741956478,28.91090926846405,0.665168424476919
10.0,238.0,25.0,100.0,209.0,122.0,30.2,60.4,2023-03-20 19:02:00,7.0,7574.0,False,2.8442230894096827,4.850888352321178,1.4404438720188548e-05,16.565517852714464,26.54246540347566,0.6845861472151926
10.0,241.0,25.0,100.0,204.0,122.0,30.3,60.3,2023-03-20 19:02:06,6.0,7580.0,False,2.841675251599165,5.014676950382776,1.4393166759861056e-05,16.55110354201841,25.251447864559218,0.6842608129951437
10.0,238.0,25.0,100.0,216.0,119.0,30.2,60.1,2023-03-20 19:02:13,7.0,7587.0,False,2.8493232226550056,4.857178084831142,1.4426998526373116e-05,16.594370581851962,28.4190261260735,0.6565010245833989
10.0,236.0,25.0,100.0,216.0,121.0,30.2,60.1,2023-03-20 19:02:19,6.0,7593.0,False,2.8493232226550056,4.747992949391886,1.4426998526373116e-05,16.594370581851962,28.4190261260735,0.6755903949118789
10.0,245.0,25.0,100.0,211.0,120.0,30.3,60.1,2023-03-20 19:02:25,6.0,7599.0,False,2.845072698824745,5.2484010298761135,1.4408197216901284e-05,16.57032440846316,27.067538799132567,0.6654846481385648
10.0,243.0,25.0,100.0,211.0,119.0,30.2,60.1,2023-03-20 19:02:32,7.0,7606.0,False,2.8493232226550056,5.138295468597814,1.4426998526373116e-05,16.594370581851962,27.09508486074266,0.6565010245833989
10.0,241.0,25.0,100.0,216.0,121.0,30.2,60.1,2023-03-20 19:02:38,6.0,7612.0,False,2.8493232226550056,5.024434794941784,1.4426998526373116e-05,16.594370581851962,28.4190261260735,0.6755903949118789
10.0,243.0,25.0,100.0,214.0,119.0,30.2,60.1,2023-03-20 19:02:45,7.0,7619.0,False,2.8493232226550056,5.138295468597814,1.4426998526373116e-05,16.594370581851962,27.88542475623773,0.6565010245833989
10.0,245.0,25.0,100.0,209.0,120.0,30.2,60.3,2023-03-20 19:02:51,6.0,7625.0,False,2.845922473337001,5.24953478722346,1.4411956301966964e-05,16.5751318570913,26.553269606983672,0.6655900674225335
10.0,238.0,25.0,100.0,216.0,121.0,30.2,60.3,2023-03-20 19:02:58,7.0,7632.0,False,2.845922473337001,4.852984461732175,1.4411956301966964e-05,16.5751318570913,28.39591134961356,0.6751625954125032
10.0,250.0,25.0,100.0,216.0,121.0,30.3,60.3,2023-03-20 19:03:04,6.0,7638.0,False,2.841675251599165,5.541277848123499,1.4393166759861056e-05,16.55110354201841,28.36703076461035,0.6746279760870094
10.0,243.0,25.0,100.0,211.0,119.0,30.3,60.2,2023-03-20 19:03:10,6.0,7644.0,False,2.843373645076966,5.1305331802470695,1.4400680811798063e-05,16.560712189772563,27.05652419656862,0.6557735881377668
10.0,238.0,25.0,100.0,216.0,121.0,30.2,60.1,2023-03-20 19:03:17,7.0,7651.0,False,2.8493232226550056,4.857178084831142,1.4426998526373116e-05,16.594370581851962,28.4190261260735,0.6755903949118789
10.0,248.0,25.0,100.0,209.0,121.0,30.3,60.1,2023-03-20 19:03:23,6.0,7657.0,False,2.845072698824745,5.425520868790382,1.4408197216901284e-05,16.57032440846316,26.54786723746402,0.6750556599865488
10.0,238.0,25.0,100.0,216.0,118.0,30.2,60.0,2023-03-20 19:03:30,7.0,7664.0,False,2.851024588283288,4.859275598532784,1.443452316949194e-05,16.603995303398506,28.43058695039021,0.647262796586783
10.0,238.0,25.0,100.0,211.0,123.0,30.2,59.9,2023-03-20 19:03:36,6.0,7670.0,False,2.8527266147161523,4.86137358034498,1.4442050166881943e-05,16.61362359849764,27.11713153804871,0.695391865018252
10.0,238.0,25.0,100.0,216.0,121.0,30.2,59.9,2023-03-20 19:03:43,7.0,7677.0,False,2.8527266147161523,4.86137358034498,1.4442050166881943e-05,16.61362359849764,28.442150065399527,0.6760182868701992
10.0,241.0,25.0,100.0,204.0,120.0,30.2,59.8,2023-03-20 19:03:49,6.0,7683.0,False,2.854429302072392,5.030945472115041,1.4449579518788612e-05,16.623255467730647,25.328611892200204,0.6666445735994079
10.0,236.0,25.0,100.0,216.0,121.0,30.2,59.8,2023-03-20 19:03:55,6.0,7689.0,False,2.854429302072392,4.754145412420269,1.4449579518788612e-05,16.623255467730647,28.45371547107762,0.6762322675156552
10.0,241.0,25.0,100.0,199.0,120.0,30.2,59.7,2023-03-20 19:04:02,7.0,7696.0,False,2.856132650470792,5.033116666318145,1.4457111225457388e-05,16.632890911678793,24.092959438669965,0.6668555431843706
10.0,238.0,25.0,100.0,204.0,121.0,30.2,59.5,2023-03-20 19:04:08,6.0,7702.0,False,2.8595413308692126,4.86977018883592,1.4472181704062984e-05,16.652172526045472,25.359509618966094,0.6768743480893421
10.0,236.0,25.0,100.0,216.0,119.0,30.2,59.5,2023-03-20 19:04:15,7.0,7709.0,False,2.8595413308692126,4.760301993859375,1.4472181704062984e-05,16.652172526045472,28.488425431885634,0.657748698592488
10.0,236.0,25.0,100.0,211.0,119.0,30.3,59.5,2023-03-20 19:04:21,6.0,7715.0,False,2.8552808936338976,4.755171223321174,1.4453345077762398e-05,16.628072742829012,27.13367227891915,0.6572287361837607
10.0,238.0,25.0,100.0,204.0,120.0,30.2,59.5,2023-03-20 19:04:28,7.0,7722.0,False,2.8595413308692126,4.86977018883592,1.4472181704062984e-05,16.652172526045472,25.359509618966094,0.6672775506855714
10.0,241.0,25.0,100.0,204.0,120.0,30.3,59.5,2023-03-20 19:04:34,6.0,7728.0,False,2.8552808936338976,5.032031008685645,1.4453345077762398e-05,16.628072742829012,25.333760238930363,0.6667500555445146
10.0,238.0,25.0,100.0,209.0,122.0,30.3,59.6,2023-03-20 19:04:40,6.0,7734.0,False,2.8535778757714265,4.862422746794669,1.444581454850536e-05,16.618439086311085,26.601915031109257,0.685779490743152
10.0,238.0,25.0,100.0,214.0,120.0,30.2,59.5,2023-03-20 19:04:47,7.0,7741.0,False,2.8595413308692126,4.86977018883592,1.4472181704062984e-05,16.652172526045472,27.95352100667833,0.6672775506855714
10.0,241.0,25.0,100.0,204.0,120.0,30.2,59.5,2023-03-20 19:04:53,6.0,7747.0,False,2.8595413308692126,5.037460507484775,1.4472181704062984e-05,16.652172526045472,25.359509618966094,0.6672775506855714
10.0,238.0,25.0,100.0,216.0,121.0,30.2,59.6,2023-03-20 19:05:00,7.0,7754.0,False,2.85783666003014,4.867670334513201,1.4464645287133712e-05,16.64252993092334,28.47685315434456,0.6766602981275477
10.0,238.0,25.0,100.0,216.0,120.0,30.2,59.5,2023-03-20 19:05:06,6.0,7760.0,False,2.8595413308692126,4.86977018883592,1.4472181704062984e-05,16.652172526045472,28.488425431885634,0.6672775506855714
10.0,236.0,25.0,100.0,216.0,122.0,30.3,59.6,2023-03-20 19:05:13,7.0,7767.0,False,2.8535778757714265,4.753119715919664,1.444581454850536e-05,16.618439086311085,28.44793248190648,0.685779490743152
10.0,241.0,25.0,100.0,211.0,120.0,30.2,59.5,2023-03-20 19:05:19,6.0,7773.0,False,2.8595413308692126,5.037460507484775,1.4472181704062984e-05,16.652172526045472,27.16125109993449,0.6672775506855714
10.0,238.0,25.0,100.0,204.0,122.0,30.2,59.4,2023-03-20 19:05:25,6.0,7779.0,False,2.861246663106792,4.871870511303348,1.4479720476490564e-05,16.661818697626394,25.36981293924377,0.6867563901134028
10.0,241.0,25.0,100.0,204.0,121.0,30.2,59.4,2023-03-20 19:05:32,7.0,7786.0,False,2.861246663106792,5.039633154462429,1.4479720476490564e-05,16.661818697626394,25.36981293924377,0.6770884211519411
10.0,238.0,25.0,100.0,211.0,119.0,30.3,59.5,2023-03-20 19:05:38,6.0,7792.0,False,2.8552808936338976,4.864521430785501,1.4453345077762398e-05,16.628072742829012,27.13367227891915,0.6572287361837607
10.0,243.0,25.0,100.0,211.0,120.0,30.3,59.5,2023-03-20 19:05:45,7.0,7799.0,False,2.8552808936338976,5.1460638230996745,1.4453345077762398e-05,16.628072742829012,27.13367227891915,0.6667500555445146
10.0,241.0,25.0,100.0,204.0,122.0,30.2,59.5,2023-03-20 19:05:51,6.0,7805.0,False,2.8595413308692126,5.037460507484775,1.4472181704062984e-05,16.652172526045472,25.359509618966094,0.6865392603573792
10.0,238.0,25.0,100.0,202.0,122.0,30.2,59.5,2023-03-20 19:05:58,7.0,7812.0,False,2.8595413308692126,4.86977018883592,1.4472181704062984e-05,16.652172526045472,24.856736600926723,0.6865392603573792
10.0,238.0,25.0,100.0,214.0,121.0,30.2,59.6,2023-03-20 19:06:04,6.0,7818.0,False,2.85783666003014,4.867670334513201,1.4464645287133712e-05,16.64252993092334,27.942166012555774,0.6766602981275477
10.0,238.0,25.0,100.0,216.0,120.0,30.2,59.6,2023-03-20 19:06:10,6.0,7824.0,False,2.85783666003014,4.867670334513201,1.4464645287133712e-05,16.64252993092334,28.47685315434456,0.6670665355471879
10.0,238.0,25.0,100.0,209.0,122.0,30.3,59.6,2023-03-20 19:06:17,7.0,7831.0,False,2.8535778757714265,4.862422746794669,1.444581454850536e-05,16.618439086311085,26.601915031109257,0.685779490743152
10.0,238.0,25.0,100.0,209.0,119.0,30.3,59.5,2023-03-20 19:06:23,6.0,7837.0,False,2.8552808936338976,4.864521430785501,1.4453345077762398e-05,16.628072742829012,26.612731015968404,0.6572287361837607
10.0,236.0,25.0,100.0,204.0,120.0,30.3,59.5,2023-03-20 19:06:30,7.0,7844.0,False,2.8552808936338976,4.755171223321174,1.4453345077762398e-05,16.628072742829012,25.333760238930363,0.6667500555445146
10.0,238.0,25.0,100.0,211.0,120.0,30.2,59.4,2023-03-20 19:06:36,6.0,7850.0,False,2.861246663106792,4.871870511303348,1.4479720476490564e-05,16.661818697626394,27.17228645012184,0.6674885885972341
10.0,238.0,25.0,100.0,216.0,120.0,30.2,59.4,2023-03-20 19:06:43,7.0,7857.0,False,2.861246663106792,4.871870511303348,1.4479720476490564e-05,16.661818697626394,28.5,0.6674885885972341
10.0,245.0,25.0,100.0,211.0,119.0,30.2,59.4,2023-03-20 19:06:49,6.0,7863.0,False,2.861246663106792,5.269964066360632,1.4479720476490564e-05,16.661818697626394,27.17228645012184,0.6579567228420781
10.0,238.0,25.0,100.0,204.0,119.0,30.2,59.4,2023-03-20 19:06:55,6.0,7869.0,False,2.861246663106792,4.871870511303348,1.4479720476490564e-05,16.661818697626394,25.36981293924377,0.6579567228420781
10.0,238.0,25.0,100.0,216.0,122.0,30.2,59.4,2023-03-20 19:07:02,7.0,7876.0,False,2.861246663106792,4.871870511303348,1.4479720476490564e-05,16.661818697626394,28.5,0.6867563901134028
10.0,245.0,25.0,100.0,214.0,121.0,30.3,59.4,2023-03-20 19:07:08,6.0,7882.0,False,2.856984572597923,5.264285152286153,1.446087796190427e-05,16.637709974352695,27.936489358338697,0.6765532818101776
10.0,238.0,25.0,100.0,211.0,122.0,30.3,59.5,2023-03-20 19:07:15,7.0,7889.0,False,2.8552808936338976,4.864521430785501,1.4453345077762398e-05,16.628072742829012,27.13367227891915,0.6859965384815851
10.0,243.0,25.0,100.0,209.0,121.0,30.2,59.4,2023-03-20 19:07:21,6.0,7895.0,False,2.861246663106792,5.153838244062565,1.4479720476490564e-05,16.661818697626394,26.6506038310101,0.6770884211519411
10.0,241.0,25.0,100.0,202.0,123.0,30.3,59.4,2023-03-20 19:07:28,7.0,7902.0,False,2.856984572597923,5.034202445013428,1.446087796190427e-05,16.637709974352695,24.84159177546603,0.695942192037968
10.0,241.0,25.0,100.0,199.0,120.0,30.2,59.3,2023-03-20 19:07:34,6.0,7908.0,False,2.862952656861652,5.04180628571239,1.4487261604661826e-05,16.671468446247264,24.13214232750024,0.6676996492798899
10.0,238.0,25.0,100.0,204.0,120.0,30.2,59.4,2023-03-20 19:07:40,6.0,7914.0,False,2.861246663106792,4.871870511303348,1.4479720476490564e-05,16.661818697626394,25.36981293924377,0.6674885885972341
10.0,238.0,25.0,100.0,209.0,121.0,30.2,59.4,2023-03-20 19:07:47,7.0,7921.0,False,2.861246663106792,4.871870511303348,1.4479720476490564e-05,16.661818697626394,26.6506038310101,0.6770884211519411
10.0,238.0,25.0,100.0,216.0,121.0,30.2,59.4,2023-03-20 19:07:53,6.0,7927.0,False,2.861246663106792,4.871870511303348,1.4479720476490564e-05,16.661818697626394,28.5,0.6770884211519411
10.0,238.0,25.0,100.0,209.0,120.0,30.3,59.5,2023-03-20 19:08:00,7.0,7934.0,False,2.8552808936338976,4.864521430785501,1.4453345077762398e-05,16.628072742829012,26.612731015968404,0.6667500555445146
10.0,243.0,25.0,100.0,216.0,123.0,30.2,59.4,2023-03-20 19:08:06,6.0,7940.0,False,2.861246663106792,5.153838244062565,1.4479720476490564e-05,16.661818697626394,28.5,0.6964926675977882
10.0,238.0,25.0,100.0,211.0,121.0,30.2,59.4,2023-03-20 19:08:13,7.0,7947.0,False,2.861246663106792,4.871870511303348,1.4479720476490564e-05,16.661818697626394,27.17228645012184,0.6770884211519411
10.0,238.0,25.0,100.0,202.0,119.0,30.2,59.4,2023-03-20 19:08:19,6.0,7953.0,False,2.861246663106792,4.871870511303348,1.4479720476490564e-05,16.661818697626394,24.866835649453503,0.6579567228420781
10.0,238.0,25.0,100.0,211.0,122.0,30.2,59.4,2023-03-20 19:08:25,6.0,7959.0,False,2.861246663106792,4.871870511303348,1.4479720476490564e-05,16.661818697626394,27.17228645012184,0.6867563901134028
10.0,238.0,25.0,100.0,214.0,120.0,30.2,59.5,2023-03-20 19:08:32,7.0,7966.0,False,2.8595413308692126,4.86977018883592,1.4472181704062984e-05,16.652172526045472,27.95352100667833,0.6672775506855714
10.0,241.0,25.0,100.0,216.0,120.0,30.3,59.5,2023-03-20 19:08:38,6.0,7972.0,False,2.8552808936338976,5.032031008685645,1.4453345077762398e-05,16.628072742829012,28.45949903290999,0.6667500555445146
10.0,243.0,25.0,100.0,216.0,121.0,30.2,59.4,2023-03-20 19:08:45,7.0,7979.0,False,2.861246663106792,5.153838244062565,1.4479720476490564e-05,16.661818697626394,28.5,0.6770884211519411
10.0,236.0,25.0,100.0,216.0,118.0,30.2,59.4,2023-03-20 19:08:51,6.0,7985.0,False,2.861246663106792,4.762355102905949,1.4479720476490564e-05,16.661818697626394,28.5,0.6484926568059883
10.0,234.0,25.0,100.0,216.0,120.0,30.2,59.4,2023-03-20 19:08:58,7.0,7992.0,False,2.861246663106792,4.654671681091122,1.4479720476490564e-05,16.661818697626394,28.5,0.6674885885972341
10.0,238.0,25.0,100.0,214.0,120.0,30.2,59.4,2023-03-20 19:09:04,6.0,7998.0,False,2.861246663106792,4.871870511303348,1.4479720476490564e-05,16.661818697626394,27.964878248365896,0.6674885885972341
10.0,241.0,25.0,100.0,204.0,119.0,30.3,59.4,2023-03-20 19:09:10,6.0,8004.0,False,2.856984572597923,5.034202445013428,1.446087796190427e-05,16.637709974352695,25.34405846167564,0.6574367043089425
10.0,236.0,25.0,100.0,216.0,119.0,30.3,59.4,2023-03-20 19:09:17,7.0,8011.0,False,2.856984572597923,4.757223188327213,1.446087796190427e-05,16.637709974352695,28.471067874546428,0.6574367043089425
10.0,238.0,25.0,100.0,204.0,120.0,30.3,59.5,2023-03-20 19:09:23,6.0,8017.0,False,2.8552808936338976,4.864521430785501,1.4453345077762398e-05,16.628072742829012,25.333760238930363,0.6667500555445146
10.0,238.0,25.0,100.0,202.0,120.0,30.2,59.4,2023-03-20 19:09:30,7.0,8024.0,False,2.861246663106792,4.871870511303348,1.4479720476490564e-05,16.661818697626394,24.866835649453503,0.6674885885972341
10.0,234.0,25.0,100.0,214.0,122.0,30.3,59.5,2023-03-20 19:09:36,6.0,8030.0,False,2.8552808936338976,4.647650238938851,1.4453345077762398e-05,16.628072742829012,27.92513773560755,0.6859965384815851
10.0,238.0,25.0,100.0,216.0,120.0,30.2,59.5,2023-03-20 19:09:49,13.0,8043.0,False,2.8595413308692126,4.86977018883592,1.4472181704062984e-05,16.652172526045472,28.488425431885634,0.6672775506855714
10.0,238.0,25.0,100.0,216.0,118.0,30.2,59.5,2023-03-20 19:09:56,7.0,8050.0,False,2.8595413308692126,4.86977018883592,1.4472181704062984e-05,16.652172526045472,28.488425431885634,0.6482876247824318
10.0,243.0,25.0,100.0,204.0,122.0,30.2,59.5,2023-03-20 19:10:02,6.0,8056.0,False,2.8595413308692126,5.151616361885614,1.4472181704062984e-05,16.652172526045472,25.359509618966094,0.6865392603573792
10.0,243.0,25.0,100.0,202.0,121.0,30.2,59.5,2023-03-20 19:10:08,6.0,8062.0,False,2.8595413308692126,5.151616361885614,1.4472181704062984e-05,16.652172526045472,24.856736600926723,0.6768743480893421
10.0,238.0,25.0,100.0,216.0,120.0,30.2,59.5,2023-03-20 19:10:15,7.0,8069.0,False,2.8595413308692126,4.86977018883592,1.4472181704062984e-05,16.652172526045472,28.488425431885634,0.6672775506855714
10.0,241.0,25.0,100.0,216.0,120.0,30.3,59.5,2023-03-20 19:10:21,6.0,8075.0,False,2.8552808936338976,5.032031008685645,1.4453345077762398e-05,16.628072742829012,28.45949903290999,0.6667500555445146
10.0,238.0,25.0,100.0,214.0,123.0,30.3,59.5,2023-03-20 19:10:28,7.0,8082.0,False,2.8552808936338976,4.864521430785501,1.4453345077762398e-05,16.628072742829012,27.92513773560755,0.6957220434031802
10.0,241.0,25.0,100.0,216.0,120.0,30.3,59.5,2023-03-20 19:10:34,6.0,8088.0,False,2.8552808936338976,5.032031008685645,1.4453345077762398e-05,16.628072742829012,28.45949903290999,0.6667500555445146
10.0,238.0,25.0,100.0,204.0,118.0,30.2,59.4,2023-03-20 19:10:41,7.0,8095.0,False,2.861246663106792,4.871870511303348,1.4479720476490564e-05,16.661818697626394,25.36981293924377,0.6484926568059883
10.0,238.0,25.0,100.0,209.0,120.0,30.3,59.5,2023-03-20 19:10:47,6.0,8101.0,False,2.8552808936338976,4.864521430785501,1.4453345077762398e-05,16.628072742829012,26.612731015968404,0.6667500555445146
9.0,238.0,92.0,,,,30.3,61.2,2023-03-20 19:10:53,6.0,8107.0,False,2.0785073812759505,4.818458508360648,0.0004416210176114,16.416957096129213,26.63275733022628,0.666867072656525
10.0,241.0,25.0,100.0,211.0,121.0,30.2,59.5,2023-03-20 19:11:00,7.0,8114.0,False,2.8595413308692126,5.037460507484775,1.4472181704062984e-05,16.652172526045472,27.16125109993449,0.6768743480893421
10.0,238.0,25.0,100.0,199.0,120.0,30.2,59.4,2023-03-20 19:11:06,6.0,8120.0,False,2.861246663106792,4.871870511303348,1.4479720476490564e-05,16.661818697626394,24.122343697197728,0.6674885885972341
10.0,236.0,25.0,100.0,216.0,122.0,30.3,59.5,2023-03-20 19:11:13,7.0,8127.0,False,2.8552808936338976,4.755171223321174,1.4453345077762398e-05,16.628072742829012,28.45949903290999,0.6859965384815851
10.0,238.0,25.0,100.0,211.0,120.0,30.2,59.4,2023-03-20 19:11:19,6.0,8133.0,False,2.861246663106792,4.871870511303348,1.4479720476490564e-05,16.661818697626394,27.17228645012184,0.6674885885972341
10.0,236.0,25.0,100.0,214.0,121.0,30.2,59.4,2023-03-20 19:11:26,7.0,8140.0,False,2.861246663106792,4.762355102905949,1.4479720476490564e-05,16.661818697626394,27.964878248365896,0.6770884211519411
10.0,243.0,25.0,100.0,211.0,122.0,30.3,59.5,2023-03-20 19:11:32,6.0,8146.0,False,2.8552808936338976,5.1460638230996745,1.4453345077762398e-05,16.628072742829012,27.13367227891915,0.6859965384815851
10.0,238.0,25.0,100.0,204.0,122.0,30.2,59.4,2023-03-20 19:11:38,6.0,8152.0,False,2.861246663106792,4.871870511303348,1.4479720476490564e-05,16.661818697626394,25.36981293924377,0.6867563901134028
10.0,243.0,25.0,100.0,211.0,123.0,30.3,59.4,2023-03-20 19:11:45,7.0,8159.0,False,2.856984572597923,5.148284467191748,1.446087796190427e-05,16.637709974352695,27.144702169404827,0.695942192037968
10.0,238.0,25.0,100.0,194.0,119.0,30.2,59.4,2023-03-20 19:11:51,6.0,8165.0,False,2.861246663106792,4.871870511303348,1.4479720476490564e-05,16.661818697626394,22.90803602592264,0.6579567228420781
10.0,238.0,25.0,100.0,214.0,122.0,30.2,59.5,2023-03-20 19:11:58,7.0,8172.0,False,2.8595413308692126,4.86977018883592,1.4472181704062984e-05,16.652172526045472,27.95352100667833,0.6865392603573792
10.0,238.0,25.0,100.0,202.0,119.0,30.2,59.4,2023-03-20 19:12:04,6.0,8178.0,False,2.861246663106792,4.871870511303348,1.4479720476490564e-05,16.661818697626394,24.866835649453503,0.6579567228420781
10.0,238.0,25.0,100.0,214.0,120.0,30.2,59.4,2023-03-20 19:12:11,7.0,8185.0,False,2.861246663106792,4.871870511303348,1.4479720476490564e-05,16.661818697626394,27.964878248365896,0.6674885885972341
10.0,243.0,25.0,100.0,202.0,121.0,30.3,59.5,2023-03-20 19:12:17,6.0,8191.0,False,2.8552808936338976,5.1460638230996745,1.4453345077762398e-05,16.628072742829012,24.831497723408905,0.6763392665039413
10.0,241.0,25.0,100.0,209.0,122.0,30.3,59.5,2023-03-20 19:12:23,6.0,8197.0,False,2.8552808936338976,5.032031008685645,1.4453345077762398e-05,16.628072742829012,26.612731015968404,0.6859965384815851
10.0,238.0,25.0,100.0,216.0,121.0,30.2,59.4,2023-03-20 19:12:30,7.0,8204.0,False,2.861246663106792,4.871870511303348,1.4479720476490564e-05,16.661818697626394,28.5,0.6770884211519411
10.0,245.0,25.0,100.0,216.0,122.0,30.2,59.4,2023-03-20 19:12:36,6.0,8210.0,False,2.861246663106792,5.269964066360632,1.4479720476490564e-05,16.661818697626394,28.5,0.6867563901134028
10.0,245.0,25.0,100.0,216.0,122.0,30.2,59.4,2023-03-20 19:12:43,7.0,8217.0,False,2.861246663106792,5.269964066360632,1.4479720476490564e-05,16.661818697626394,28.5,0.6867563901134028
10.0,236.0,25.0,100.0,216.0,122.0,30.2,59.4,2023-03-20 19:12:49,6.0,8223.0,False,2.861246663106792,4.762355102905949,1.4479720476490564e-05,16.661818697626394,28.5,0.6867563901134028
10.0,234.0,25.0,100.0,209.0,120.0,30.3,59.5,2023-03-20 19:12:56,7.0,8230.0,False,2.8552808936338976,4.647650238938851,1.4453345077762398e-05,16.628072742829012,26.612731015968404,0.6667500555445146
10.0,238.0,25.0,100.0,204.0,115.0,30.2,59.4,2023-03-20 19:13:02,6.0,8236.0,False,2.861246663106792,4.871870511303348,1.4479720476490564e-05,16.661818697626394,25.36981293924377,0.6205056245053094
10.0,253.0,25.0,100.0,202.0,121.0,30.2,59.4,2023-03-20 19:13:08,6.0,8242.0,False,2.861246663106792,5.754204639045207,1.4479720476490564e-05,16.661818697626394,24.866835649453503,0.6770884211519411
10.0,238.0,25.0,100.0,214.0,120.0,30.2,59.4,2023-03-20 19:13:15,7.0,8249.0,False,2.861246663106792,4.871870511303348,1.4479720476490564e-05,16.661818697626394,27.964878248365896,0.6674885885972341
10.0,238.0,25.0,100.0,214.0,120.0,30.2,59.4,2023-03-20 19:13:21,6.0,8255.0,False,2.861246663106792,4.871870511303348,1.4479720476490564e-05,16.661818697626394,27.964878248365896,0.6674885885972341
10.0,243.0,25.0,100.0,209.0,121.0,30.3,59.5,2023-03-20 19:13:28,7.0,8262.0,False,2.8552808936338976,5.1460638230996745,1.4453345077762398e-05,16.628072742829012,26.612731015968404,0.6763392665039413
10.0,243.0,25.0,100.0,204.0,120.0,30.3,59.5,2023-03-20 19:13:34,6.0,8268.0,False,2.8552808936338976,5.1460638230996745,1.4453345077762398e-05,16.628072742829012,25.333760238930363,0.6667500555445146
9.0,,925.0,,,,30.3,61.2,2023-03-20 19:13:41,7.0,8275.0,False,2.0785073812759505,5.040622567006049,39.37708026076351,16.416957096129213,25.99153438368959,0.652659122220399
10.0,241.0,25.0,100.0,211.0,118.0,30.3,59.5,2023-03-20 19:13:47,6.0,8281.0,False,2.8552808936338976,5.032031008685645,1.4453345077762398e-05,16.628072742829012,27.13367227891915,0.6477751415260589
10.0,238.0,25.0,100.0,202.0,121.0,30.2,59.4,2023-03-20 19:13:53,6.0,8287.0,False,2.861246663106792,4.871870511303348,1.4479720476490564e-05,16.661818697626394,24.866835649453503,0.6770884211519411
10.0,241.0,25.0,100.0,202.0,120.0,30.3,59.5,2023-03-20 19:14:00,7.0,8294.0,False,2.8552808936338976,5.032031008685645,1.4453345077762398e-05,16.628072742829012,24.831497723408905,0.6667500555445146
10.0,241.0,25.0,100.0,216.0,121.0,30.3,59.5,2023-03-20 19:14:06,6.0,8300.0,False,2.8552808936338976,5.032031008685645,1.4453345077762398e-05,16.628072742829012,28.45949903290999,0.6763392665039413
10.0,238.0,25.0,100.0,216.0,120.0,30.3,59.5,2023-03-20 19:14:13,7.0,8307.0,False,2.8552808936338976,4.864521430785501,1.4453345077762398e-05,16.628072742829012,28.45949903290999,0.6667500555445146
10.0,238.0,25.0,100.0,211.0,122.0,30.3,59.5,2023-03-20 19:14:19,6.0,8313.0,False,2.8552808936338976,4.864521430785501,1.4453345077762398e-05,16.628072742829012,27.13367227891915,0.6859965384815851
10.0,241.0,25.0,100.0,199.0,120.0,30.2,59.4,2023-03-20 19:14:26,7.0,8320.0,False,2.861246663106792,5.039633154462429,1.4479720476490564e-05,16.661818697626394,24.122343697197728,0.6674885885972341
10.0,238.0,25.0,100.0,216.0,121.0,30.2,59.5,2023-03-20 19:14:32,6.0,8326.0,False,2.8595413308692126,4.86977018883592,1.4472181704062984e-05,16.652172526045472,28.488425431885634,0.6768743480893421
10.0,245.0,25.0,100.0,204.0,122.0,30.2,59.6,2023-03-20 19:14:38,6.0,8332.0,False,2.85783666003014,5.265420681903868,1.4464645287133712e-05,16.64252993092334,25.34920833768544,0.686322154032011
10.0,243.0,25.0,100.0,206.0,121.0,30.3,59.9,2023-03-20 19:14:45,7.0,8339.0,False,2.84847278760546,5.137186198872216,1.4423237087588678e-05,16.58955956097925,25.799349190720807,0.6754834363682827
10.0,248.0,25.0,100.0,211.0,119.0,30.3,60.0,2023-03-20 19:14:51,6.0,8345.0,False,2.8467724129613075,5.427865037045525,1.44157159754163e-05,16.579940198671594,27.078555585753676,0.656189232408637
10.0,245.0,25.0,100.0,206.0,122.0,30.3,60.1,2023-03-20 19:14:58,7.0,8352.0,False,2.845072698824745,5.2484010298761135,1.4408197216901284e-05,16.57032440846316,25.778362955020548,0.6846946036815325
10.0,243.0,25.0,100.0,211.0,122.0,30.3,60.2,2023-03-20 19:15:04,6.0,8358.0,False,2.843373645076966,5.1305331802470695,1.4400680811798063e-05,16.560712189772563,27.05652419656862,0.684477696611818
10.0,243.0,25.0,100.0,204.0,120.0,30.3,60.3,2023-03-20 19:15:11,7.0,8365.0,False,2.841675251599165,5.12831649772306,1.4393166759861056e-05,16.55110354201841,25.251447864559218,0.6650630279874128
10.0,238.0,25.0,100.0,216.0,122.0,30.3,60.4,2023-03-20 19:15:17,6.0,8371.0,False,2.839977518272531,4.845650126642754,1.4385655060844634e-05,16.54149846461923,28.3554825395303,0.6840439528338695
10.0,248.0,25.0,100.0,204.0,120.0,30.3,60.5,2023-03-20 19:15:23,6.0,8377.0,False,2.838280444978252,5.416149429920618,1.437814571450315e-05,16.53189695699357,25.230890162743886,0.6646414990255807
10.0,250.0,25.0,100.0,216.0,121.0,30.2,60.4,2023-03-20 19:15:30,7.0,8384.0,False,2.8442230894096827,5.5448708224670336,1.4404438720188548e-05,16.565517852714464,28.384357397518123,0.6749487303407312
10.0,238.0,25.0,100.0,216.0,120.0,30.3,60.5,2023-03-20 19:15:36,6.0,8390.0,False,2.838280444978252,4.843555655493051,1.437814571450315e-05,16.53189695699357,28.343936605298254,0.6646414990255807
10.0,250.0,25.0,100.0,216.0,121.0,30.3,60.6,2023-03-20 19:15:43,7.0,8397.0,False,2.836584031597509,5.534095510908775,1.4370638720590932e-05,16.522299018559934,28.332392961938144,0.6739866236825315
10.0,245.0,25.0,100.0,216.0,120.0,30.3,60.7,2023-03-20 19:15:49,6.0,8403.0,False,2.8348882780114804,5.234805814980486,1.4363134078862289e-05,16.512704648736797,28.320851609473877,0.6642200612714284
10.0,253.0,25.0,100.0,204.0,120.0,30.3,60.8,2023-03-20 19:15:56,7.0,8410.0,False,2.833193184101347,5.713343667613727,1.435563178907149e-05,16.503113846942625,25.2000689045458,0.6640093766029724
10.0,245.0,25.0,100.0,209.0,122.0,30.3,60.7,2023-03-20 19:16:02,6.0,8416.0,False,2.8348882780114804,5.234805814980486,1.4363134078862289e-05,16.512704648736797,26.483080575470638,0.6833935131060598
10.0,243.0,25.0,100.0,216.0,122.0,30.3,60.7,2023-03-20 19:16:08,6.0,8422.0,False,2.8348882780114804,5.119454719189214,1.4363134078862289e-05,16.512704648736797,28.320851609473877,0.6833935131060598
10.0,253.0,25.0,100.0,206.0,120.0,30.3,60.7,2023-03-20 19:16:15,7.0,8429.0,False,2.8348882780114804,5.715815805526637,1.4363134078862289e-05,16.512704648736797,25.71545416944576,0.6642200612714284
10.0,248.0,25.0,100.0,216.0,120.0,30.3,60.7,2023-03-20 19:16:21,6.0,8435.0,False,2.8348882780114804,5.411466850869109,1.4363134078862289e-05,16.512704648736797,28.320851609473877,0.6642200612714284
10.0,255.0,25.0,100.0,216.0,119.0,30.3,60.9,2023-03-20 19:16:28,7.0,8442.0,False,2.8314987497482766,5.8360526716650325,1.4348131850972794e-05,16.49352661259582,28.297775777328678,0.6543195410983126
10.0,241.0,25.0,100.0,216.0,122.0,30.3,61.0,2023-03-20 19:16:34,6.0,8448.0,False,2.829804974833438,4.999517569519695,1.4340634264320418e-05,16.483942945114798,28.28624129769561,0.6827432845618857
10.0,238.0,25.0,100.0,216.0,119.0,30.3,61.1,2023-03-20 19:16:41,7.0,8455.0,False,2.828111859238001,4.830998657599754,1.4333139028868563e-05,16.47436284391792,28.27470910905416,0.6539043014213246
10.0,255.0,25.0,100.0,214.0,120.0,30.3,61.1,2023-03-20 19:16:47,6.0,8461.0,False,2.828111859238001,5.831002843382759,1.4333139028868563e-05,16.47436284391792,27.743817464654807,0.6633774594596584
10.0,241.0,25.0,100.0,218.0,121.0,30.3,61.1,2023-03-20 19:16:53,6.0,8467.0,False,2.828111859238001,4.997353880304574,1.4333139028868563e-05,16.47436284391792,28.81095219288828,0.6729181656832105
10.0,255.0,25.0,100.0,214.0,121.0,30.3,61.0,2023-03-20 19:17:00,7.0,8474.0,False,2.829804974833438,5.8335274750714,1.4340634264320418e-05,16.483942945114798,27.755133122594987,0.6731318110047182
10.0,250.0,25.0,100.0,216.0,120.0,30.3,60.8,2023-03-20 19:17:06,6.0,8480.0,False,2.833193184101347,5.529309961178913,1.435563178907149e-05,16.503113846942625,28.309312547929405,0.6640093766029724
10.0,245.0,25.0,100.0,209.0,120.0,30.3,60.7,2023-03-20 19:17:13,7.0,8487.0,False,2.8348882780114804,5.234805814980486,1.4363134078862289e-05,16.512704648736797,26.483080575470638,0.6642200612714284
10.0,245.0,25.0,100.0,209.0,122.0,30.3,60.7,2023-03-20 19:17:19,6.0,8493.0,False,2.8348882780114804,5.234805814980486,1.4363134078862289e-05,16.512704648736797,26.483080575470638,0.6833935131060598
10.0,245.0,25.0,100.0,211.0,120.0,30.3,60.7,2023-03-20 19:17:26,7.0,8500.0,False,2.8348882780114804,5.234805814980486,1.4363134078862289e-05,16.512704648736797,27.001483945404164,0.6642200612714284
10.0,245.0,25.0,100.0,214.0,120.0,30.3,60.6,2023-03-20 19:17:32,6.0,8506.0,False,2.836584031597509,5.237070418359506,1.4370638720590932e-05,16.522299018559934,27.800418233875757,0.6644307687463966
10.0,238.0,25.0,100.0,216.0,121.0,30.3,60.5,2023-03-20 19:17:38,6.0,8512.0,False,2.838280444978252,4.843555655493051,1.437814571450315e-05,16.53189695699357,28.343936605298254,0.6742003846882761
10.0,245.0,25.0,100.0,204.0,118.0,30.3,60.5,2023-03-20 19:17:45,7.0,8519.0,False,2.838280444978252,5.239335528036754,1.437814571450315e-05,16.53189695699357,25.230890162743886,0.6457265920192237
10.0,238.0,25.0,100.0,211.0,119.0,30.3,60.4,2023-03-20 19:17:51,6.0,8525.0,False,2.839977518272531,4.845650126642754,1.4385655060844634e-05,16.54149846461923,27.03450154370336,0.655358033744971
10.0,245.0,25.0,100.0,204.0,122.0,30.3,60.4,2023-03-20 19:17:58,7.0,8532.0,False,2.839977518272531,5.241601144019636,1.4385655060844634e-05,16.54149846461923,25.24116799403075,0.6840439528338695
9.0,244.0,92.0,140.8,214.0,1.0,30.3,60.3,2023-03-20 19:18:04,6.0,8538.0,False,2.095994373159796,5.185851358699656,0.0004448648114111,43.85684289785559,27.83440567017468,0.0003846389132754
10.0,238.0,25.0,100.0,214.0,120.0,30.3,60.3,2023-03-20 19:18:11,7.0,8545.0,False,2.841675251599165,4.847745065858556,1.4393166759861056e-05,16.55110354201841,27.83440567017468,0.6650630279874128
10.0,245.0,25.0,100.0,204.0,122.0,30.3,60.3,2023-03-20 19:18:17,6.0,8551.0,False,2.841675251599165,5.243867266315559,1.4393166759861056e-05,16.55110354201841,25.251447864559218,0.6842608129951437
10.0,241.0,25.0,100.0,199.0,120.0,30.3,60.2,2023-03-20 19:18:23,6.0,8557.0,False,2.843373645076966,5.016844512927795,1.4400680811798063e-05,16.560712189772563,24.019575132892363,0.6652738266654707
10.0,238.0,25.0,100.0,216.0,120.0,30.3,60.3,2023-03-20 19:18:30,7.0,8564.0,False,2.841675251599165,4.847745065858556,1.4393166759861056e-05,16.55110354201841,28.36703076461035,0.6650630279874128
10.0,238.0,25.0,100.0,211.0,120.0,30.3,60.3,2023-03-20 19:18:36,6.0,8570.0,False,2.841675251599165,4.847745065858556,1.4393166759861056e-05,16.55110354201841,27.045511778084613,0.6650630279874128
10.0,238.0,25.0,100.0,216.0,119.0,30.3,60.3,2023-03-20 19:18:43,7.0,8577.0,False,2.841675251599165,4.847745065858556,1.4393166759861056e-05,16.55110354201841,28.36703076461035,0.6555657997054791
10.0,243.0,25.0,100.0,214.0,121.0,30.3,60.3,2023-03-20 19:18:49,6.0,8583.0,False,2.841675251599165,5.12831649772306,1.4393166759861056e-05,16.55110354201841,27.83440567017468,0.6746279760870094
10.0,238.0,25.0,100.0,216.0,120.0,30.3,60.2,2023-03-20 19:18:56,7.0,8590.0,False,2.843373645076966,4.849840473147308,1.4400680811798063e-05,16.560712189772563,28.37858128051449,0.6652738266654707
10.0,243.0,25.0,100.0,216.0,122.0,30.3,60.2,2023-03-20 19:19:02,6.0,8596.0,False,2.843373645076966,5.1305331802470695,1.4400680811798063e-05,16.560712189772563,28.37858128051449,0.684477696611818
10.0,241.0,25.0,100.0,216.0,120.0,30.3,60.2,2023-03-20 19:19:08,6.0,8602.0,False,2.843373645076966,5.016844512927795,1.4400680811798063e-05,16.560712189772563,28.37858128051449,0.6652738266654707
10.0,241.0,25.0,100.0,211.0,120.0,30.3,60.1,2023-03-20 19:19:15,7.0,8609.0,False,2.845072698824745,5.019012559670912,1.4408197216901284e-05,16.57032440846316,27.067538799132567,0.6654846481385648
10.0,245.0,25.0,100.0,211.0,118.0,30.3,60.1,2023-03-20 19:19:21,6.0,8615.0,False,2.845072698824745,5.2484010298761135,1.4408197216901284e-05,16.57032440846316,27.067538799132567,0.646545746110699
10.0,238.0,25.0,100.0,209.0,120.0,30.3,60.0,2023-03-20 19:19:28,7.0,8622.0,False,2.8467724129613075,4.854032691971013,1.44157159754163e-05,16.579940198671594,26.55867251203187,0.6656954924044015
10.0,238.0,25.0,100.0,211.0,120.0,30.3,60.0,2023-03-20 19:19:34,6.0,8628.0,False,2.8467724129613075,4.854032691971013,1.44157159754163e-05,16.579940198671594,27.078555585753676,0.6656954924044015
10.0,236.0,25.0,100.0,216.0,120.0,30.3,60.0,2023-03-20 19:19:41,7.0,8635.0,False,2.8467724129613075,4.744918262225361,1.44157159754163e-05,16.579940198671594,28.4016891846994,0.6656954924044015
10.0,243.0,25.0,100.0,211.0,121.0,30.3,60.0,2023-03-20 19:19:47,6.0,8641.0,False,2.8467724129613075,5.1349680308144166,1.44157159754163e-05,16.579940198671594,27.078555585753676,0.6752695366183041
10.0,243.0,25.0,100.0,216.0,121.0,30.3,60.0,2023-03-20 19:19:53,6.0,8647.0,False,2.8467724129613075,5.1349680308144166,1.44157159754163e-05,16.579940198671594,28.4016891846994,0.6752695366183041
10.0,238.0,25.0,100.0,216.0,121.0,30.3,60.0,2023-03-20 19:20:00,7.0,8654.0,False,2.8467724129613075,4.854032691971013,1.44157159754163e-05,16.579940198671594,28.4016891846994,0.6752695366183041
10.0,236.0,25.0,100.0,216.0,123.0,30.3,60.0,2023-03-20 19:20:06,6.0,8660.0,False,2.8467724129613075,4.744918262225361,1.44157159754163e-05,16.579940198671594,28.4016891846994,0.6946216568090794
10.0,248.0,25.0,100.0,204.0,121.0,30.3,60.0,2023-03-20 19:20:13,7.0,8667.0,False,2.8467724129613075,5.427865037045525,1.44157159754163e-05,16.579940198671594,25.282299711381285,0.6752695366183041
10.0,236.0,25.0,100.0,204.0,119.0,30.3,60.0,2023-03-20 19:20:19,6.0,8673.0,False,2.8467724129613075,4.744918262225361,1.44157159754163e-05,16.579940198671594,25.282299711381285,0.656189232408637
10.0,238.0,25.0,100.0,216.0,121.0,30.3,59.9,2023-03-20 19:20:26,7.0,8680.0,False,2.84847278760546,4.85612950351964,1.4423237087588678e-05,16.58955956097925,28.413246572932355,0.6754834363682827
10.0,238.0,25.0,100.0,211.0,120.0,30.3,59.9,2023-03-20 19:20:32,6.0,8686.0,False,2.84847278760546,4.85612950351964,1.4423237087588678e-05,16.58955956097925,27.08957455640916,0.6659063594606885
10.0,236.0,25.0,100.0,214.0,120.0,30.3,59.9,2023-03-20 19:20:39,7.0,8693.0,False,2.84847278760546,4.746967939275537,1.4423237087588678e-05,16.58955956097925,27.87975372115273,0.6659063594606885
10.0,236.0,25.0,100.0,204.0,122.0,30.3,61.2,2023-03-20 19:20:45,6.0,8699.0,False,2.817967004717604,4.710143755297176,1.4288216977600418e-05,16.416957096129213,25.1077152559019,0.6812269062538993
10.0,238.0,25.0,100.0,214.0,122.0,30.3,59.8,2023-03-20 19:20:51,6.0,8705.0,False,2.850173822876,4.858226783168571,1.4430760553663977e-05,16.599182495967494,27.891096353249104,0.6853454655853257
10.0,238.0,25.0,100.0,216.0,121.0,30.3,59.8,2023-03-20 19:20:58,7.0,8712.0,False,2.850173822876,4.858226783168571,1.4430760553663977e-05,16.599182495967494,28.424806251893777,0.675697359234159
10.0,238.0,25.0,100.0,216.0,120.0,30.3,59.9,2023-03-20 19:21:04,6.0,8718.0,False,2.84847278760546,4.85612950351964,1.4423237087588678e-05,16.58955956097925,28.413246572932355,0.6659063594606885
10.0,238.0,25.0,100.0,214.0,121.0,30.3,59.9,2023-03-20 19:21:11,7.0,8725.0,False,2.84847278760546,4.85612950351964,1.4423237087588678e-05,16.58955956097925,27.87975372115273,0.6754834363682827
10.0,,92.0,,,,30.3,61.2,2023-03-20 19:21:17,6.0,8731.0,False,2.817967004717604,4.900898431328313,0.0004416210176114,16.416957096129213,26.37527418863168,0.6621142412592479
10.0,241.0,25.0,100.0,204.0,119.0,30.3,59.8,2023-03-20 19:21:24,7.0,8738.0,False,2.850173822876,5.025519605159558,1.4430760553663977e-05,16.599182495967494,25.302877805080417,0.6566049665395008
10.0,238.0,25.0,100.0,216.0,120.0,30.3,59.8,2023-03-20 19:21:30,6.0,8744.0,False,2.850173822876,4.858226783168571,1.4430760553663977e-05,16.599182495967494,28.424806251893777,0.666117249305134
10.0,236.0,25.0,100.0,216.0,120.0,30.3,59.8,2023-03-20 19:21:36,6.0,8750.0,False,2.850173822876,4.749018073903525,1.4430760553663977e-05,16.599182495967494,28.424806251893777,0.666117249305134
10.0,238.0,25.0,100.0,216.0,120.0,30.3,59.8,2023-03-20 19:21:43,7.0,8757.0,False,2.850173822876,4.858226783168571,1.4430760553663977e-05,16.599182495967494,28.424806251893777,0.666117249305134
,246.0,92.0,,,,30.3,61.2,2023-03-20 19:21:49,6.0,8763.0,False,2.817967004717604,5.270334435555956,0.0004416210176114,16.416957096129213,26.37527418863168,0.652659122220399
10.0,243.0,25.0,100.0,202.0,118.0,30.3,59.8,2023-03-20 19:21:56,7.0,8770.0,False,2.850173822876,5.139404862122414,1.4430760553663977e-05,16.599182495967494,24.801227559066707,0.6471603442000375
10.0,243.0,25.0,100.0,214.0,121.0,30.3,59.7,2023-03-20 19:22:02,6.0,8776.0,False,2.851875518891724,5.141624020572235,1.4438286373887704e-05,16.608809004217665,27.902441233039312,0.6759113052136096
10.0,238.0,25.0,100.0,211.0,122.0,30.3,59.7,2023-03-20 19:22:09,7.0,8783.0,False,2.851875518891724,4.860324530924634,1.4438286373887704e-05,16.608809004217665,27.11161904973208,0.6855624664436136
10.0,241.0,25.0,100.0,216.0,123.0,30.3,59.7,2023-03-20 19:22:15,6.0,8789.0,False,2.851875518891724,5.027689588765779,1.4438286373887704e-05,16.608809004217665,28.43636822155979,0.6952818174424046
10.0,243.0,25.0,100.0,204.0,120.0,30.3,59.7,2023-03-20 19:22:21,6.0,8795.0,False,2.851875518891724,5.141624020572235,1.4438286373887704e-05,16.608809004217665,25.31316991061149,0.666328161935447
10.0,238.0,25.0,100.0,204.0,120.0,30.3,59.7,2023-03-20 19:22:28,7.0,8802.0,False,2.851875518891724,4.860324530924634,1.4438286373887704e-05,16.608809004217665,25.31316991061149,0.666328161935447
10.0,238.0,25.0,100.0,216.0,122.0,30.3,59.7,2023-03-20 19:22:34,6.0,8808.0,False,2.851875518891724,4.860324530924634,1.4438286373887704e-05,16.608809004217665,28.43636822155979,0.6855624664436136
10.0,238.0,25.0,100.0,202.0,122.0,30.3,59.6,2023-03-20 19:22:41,7.0,8815.0,False,2.8535778757714265,4.862422746794669,1.444581454850536e-05,16.618439086311085,24.821405669976087,0.685779490743152
10.0,238.0,25.0,100.0,209.0,122.0,30.3,59.6,2023-03-20 19:22:47,6.0,8821.0,False,2.8535778757714265,4.862422746794669,1.444581454850536e-05,16.618439086311085,26.601915031109257,0.685779490743152
10.0,238.0,25.0,100.0,216.0,122.0,30.3,59.6,2023-03-20 19:22:54,7.0,8828.0,False,2.8535778757714265,4.862422746794669,1.444581454850536e-05,16.618439086311085,28.44793248190648,0.685779490743152
10.0,238.0,25.0,100.0,214.0,122.0,30.3,59.5,2023-03-20 19:23:00,6.0,8834.0,False,2.8552808936338976,4.864521430785501,1.4453345077762398e-05,16.628072742829012,27.92513773560755,0.6859965384815851
10.0,238.0,25.0,100.0,202.0,120.0,30.3,59.5,2023-03-20 19:23:06,6.0,8840.0,False,2.8552808936338976,4.864521430785501,1.4453345077762398e-05,16.628072742829012,24.831497723408905,0.6667500555445146
10.0,238.0,25.0,100.0,202.0,122.0,30.3,59.5,2023-03-20 19:23:13,7.0,8847.0,False,2.8552808936338976,4.864521430785501,1.4453345077762398e-05,16.628072742829012,24.831497723408905,0.6859965384815851
10.0,241.0,25.0,100.0,202.0,121.0,30.3,59.5,2023-03-20 19:23:19,6.0,8853.0,False,2.8552808936338976,5.032031008685645,1.4453345077762398e-05,16.628072742829012,24.831497723408905,0.6763392665039413
10.0,248.0,25.0,100.0,202.0,120.0,30.3,59.5,2023-03-20 19:23:26,7.0,8860.0,False,2.8552808936338976,5.439593729929697,1.4453345077762398e-05,16.628072742829012,24.831497723408905,0.6667500555445146
10.0,243.0,25.0,100.0,202.0,122.0,30.3,59.5,2023-03-20 19:23:32,6.0,8866.0,False,2.8552808936338976,5.1460638230996745,1.4453345077762398e-05,16.628072742829012,24.831497723408905,0.6859965384815851
10.0,241.0,25.0,100.0,204.0,121.0,30.3,59.5,2023-03-20 19:23:39,7.0,8873.0,False,2.8552808936338976,5.032031008685645,1.4453345077762398e-05,16.628072742829012,25.333760238930363,0.6763392665039413
10.0,236.0,25.0,100.0,216.0,120.0,30.3,59.5,2023-03-20 19:23:45,6.0,8879.0,False,2.8552808936338976,4.755171223321174,1.4453345077762398e-05,16.628072742829012,28.45949903290999,0.6667500555445146
10.0,238.0,25.0,100.0,204.0,119.0,30.3,59.6,2023-03-20 19:23:51,6.0,8885.0,False,2.8535778757714265,4.862422746794669,1.444581454850536e-05,16.618439086311085,25.32346405523524,0.6570207905122888
10.0,243.0,25.0,100.0,204.0,119.0,30.3,59.5,2023-03-20 19:23:58,7.0,8892.0,False,2.8552808936338976,5.1460638230996745,1.4453345077762398e-05,16.628072742829012,25.333760238930363,0.6572287361837607
10.0,238.0,25.0,100.0,209.0,121.0,30.3,59.6,2023-03-20 19:24:04,6.0,8898.0,False,2.8535778757714265,4.862422746794669,1.444581454850536e-05,16.618439086311085,26.601915031109257,0.6761252743043114
10.0,238.0,25.0,100.0,214.0,119.0,30.3,59.5,2023-03-20 19:24:11,7.0,8905.0,False,2.8552808936338976,4.864521430785501,1.4453345077762398e-05,16.628072742829012,27.92513773560755,0.6572287361837607
10.0,243.0,25.0,100.0,211.0,121.0,30.3,59.5,2023-03-20 19:24:17,6.0,8911.0,False,2.8552808936338976,5.1460638230996745,1.4453345077762398e-05,16.628072742829012,27.13367227891915,0.6763392665039413
10.0,238.0,25.0,100.0,214.0,120.0,30.3,59.5,2023-03-20 19:24:24,7.0,8918.0,False,2.8552808936338976,4.864521430785501,1.4453345077762398e-05,16.628072742829012,27.92513773560755,0.6667500555445146
10.0,238.0,25.0,100.0,216.0,122.0,30.3,59.5,2023-03-20 19:24:30,6.0,8924.0,False,2.8552808936338976,4.864521430785501,1.4453345077762398e-05,16.628072742829012,28.45949903290999,0.6859965384815851
10.0,236.0,25.0,100.0,214.0,121.0,30.3,59.5,2023-03-20 19:24:36,6.0,8930.0,False,2.8552808936338976,4.755171223321174,1.4453345077762398e-05,16.628072742829012,27.92513773560755,0.6763392665039413
10.0,238.0,25.0,100.0,214.0,120.0,30.3,59.5,2023-03-20 19:24:43,7.0,8937.0,False,2.8552808936338976,4.864521430785501,1.4453345077762398e-05,16.628072742829012,27.92513773560755,0.6667500555445146
10.0,241.0,25.0,100.0,204.0,120.0,30.3,59.5,2023-03-20 19:24:49,6.0,8943.0,False,2.8552808936338976,5.032031008685645,1.4453345077762398e-05,16.628072742829012,25.333760238930363,0.6667500555445146
10.0,245.0,25.0,100.0,206.0,122.0,30.3,59.5,2023-03-20 19:24:56,7.0,8950.0,False,2.8552808936338976,5.26201447284004,1.4453345077762398e-05,16.628072742829012,25.84134662184259,0.6859965384815851
10.0,241.0,25.0,100.0,202.0,118.0,30.3,59.6,2023-03-20 19:25:02,6.0,8956.0,False,2.8535778757714265,5.029860056605455,1.444581454850536e-05,16.618439086311085,24.821405669976087,0.6475701869503511
10.0,245.0,25.0,100.0,214.0,119.0,30.2,59.5,2023-03-20 19:25:09,7.0,8963.0,False,2.8595413308692126,5.267692120933222,1.4472181704062984e-05,16.652172526045472,27.95352100667833,0.657748698592488
10.0,238.0,25.0,100.0,214.0,120.0,30.3,59.6,2023-03-20 19:25:15,6.0,8969.0,False,2.8535778757714265,4.862422746794669,1.444581454850536e-05,16.618439086311085,27.913788360499943,0.6665390973493371
10.0,238.0,25.0,100.0,211.0,122.0,30.3,59.6,2023-03-20 19:25:21,6.0,8975.0,False,2.8535778757714265,4.862422746794669,1.444581454850536e-05,16.618439086311085,27.122644572354,0.685779490743152
10.0,236.0,25.0,100.0,216.0,122.0,30.3,59.6,2023-03-20 19:25:28,7.0,8982.0,False,2.8535778757714265,4.753119715919664,1.444581454850536e-05,16.618439086311085,28.44793248190648,0.685779490743152
9.0,,925.0,,,,30.3,61.2,2023-03-20 19:25:34,6.0,8988.0,False,2.0785073812759505,4.764073113699052,39.37708026076351,16.416957096129213,27.5444052778123,0.6812269062538993
10.0,238.0,25.0,100.0,211.0,122.0,30.3,59.6,2023-03-20 19:25:41,7.0,8995.0,False,2.8535778757714265,4.862422746794669,1.444581454850536e-05,16.618439086311085,27.122644572354,0.685779490743152
9.0,,,,,,30.3,61.2,2023-03-20 19:25:47,6.0,9001.0,False,2.0785073812759505,4.818458508360648,1.4288216977600418e-05,16.416957096129213,25.73736257576725,0.6716367798565496
10.0,238.0,25.0,100.0,202.0,120.0,30.3,59.6,2023-03-20 19:25:54,7.0,9008.0,False,2.8535778757714265,4.862422746794669,1.444581454850536e-05,16.618439086311085,24.821405669976087,0.6665390973493371
10.0,245.0,25.0,100.0,204.0,120.0,30.3,59.6,2023-03-20 19:26:00,6.0,9014.0,False,2.8535778757714265,5.2597442997735175,1.444581454850536e-05,16.618439086311085,25.32346405523524,0.6665390973493371
10.0,238.0,25.0,100.0,214.0,119.0,30.3,59.6,2023-03-20 19:26:06,6.0,9020.0,False,2.8535778757714265,4.862422746794669,1.444581454850536e-05,16.618439086311085,27.913788360499943,0.6570207905122888
10.0,238.0,25.0,100.0,202.0,123.0,30.3,59.6,2023-03-20 19:26:13,7.0,9027.0,False,2.8535778757714265,4.862422746794669,1.444581454850536e-05,16.618439086311085,24.821405669976087,0.6955019185371962
10.0,245.0,25.0,100.0,204.0,120.0,30.3,59.6,2023-03-20 19:26:19,6.0,9033.0,False,2.8535778757714265,5.2597442997735175,1.444581454850536e-05,16.618439086311085,25.32346405523524,0.6665390973493371
10.0,243.0,25.0,100.0,209.0,120.0,30.3,59.6,2023-03-20 19:26:26,7.0,9040.0,False,2.8535778757714265,5.143843674228915,1.444581454850536e-05,16.618439086311085,26.601915031109257,0.6665390973493371
10.0,,92.0,140.8,226.0,123.0,30.3,61.2,2023-03-20 19:26:32,6.0,9046.0,False,2.817967004717604,4.95643747984429,0.0004416210176114,43.50138384415975,30.933816581189596,0.6908847911816569
10.0,238.0,25.0,100.0,211.0,119.0,30.3,59.6,2023-03-20 19:26:39,7.0,9053.0,False,2.8535778757714265,4.862422746794669,1.444581454850536e-05,16.618439086311085,27.122644572354,0.6570207905122888
10.0,238.0,25.0,100.0,211.0,122.0,30.3,59.6,2023-03-20 19:26:45,6.0,9059.0,False,2.8535778757714265,4.862422746794669,1.444581454850536e-05,16.618439086311085,27.122644572354,0.685779490743152
10.0,238.0,25.0,100.0,204.0,120.0,30.3,59.7,2023-03-20 19:26:51,6.0,9065.0,False,2.851875518891724,4.860324530924634,1.4438286373887704e-05,16.608809004217665,25.31316991061149,0.666328161935447
10.0,241.0,25.0,100.0,202.0,122.0,30.3,59.7,2023-03-20 19:26:58,7.0,9072.0,False,2.851875518891724,5.027689588765779,1.4438286373887704e-05,16.608809004217665,24.8113156151884,0.6855624664436136
10.0,245.0,25.0,100.0,204.0,120.0,30.3,59.7,2023-03-20 19:27:04,6.0,9078.0,False,2.851875518891724,5.257474633079198,1.4438286373887704e-05,16.608809004217665,25.31316991061149,0.666328161935447
10.0,243.0,25.0,100.0,206.0,120.0,30.3,59.8,2023-03-20 19:27:11,7.0,9085.0,False,2.850173822876,5.139404862122414,1.4430760553663977e-05,16.599182495967494,25.80984542856862,0.666117249305134
10.0,238.0,25.0,100.0,216.0,122.0,30.3,59.8,2023-03-20 19:27:17,6.0,9091.0,False,2.850173822876,4.858226783168571,1.4430760553663977e-05,16.599182495967494,28.424806251893777,0.6853454655853257
10.0,238.0,25.0,100.0,209.0,120.0,30.3,59.8,2023-03-20 19:27:24,7.0,9098.0,False,2.850173822876,4.858226783168571,1.4430760553663977e-05,16.599182495967494,26.580289487454053,0.666117249305134
10.0,238.0,25.0,100.0,209.0,122.0,30.3,59.8,2023-03-20 19:27:30,6.0,9104.0,False,2.850173822876,4.858226783168571,1.4430760553663977e-05,16.599182495967494,26.580289487454053,0.6853454655853257
10.0,241.0,25.0,100.0,202.0,119.0,30.3,59.9,2023-03-20 19:27:36,6.0,9110.0,False,2.84847278760546,5.023350105779719,1.4423237087588678e-05,16.58955956097925,24.79114150163182,0.6563970882426993
10.0,248.0,25.0,100.0,202.0,120.0,30.3,59.9,2023-03-20 19:27:43,7.0,9117.0,False,2.84847278760546,5.430209728731037,1.4423237087588678e-05,16.58955956097925,24.79114150163182,0.6659063594606885
10.0,238.0,25.0,100.0,214.0,120.0,30.3,59.9,2023-03-20 19:27:49,6.0,9123.0,False,2.84847278760546,4.85612950351964,1.4423237087588678e-05,16.58955956097925,27.87975372115273,0.6659063594606885
10.0,238.0,25.0,100.0,214.0,123.0,30.3,59.9,2023-03-20 19:27:56,7.0,9130.0,False,2.84847278760546,4.85612950351964,1.4423237087588678e-05,16.58955956097925,27.87975372115273,0.6948416865759559
10.0,238.0,25.0,100.0,216.0,120.0,30.3,59.9,2023-03-20 19:28:02,6.0,9136.0,False,2.84847278760546,4.85612950351964,1.4423237087588678e-05,16.58955956097925,28.413246572932355,0.6659063594606885
10.0,238.0,25.0,100.0,214.0,120.0,30.3,59.9,2023-03-20 19:28:09,7.0,9143.0,False,2.84847278760546,4.85612950351964,1.4423237087588678e-05,16.58955956097925,27.87975372115273,0.6659063594606885
10.0,241.0,25.0,100.0,209.0,120.0,30.3,59.9,2023-03-20 19:28:15,6.0,9149.0,False,2.84847278760546,5.023350105779719,1.4423237087588678e-05,16.58955956097925,26.569479928702663,0.6659063594606885
10.0,241.0,25.0,100.0,211.0,121.0,30.3,59.8,2023-03-20 19:28:21,6.0,9155.0,False,2.850173822876,5.025519605159558,1.4430760553663977e-05,16.599182495967494,27.100595711076217,0.675697359234159
10.0,238.0,25.0,100.0,269.0,118.0,30.3,59.8,2023-03-20 19:28:28,7.0,9162.0,False,2.850173822876,4.858226783168571,1.4430760553663977e-05,16.599182495967494,44.56194919132689,0.6471603442000375
10.0,245.0,25.0,100.0,194.0,120.0,30.3,59.8,2023-03-20 19:28:34,6.0,9168.0,False,2.850173822876,5.255205472749691,1.4430760553663977e-05,16.599182495967494,22.847595987658032,0.666117249305134
10.0,238.0,25.0,100.0,204.0,119.0,30.3,59.9,2023-03-20 19:28:41,7.0,9175.0,False,2.84847278760546,4.85612950351964,1.4423237087588678e-05,16.58955956097925,25.292587738663254,0.6563970882426993
10.0,245.0,25.0,100.0,204.0,121.0,30.3,60.0,2023-03-20 19:28:47,6.0,9181.0,False,2.8467724129613075,5.25066867115554,1.44157159754163e-05,16.579940198671594,25.282299711381285,0.6752695366183041
10.0,238.0,25.0,100.0,206.0,120.0,30.3,60.0,2023-03-20 19:28:54,7.0,9188.0,False,2.8467724129613075,4.854032691971013,1.44157159754163e-05,16.579940198671594,25.78885503286421,0.6656954924044015
10.0,238.0,25.0,100.0,216.0,119.0,30.3,60.0,2023-03-20 19:29:00,6.0,9194.0,False,2.8467724129613075,4.854032691971013,1.44157159754163e-05,16.579940198671594,28.4016891846994,0.656189232408637
10.0,238.0,25.0,100.0,209.0,122.0,30.3,60.0,2023-03-20 19:29:06,6.0,9200.0,False,2.8467724129613075,4.854032691971013,1.44157159754163e-05,16.579940198671594,26.55867251203187,0.6849115342019276
10.0,238.0,25.0,100.0,209.0,120.0,30.3,60.1,2023-03-20 19:29:13,7.0,9207.0,False,2.845072698824745,4.851936348515849,1.4408197216901284e-05,16.57032440846316,26.54786723746402,0.6654846481385648
10.0,245.0,25.0,100.0,211.0,120.0,30.3,60.0,2023-03-20 19:29:19,6.0,9213.0,False,2.8467724129613075,5.25066867115554,1.44157159754163e-05,16.579940198671594,27.078555585753676,0.6656954924044015
10.0,250.0,25.0,100.0,214.0,121.0,30.3,60.0,2023-03-20 19:29:26,7.0,9220.0,False,2.8467724129613075,5.54846500066987,1.44157159754163e-05,16.579940198671594,27.868413336773664,0.6752695366183041
10.0,245.0,25.0,100.0,199.0,121.0,30.3,60.0,2023-03-20 19:29:32,6.0,9226.0,False,2.8467724129613075,5.25066867115554,1.44157159754163e-05,16.579940198671594,24.039133617343943,0.6752695366183041
10.0,238.0,25.0,100.0,214.0,120.0,30.3,60.1,2023-03-20 19:29:39,7.0,9233.0,False,2.845072698824745,4.851936348515849,1.4408197216901284e-05,16.57032440846316,27.85707520013533,0.6654846481385648
10.0,250.0,25.0,100.0,204.0,123.0,30.3,60.1,2023-03-20 19:29:45,6.0,9239.0,False,2.845072698824745,5.54606874810453,1.4408197216901284e-05,16.57032440846316,25.27201372325577,0.6944016508229561
10.0,245.0,25.0,100.0,209.0,120.0,30.3,60.1,2023-03-20 19:29:51,6.0,9245.0,False,2.845072698824745,5.2484010298761135,1.4408197216901284e-05,16.57032440846316,26.54786723746402,0.6654846481385648
10.0,238.0,25.0,100.0,216.0,121.0,30.3,60.1,2023-03-20 19:29:58,7.0,9252.0,False,2.845072698824745,4.851936348515849,1.4408197216901284e-05,16.57032440846316,28.39013408721881,0.6750556599865488
9.0,,92.0,,,,30.3,61.2,2023-03-20 19:30:04,6.0,9258.0,False,2.0785073812759505,4.818458508360648,0.0004416210176114,16.416957096129213,26.37527418863168,0.6716367798565496
10.0,238.0,25.0,100.0,202.0,121.0,30.3,60.0,2023-03-20 19:30:11,7.0,9265.0,False,2.8467724129613075,4.854032691971013,1.44157159754163e-05,16.579940198671594,24.781057442904604,0.6752695366183041
10.0,248.0,25.0,100.0,204.0,120.0,30.3,60.0,2023-03-20 19:30:17,6.0,9271.0,False,2.8467724129613075,5.427865037045525,1.44157159754163e-05,16.579940198671594,25.282299711381285,0.6656954924044015
10.0,245.0,25.0,100.0,211.0,122.0,30.3,60.0,2023-03-20 19:30:24,7.0,9278.0,False,2.8467724129613075,5.25066867115554,1.44157159754163e-05,16.579940198671594,27.078555585753676,0.6849115342019276
10.0,238.0,25.0,100.0,211.0,121.0,30.3,60.0,2023-03-20 19:30:30,6.0,9284.0,False,2.8467724129613075,4.854032691971013,1.44157159754163e-05,16.579940198671594,27.078555585753676,0.6752695366183041
10.0,238.0,25.0,100.0,216.0,119.0,30.3,60.1,2023-03-20 19:30:36,6.0,9290.0,False,2.845072698824745,4.851936348515849,1.4408197216901284e-05,16.57032440846316,28.39013408721881,0.655981399039573
10.0,245.0,25.0,100.0,204.0,120.0,30.3,60.1,2023-03-20 19:30:43,7.0,9297.0,False,2.845072698824745,5.2484010298761135,1.4408197216901284e-05,16.57032440846316,25.27201372325577,0.6654846481385648
10.0,243.0,25.0,100.0,209.0,123.0,30.3,60.1,2023-03-20 19:30:49,6.0,9303.0,False,2.845072698824745,5.132750357941779,1.4408197216901284e-05,16.57032440846316,26.54786723746402,0.6944016508229561
10.0,243.0,25.0,100.0,209.0,122.0,30.3,60.1,2023-03-20 19:30:56,7.0,9310.0,False,2.845072698824745,5.132750357941779,1.4408197216901284e-05,16.57032440846316,26.54786723746402,0.6846946036815325
10.0,241.0,25.0,100.0,211.0,119.0,30.3,60.1,2023-03-20 19:31:02,6.0,9316.0,False,2.845072698824745,5.019012559670912,1.4408197216901284e-05,16.57032440846316,27.067538799132567,0.655981399039573
10.0,238.0,25.0,100.0,216.0,120.0,30.3,60.1,2023-03-20 19:31:09,7.0,9323.0,False,2.845072698824745,4.851936348515849,1.4408197216901284e-05,16.57032440846316,28.39013408721881,0.6654846481385648
10.0,238.0,25.0,100.0,216.0,120.0,30.3,60.1,2023-03-20 19:31:15,6.0,9329.0,False,2.845072698824745,4.851936348515849,1.4408197216901284e-05,16.57032440846316,28.39013408721881,0.6654846481385648
10.0,243.0,25.0,100.0,211.0,120.0,30.3,60.1,2023-03-20 19:31:22,7.0,9336.0,False,2.845072698824745,5.132750357941779,1.4408197216901284e-05,16.57032440846316,27.067538799132567,0.6654846481385648
10.0,238.0,25.0,100.0,214.0,122.0,30.3,60.1,2023-03-20 19:31:28,6.0,9342.0,False,2.845072698824745,4.851936348515849,1.4408197216901284e-05,16.57032440846316,27.85707520013533,0.6846946036815325
10.0,241.0,25.0,100.0,204.0,122.0,30.3,60.1,2023-03-20 19:31:34,6.0,9348.0,False,2.845072698824745,5.019012559670912,1.4408197216901284e-05,16.57032440846316,25.27201372325577,0.6846946036815325
10.0,241.0,25.0,100.0,209.0,121.0,30.3,60.1,2023-03-20 19:31:41,7.0,9355.0,False,2.845072698824745,5.019012559670912,1.4408197216901284e-05,16.57032440846316,26.54786723746402,0.6750556599865488
10.0,238.0,25.0,100.0,209.0,120.0,30.3,60.2,2023-03-20 19:31:47,6.0,9361.0,False,2.843373645076966,4.849840473147308,1.4400680811798063e-05,16.560712189772563,26.537064105021447,0.6652738266654707
10.0,238.0,25.0,100.0,204.0,119.0,30.3,60.2,2023-03-20 19:31:54,7.0,9368.0,False,2.843373645076966,4.849840473147308,1.4400680811798063e-05,16.560712189772563,25.261729774307984,0.6557735881377668
10.0,250.0,25.0,100.0,216.0,121.0,30.3,60.2,2023-03-20 19:32:00,6.0,9374.0,False,2.843373645076966,5.54367303059168,1.4400680811798063e-05,16.560712189772563,28.37858128051449,0.6748418064753418
10.0,245.0,25.0,100.0,202.0,120.0,30.3,60.2,2023-03-20 19:32:07,7.0,9381.0,False,2.843373645076966,5.2461338949319165,1.4400680811798063e-05,16.560712189772563,24.760895321656548,0.6652738266654707
10.0,238.0,25.0,100.0,216.0,122.0,30.3,60.2,2023-03-20 19:32:13,6.0,9387.0,False,2.843373645076966,4.849840473147308,1.4400680811798063e-05,16.560712189772563,28.37858128051449,0.684477696611818
10.0,238.0,25.0,100.0,211.0,122.0,30.3,60.2,2023-03-20 19:32:19,6.0,9393.0,False,2.843373645076966,4.849840473147308,1.4400680811798063e-05,16.560712189772563,27.05652419656862,0.684477696611818
10.0,245.0,25.0,100.0,216.0,120.0,30.3,60.2,2023-03-20 19:32:26,7.0,9400.0,False,2.843373645076966,5.2461338949319165,1.4400680811798063e-05,16.560712189772563,28.37858128051449,0.6652738266654707
10.0,253.0,25.0,100.0,199.0,116.0,30.3,60.2,2023-03-20 19:32:32,6.0,9406.0,False,2.843373645076966,5.728184787437553,1.4400680811798063e-05,16.560712189772563,24.019575132892363,0.6276776676905298
10.0,238.0,25.0,100.0,216.0,122.0,30.3,60.2,2023-03-20 19:32:39,7.0,9413.0,False,2.843373645076966,4.849840473147308,1.4400680811798063e-05,16.560712189772563,28.37858128051449,0.684477696611818
10.0,248.0,25.0,100.0,202.0,120.0,30.3,60.2,2023-03-20 19:32:45,6.0,9419.0,False,2.843373645076966,5.423177223957968,1.4400680811798063e-05,16.560712189772563,24.760895321656548,0.6652738266654707
10.0,243.0,25.0,100.0,216.0,120.0,30.3,60.2,2023-03-20 19:32:52,7.0,9426.0,False,2.843373645076966,5.1305331802470695,1.4400680811798063e-05,16.560712189772563,28.37858128051449,0.6652738266654707
10.0,245.0,25.0,100.0,214.0,120.0,30.3,60.2,2023-03-20 19:32:58,6.0,9432.0,False,2.843373645076966,5.2461338949319165,1.4400680811798063e-05,16.560712189772563,27.845739311261173,0.6652738266654707
10.0,241.0,25.0,100.0,206.0,121.0,30.3,60.2,2023-03-20 19:33:04,6.0,9438.0,False,2.843373645076966,5.016844512927795,1.4400680811798063e-05,16.560712189772563,25.767872957211505,0.6748418064753418
10.0,241.0,25.0,100.0,202.0,121.0,30.3,60.3,2023-03-20 19:33:11,7.0,9445.0,False,2.841675251599165,5.014676950382776,1.4393166759861056e-05,16.55110354201841,24.75081725917745,0.6746279760870094
10.0,238.0,25.0,100.0,216.0,121.0,30.3,60.3,2023-03-20 19:33:17,6.0,9451.0,False,2.841675251599165,4.847745065858556,1.4393166759861056e-05,16.55110354201841,28.36703076461035,0.6746279760870094
10.0,241.0,25.0,100.0,204.0,119.0,30.3,60.4,2023-03-20 19:33:24,7.0,9458.0,False,2.839977518272531,5.012509872028771,1.4385655060844634e-05,16.54149846461923,25.24116799403075,0.655358033744971
10.0,238.0,25.0,100.0,216.0,120.0,30.3,60.4,2023-03-20 19:33:30,6.0,9464.0,False,2.839977518272531,4.845650126642754,1.4385655060844634e-05,16.54149846461923,28.3554825395303,0.6648522521066844
10.0,243.0,25.0,100.0,202.0,120.0,30.3,60.3,2023-03-20 19:33:37,7.0,9471.0,False,2.841675251599165,5.12831649772306,1.4393166759861056e-05,16.55110354201841,24.75081725917745,0.6650630279874128
10.0,238.0,25.0,100.0,216.0,120.0,30.3,60.3,2023-03-20 19:33:43,6.0,9477.0,False,2.841675251599165,4.847745065858556,1.4393166759861056e-05,16.55110354201841,28.36703076461035,0.6650630279874128
10.0,241.0,25.0,100.0,216.0,120.0,30.3,60.2,2023-03-20 19:33:49,6.0,9483.0,False,2.843373645076966,5.016844512927795,1.4400680811798063e-05,16.560712189772563,28.37858128051449,0.6652738266654707
10.0,238.0,25.0,100.0,216.0,122.0,30.3,60.2,2023-03-20 19:33:56,7.0,9490.0,False,2.843373645076966,4.849840473147308,1.4400680811798063e-05,16.560712189772563,28.37858128051449,0.684477696611818
10.0,243.0,25.0,100.0,204.0,122.0,30.3,60.2,2023-03-20 19:34:02,6.0,9496.0,False,2.843373645076966,5.1305331802470695,1.4400680811798063e-05,16.560712189772563,25.261729774307984,0.684477696611818
10.0,250.0,25.0,100.0,214.0,119.0,30.3,60.2,2023-03-20 19:34:09,7.0,9503.0,False,2.843373645076966,5.54367303059168,1.4400680811798063e-05,16.560712189772563,27.845739311261173,0.6557735881377668
10.0,245.0,25.0,100.0,204.0,121.0,30.3,60.2,2023-03-20 19:34:15,6.0,9509.0,False,2.843373645076966,5.2461338949319165,1.4400680811798063e-05,16.560712189772563,25.261729774307984,0.6748418064753418
10.0,250.0,25.0,100.0,209.0,123.0,30.3,60.2,2023-03-20 19:34:22,7.0,9516.0,False,2.843373645076966,5.54367303059168,1.4400680811798063e-05,16.560712189772563,26.537064105021447,0.6941816686199783
10.0,238.0,25.0,100.0,214.0,121.0,30.3,60.2,2023-03-20 19:34:28,6.0,9522.0,False,2.843373645076966,4.849840473147308,1.4400680811798063e-05,16.560712189772563,27.845739311261173,0.6748418064753418
10.0,238.0,25.0,100.0,202.0,118.0,30.3,60.2,2023-03-20 19:34:34,6.0,9528.0,False,2.843373645076966,4.849840473147308,1.4400680811798063e-05,16.560712189772563,24.760895321656548,0.6463409243661268
10.0,238.0,25.0,100.0,214.0,123.0,30.3,60.3,2023-03-20 19:34:41,7.0,9535.0,False,2.841675251599165,4.847745065858556,1.4393166759861056e-05,16.55110354201841,27.83440567017468,0.6939617102025388
10.0,238.0,25.0,100.0,211.0,120.0,30.3,60.2,2023-03-20 19:34:47,6.0,9541.0,False,2.843373645076966,4.849840473147308,1.4400680811798063e-05,16.560712189772563,27.05652419656862,0.6652738266654707
10.0,236.0,25.0,100.0,216.0,121.0,30.3,60.2,2023-03-20 19:34:54,7.0,9548.0,False,2.843373645076966,4.740820280831716,1.4400680811798063e-05,16.560712189772563,28.37858128051449,0.6748418064753418
10.0,243.0,25.0,100.0,202.0,120.0,30.3,60.2,2023-03-20 19:35:00,6.0,9554.0,False,2.843373645076966,5.1305331802470695,1.4400680811798063e-05,16.560712189772563,24.760895321656548,0.6652738266654707
10.0,238.0,25.0,100.0,204.0,122.0,30.3,60.3,2023-03-20 19:35:07,7.0,9561.0,False,2.841675251599165,4.847745065858556,1.4393166759861056e-05,16.55110354201841,25.251447864559218,0.6842608129951437
10.0,245.0,25.0,100.0,209.0,119.0,30.3,60.2,2023-03-20 19:35:13,6.0,9567.0,False,2.843373645076966,5.2461338949319165,1.4400680811798063e-05,16.560712189772563,26.537064105021447,0.6557735881377668
10.0,243.0,25.0,100.0,216.0,120.0,30.3,60.2,2023-03-20 19:35:19,6.0,9573.0,False,2.843373645076966,5.1305331802470695,1.4400680811798063e-05,16.560712189772563,28.37858128051449,0.6652738266654707
10.0,241.0,25.0,100.0,194.0,120.0,30.3,60.2,2023-03-20 19:35:26,7.0,9580.0,False,2.843373645076966,5.016844512927795,1.4400680811798063e-05,16.560712189772563,22.81044078381053,0.6652738266654707
10.0,241.0,25.0,100.0,204.0,121.0,30.3,60.2,2023-03-20 19:35:32,6.0,9586.0,False,2.843373645076966,5.016844512927795,1.4400680811798063e-05,16.560712189772563,25.261729774307984,0.6748418064753418
10.0,241.0,25.0,100.0,197.0,121.0,30.3,60.3,2023-03-20 19:35:39,7.0,9593.0,False,2.841675251599165,5.014676950382776,1.4393166759861056e-05,16.55110354201841,23.5223899533742,0.6746279760870094
10.0,238.0,25.0,100.0,211.0,122.0,30.3,60.3,2023-03-20 19:35:45,6.0,9599.0,False,2.841675251599165,4.847745065858556,1.4393166759861056e-05,16.55110354201841,27.045511778084613,0.6842608129951437
10.0,238.0,25.0,100.0,216.0,121.0,30.3,60.3,2023-03-20 19:35:52,7.0,9606.0,False,2.841675251599165,4.847745065858556,1.4393166759861056e-05,16.55110354201841,28.36703076461035,0.6746279760870094
10.0,238.0,25.0,100.0,211.0,119.0,30.3,60.3,2023-03-20 19:35:58,6.0,9612.0,False,2.841675251599165,4.847745065858556,1.4393166759861056e-05,16.55110354201841,27.045511778084613,0.6555657997054791
10.0,238.0,25.0,100.0,216.0,120.0,30.3,60.3,2023-03-20 19:36:04,6.0,9618.0,False,2.841675251599165,4.847745065858556,1.4393166759861056e-05,16.55110354201841,28.36703076461035,0.6650630279874128
10.0,241.0,25.0,100.0,199.0,123.0,30.3,60.3,2023-03-20 19:36:11,7.0,9625.0,False,2.841675251599165,5.014676950382776,1.4393166759861056e-05,16.55110354201841,24.00979879904957,0.6939617102025388
10.0,236.0,25.0,100.0,199.0,121.0,30.3,60.2,2023-03-20 19:36:17,6.0,9631.0,False,2.843373645076966,4.740820280831716,1.4400680811798063e-05,16.560712189772563,24.019575132892363,0.6748418064753418
10.0,238.0,25.0,100.0,211.0,120.0,30.3,60.3,2023-03-20 19:36:24,7.0,9638.0,False,2.841675251599165,4.847745065858556,1.4393166759861056e-05,16.55110354201841,27.045511778084613,0.6650630279874128
10.0,238.0,25.0,100.0,209.0,120.0,30.3,60.3,2023-03-20 19:36:30,6.0,9644.0,False,2.841675251599165,4.847745065858556,1.4393166759861056e-05,16.55110354201841,26.526263114726536,0.6650630279874128
10.0,238.0,25.0,100.0,202.0,120.0,30.3,60.2,2023-03-20 19:36:37,7.0,9651.0,False,2.843373645076966,4.849840473147308,1.4400680811798063e-05,16.560712189772563,24.760895321656548,0.6652738266654707
10.0,241.0,25.0,100.0,206.0,120.0,30.3,60.2,2023-03-20 19:36:43,6.0,9657.0,False,2.843373645076966,5.016844512927795,1.4400680811798063e-05,16.560712189772563,25.767872957211505,0.6652738266654707
10.0,238.0,25.0,100.0,199.0,120.0,30.3,60.2,2023-03-20 19:36:49,6.0,9663.0,False,2.843373645076966,4.849840473147308,1.4400680811798063e-05,16.560712189772563,24.019575132892363,0.6652738266654707
10.0,238.0,25.0,100.0,214.0,122.0,30.3,60.2,2023-03-20 19:36:56,7.0,9670.0,False,2.843373645076966,4.849840473147308,1.4400680811798063e-05,16.560712189772563,27.845739311261173,0.684477696611818
10.0,238.0,25.0,100.0,214.0,121.0,30.3,60.2,2023-03-20 19:37:02,6.0,9676.0,False,2.843373645076966,4.849840473147308,1.4400680811798063e-05,16.560712189772563,27.845739311261173,0.6748418064753418
10.0,241.0,25.0,100.0,202.0,119.0,30.3,60.2,2023-03-20 19:37:09,7.0,9683.0,False,2.843373645076966,5.016844512927795,1.4400680811798063e-05,16.560712189772563,24.760895321656548,0.6557735881377668
10.0,243.0,25.0,100.0,206.0,120.0,30.3,60.2,2023-03-20 19:37:15,6.0,9689.0,False,2.843373645076966,5.1305331802470695,1.4400680811798063e-05,16.560712189772563,25.767872957211505,0.6652738266654707
10.0,243.0,25.0,100.0,204.0,120.0,30.3,60.2,2023-03-20 19:37:22,7.0,9696.0,False,2.843373645076966,5.1305331802470695,1.4400680811798063e-05,16.560712189772563,25.261729774307984,0.6652738266654707
10.0,241.0,25.0,100.0,194.0,118.0,30.3,60.1,2023-03-20 19:37:28,6.0,9702.0,False,2.845072698824745,5.019012559670912,1.4408197216901284e-05,16.57032440846316,22.819726822834493,0.646545746110699
10.0,238.0,25.0,100.0,214.0,121.0,30.3,60.1,2023-03-20 19:37:34,6.0,9708.0,False,2.845072698824745,4.851936348515849,1.4408197216901284e-05,16.57032440846316,27.85707520013533,0.6750556599865488
10.0,245.0,25.0,100.0,204.0,121.0,30.3,60.2,2023-03-20 19:37:41,7.0,9715.0,False,2.843373645076966,5.2461338949319165,1.4400680811798063e-05,16.560712189772563,25.261729774307984,0.6748418064753418
10.0,245.0,25.0,100.0,216.0,120.0,30.3,60.2,2023-03-20 19:37:47,6.0,9721.0,False,2.843373645076966,5.2461338949319165,1.4400680811798063e-05,16.560712189772563,28.37858128051449,0.6652738266654707
10.0,238.0,25.0,100.0,204.0,120.0,30.3,60.2,2023-03-20 19:37:54,7.0,9728.0,False,2.843373645076966,4.849840473147308,1.4400680811798063e-05,16.560712189772563,25.261729774307984,0.6652738266654707
10.0,253.0,25.0,100.0,202.0,121.0,30.3,60.2,2023-03-20 19:38:00,6.0,9734.0,False,2.843373645076966,5.728184787437553,1.4400680811798063e-05,16.560712189772563,24.760895321656548,0.6748418064753418
10.0,238.0,25.0,100.0,214.0,120.0,30.3,60.3,2023-03-20 19:38:07,7.0,9741.0,False,2.841675251599165,4.847745065858556,1.4393166759861056e-05,16.55110354201841,27.83440567017468,0.6650630279874128
10.0,238.0,25.0,100.0,211.0,122.0,30.3,60.3,2023-03-20 19:38:13,6.0,9747.0,False,2.841675251599165,4.847745065858556,1.4393166759861056e-05,16.55110354201841,27.045511778084613,0.6842608129951437
10.0,245.0,25.0,100.0,211.0,120.0,30.3,60.4,2023-03-20 19:38:19,6.0,9753.0,False,2.839977518272531,5.241601144019636,1.4385655060844634e-05,16.54149846461923,27.03450154370336,0.6648522521066844
10.0,253.0,25.0,100.0,202.0,120.0,30.3,60.4,2023-03-20 19:38:26,7.0,9760.0,False,2.839977518272531,5.723235536171579,1.4385655060844634e-05,16.54149846461923,24.74074119548942,0.6648522521066844
10.0,250.0,25.0,100.0,209.0,121.0,30.3,60.5,2023-03-20 19:38:32,6.0,9766.0,False,2.838280444978252,5.536489088289866,1.437814571450315e-05,16.53189695699357,26.50466756066909,0.6742003846882761
10.0,245.0,25.0,100.0,211.0,120.0,30.3,60.5,2023-03-20 19:38:39,7.0,9773.0,False,2.838280444978252,5.239335528036754,1.437814571450315e-05,16.53189695699357,27.023493493447663,0.6646414990255807
10.0,241.0,25.0,100.0,202.0,120.0,30.3,60.6,2023-03-20 19:38:45,6.0,9779.0,False,2.836584031597509,5.008177167865507,1.4370638720590932e-05,16.522299018559934,24.720595064570134,0.6644307687463966
10.0,241.0,25.0,100.0,214.0,122.0,30.3,60.6,2023-03-20 19:38:52,7.0,9786.0,False,2.836584031597509,5.008177167865507,1.4370638720590932e-05,16.522299018559934,27.800418233875757,0.6836103028869657
10.0,241.0,25.0,100.0,216.0,116.0,30.3,60.6,2023-03-20 19:38:58,6.0,9792.0,False,2.836584031597509,5.008177167865507,1.4370638720590932e-05,16.522299018559934,28.332392961938144,0.6268822529197055
10.0,245.0,25.0,100.0,204.0,120.0,30.3,60.7,2023-03-20 19:39:04,6.0,9798.0,False,2.8348882780114804,5.234805814980486,1.4363134078862289e-05,16.512704648736797,25.21034061798011,0.6642200612714284
10.0,248.0,25.0,100.0,211.0,120.0,30.3,60.7,2023-03-20 19:39:11,7.0,9805.0,False,2.8348882780114804,5.411466850869109,1.4363134078862289e-05,16.512704648736797,27.001483945404164,0.6642200612714284
10.0,,92.0,,,,30.3,61.2,2023-03-20 19:39:17,6.0,9811.0,False,2.817967004717604,5.097334931255014,0.0004416210176114,16.416957096129213,27.5444052778123,0.6716367798565496
10.0,238.0,25.0,100.0,216.0,122.0,30.3,60.7,2023-03-20 19:39:24,7.0,9818.0,False,2.8348882780114804,4.839368117364592,1.4363134078862289e-05,16.512704648736797,28.320851609473877,0.6833935131060598
10.0,248.0,25.0,100.0,211.0,120.0,30.3,60.6,2023-03-20 19:39:30,6.0,9824.0,False,2.836584031597509,5.413807878702627,1.4370638720590932e-05,16.522299018559934,27.01248762734033,0.6644307687463966
10.0,238.0,25.0,100.0,202.0,121.0,30.3,60.6,2023-03-20 19:39:37,7.0,9831.0,False,2.836584031597509,4.841461652402614,1.4370638720590932e-05,16.522299018559934,24.720595064570134,0.6739866236825315
10.0,243.0,25.0,100.0,206.0,120.0,30.3,60.6,2023-03-20 19:39:43,6.0,9837.0,False,2.836584031597509,5.121669421102825,1.4370638720590932e-05,16.522299018559934,25.72593376675593,0.6644307687463966
10.0,238.0,25.0,100.0,197.0,120.0,30.3,60.6,2023-03-20 19:39:49,6.0,9843.0,False,2.836584031597509,4.841461652402614,1.4370638720590932e-05,16.522299018559934,23.493667740311277,0.6644307687463966
10.0,241.0,25.0,100.0,211.0,120.0,30.3,60.5,2023-03-20 19:39:56,7.0,9850.0,False,2.838280444978252,5.010343277858708,1.437814571450315e-05,16.53189695699357,27.023493493447663,0.6646414990255807
10.0,250.0,25.0,100.0,204.0,120.0,30.3,60.6,2023-03-20 19:40:02,6.0,9856.0,False,2.836584031597509,5.534095510908775,1.4370638720590932e-05,16.522299018559934,25.2206143707199,0.6644307687463966
10.0,238.0,25.0,100.0,216.0,123.0,30.3,60.5,2023-03-20 19:40:09,7.0,9863.0,False,2.838280444978252,4.843555655493051,1.437814571450315e-05,16.53189695699357,28.343936605298254,0.6935218647338499
10.0,238.0,25.0,100.0,216.0,121.0,30.3,60.5,2023-03-20 19:40:15,6.0,9869.0,False,2.838280444978252,4.843555655493051,1.437814571450315e-05,16.53189695699357,28.343936605298254,0.6742003846882761
10.0,238.0,25.0,100.0,216.0,120.0,30.3,60.5,2023-03-20 19:40:22,7.0,9876.0,False,2.838280444978252,4.843555655493051,1.437814571450315e-05,16.53189695699357,28.343936605298254,0.6646414990255807
10.0,241.0,25.0,100.0,214.0,120.0,30.3,60.5,2023-03-20 19:40:28,6.0,9882.0,False,2.838280444978252,5.010343277858708,1.437814571450315e-05,16.53189695699357,27.811745131458498,0.6646414990255807
10.0,250.0,25.0,100.0,199.0,120.0,30.3,60.5,2023-03-20 19:40:34,6.0,9888.0,False,2.838280444978252,5.536489088289866,1.437814571450315e-05,16.53189695699357,23.99025194823117,0.6646414990255807
10.0,250.0,25.0,100.0,204.0,120.0,30.3,60.5,2023-03-20 19:40:41,7.0,9895.0,False,2.838280444978252,5.536489088289866,1.437814571450315e-05,16.53189695699357,25.230890162743886,0.6646414990255807
10.0,245.0,25.0,100.0,199.0,120.0,30.3,60.5,2023-03-20 19:40:47,6.0,9901.0,False,2.838280444978252,5.239335528036754,1.437814571450315e-05,16.53189695699357,23.99025194823117,0.6646414990255807
10.0,238.0,25.0,100.0,206.0,122.0,30.3,60.5,2023-03-20 19:40:54,7.0,9908.0,False,2.838280444978252,4.843555655493051,1.437814571450315e-05,16.53189695699357,25.736415444209307,0.6838271161303562
10.0,238.0,25.0,100.0,204.0,123.0,30.3,60.5,2023-03-20 19:41:00,6.0,9914.0,False,2.838280444978252,4.843555655493051,1.437814571450315e-05,16.53189695699357,25.230890162743886,0.6935218647338499
10.0,238.0,25.0,100.0,211.0,123.0,30.3,60.5,2023-03-20 19:41:07,7.0,9921.0,False,2.838280444978252,4.843555655493051,1.437814571450315e-05,16.53189695699357,27.023493493447663,0.6935218647338499
10.0,245.0,25.0,100.0,204.0,119.0,30.3,60.5,2023-03-20 19:41:13,6.0,9927.0,False,2.838280444978252,5.239335528036754,1.437814571450315e-05,16.53189695699357,25.230890162743886,0.6551502902585044
10.0,245.0,25.0,100.0,204.0,120.0,30.3,60.5,2023-03-20 19:41:19,6.0,9933.0,False,2.838280444978252,5.239335528036754,1.437814571450315e-05,16.53189695699357,25.230890162743886,0.6646414990255807
10.0,253.0,25.0,100.0,202.0,120.0,30.3,60.5,2023-03-20 19:41:26,7.0,9940.0,False,2.838280444978252,5.72076173979748,1.437814571450315e-05,16.53189695699357,24.73066713061336,0.6646414990255807
10.0,238.0,25.0,100.0,214.0,120.0,30.3,60.4,2023-03-20 19:41:32,6.0,9946.0,False,2.839977518272531,4.845650126642754,1.4385655060844634e-05,16.54149846461923,27.8230742768993,0.6648522521066844
10.0,245.0,25.0,100.0,204.0,121.0,30.3,60.4,2023-03-20 19:41:39,7.0,9953.0,False,2.839977518272531,5.241601144019636,1.4385655060844634e-05,16.54149846461923,25.24116799403075,0.6744141688238782
10.0,238.0,25.0,100.0,216.0,121.0,30.3,60.4,2023-03-20 19:41:45,6.0,9959.0,False,2.839977518272531,4.845650126642754,1.4385655060844634e-05,16.54149846461923,28.3554825395303,0.6744141688238782
10.0,238.0,25.0,100.0,211.0,120.0,30.3,60.4,2023-03-20 19:41:52,7.0,9966.0,False,2.839977518272531,4.845650126642754,1.4385655060844634e-05,16.54149846461923,27.03450154370336,0.6648522521066844
10.0,250.0,25.0,100.0,204.0,119.0,30.3,60.3,2023-03-20 19:41:58,6.0,9972.0,False,2.841675251599165,5.541277848123499,1.4393166759861056e-05,16.55110354201841,25.251447864559218,0.6555657997054791
10.0,250.0,25.0,100.0,199.0,120.0,30.3,60.3,2023-03-20 19:42:05,7.0,9979.0,False,2.841675251599165,5.541277848123499,1.4393166759861056e-05,16.55110354201841,24.00979879904957,0.6650630279874128
10.0,253.0,25.0,100.0,214.0,125.0,30.3,60.3,2023-03-20 19:42:11,6.0,9985.0,False,2.841675251599165,5.725709885382244,1.4393166759861056e-05,16.55110354201841,27.83440567017468,0.713568383876892
10.0,253.0,25.0,100.0,194.0,119.0,30.3,60.3,2023-03-20 19:42:17,6.0,9991.0,False,2.841675251599165,5.725709885382244,1.4393166759861056e-05,16.55110354201841,22.80115658611053,0.6555657997054791
10.0,241.0,25.0,100.0,204.0,120.0,30.3,60.3,2023-03-20 19:42:24,7.0,9998.0,False,2.841675251599165,5.014676950382776,1.4393166759861056e-05,16.55110354201841,25.251447864559218,0.6650630279874128
10.0,255.0,25.0,100.0,204.0,121.0,30.3,60.4,2023-03-20 19:42:30,6.0,10004.0,False,2.839977518272531,5.848687128497403,1.4385655060844634e-05,16.54149846461923,25.24116799403075,0.6744141688238782
10.0,253.0,25.0,100.0,197.0,120.0,30.3,60.3,2023-03-20 19:42:37,7.0,10011.0,False,2.841675251599165,5.725709885382244,1.4393166759861056e-05,16.55110354201841,23.5223899533742,0.6650630279874128
10.0,253.0,25.0,100.0,199.0,120.0,30.3,60.3,2023-03-20 19:42:43,6.0,10017.0,False,2.841675251599165,5.725709885382244,1.4393166759861056e-05,16.55110354201841,24.00979879904957,0.6650630279874128
10.0,238.0,25.0,100.0,199.0,119.0,30.3,60.3,2023-03-20 19:42:50,7.0,10024.0,False,2.841675251599165,4.847745065858556,1.4393166759861056e-05,16.55110354201841,24.00979879904957,0.6555657997054791
10.0,245.0,25.0,100.0,216.0,120.0,30.3,60.4,2023-03-20 19:42:56,6.0,10030.0,False,2.839977518272531,5.241601144019636,1.4385655060844634e-05,16.54149846461923,28.3554825395303,0.6648522521066844
10.0,253.0,25.0,100.0,202.0,121.0,30.3,60.3,2023-03-20 19:43:02,6.0,10036.0,False,2.841675251599165,5.725709885382244,1.4393166759861056e-05,16.55110354201841,24.75081725917745,0.6746279760870094
10.0,243.0,25.0,100.0,211.0,122.0,30.3,60.3,2023-03-20 19:43:09,7.0,10043.0,False,2.841675251599165,5.12831649772306,1.4393166759861056e-05,16.55110354201841,27.045511778084613,0.6842608129951437
10.0,255.0,25.0,100.0,202.0,122.0,30.3,60.3,2023-03-20 19:43:15,6.0,10049.0,False,2.841675251599165,5.851215714694557,1.4393166759861056e-05,16.55110354201841,24.75081725917745,0.6842608129951437
10.0,250.0,25.0,100.0,204.0,120.0,30.3,60.3,2023-03-20 19:43:22,7.0,10056.0,False,2.841675251599165,5.541277848123499,1.4393166759861056e-05,16.55110354201841,25.251447864559218,0.6650630279874128
10.0,255.0,25.0,100.0,204.0,122.0,30.3,60.3,2023-03-20 19:43:28,6.0,10062.0,False,2.841675251599165,5.851215714694557,1.4393166759861056e-05,16.55110354201841,25.251447864559218,0.6842608129951437
10.0,241.0,25.0,100.0,199.0,121.0,30.3,60.3,2023-03-20 19:43:35,7.0,10069.0,False,2.841675251599165,5.014676950382776,1.4393166759861056e-05,16.55110354201841,24.00979879904957,0.6746279760870094
10.0,245.0,25.0,100.0,206.0,121.0,30.3,60.3,2023-03-20 19:43:41,6.0,10075.0,False,2.841675251599165,5.243867266315559,1.4393166759861056e-05,16.55110354201841,25.75738503945881,0.6746279760870094
10.0,255.0,25.0,100.0,202.0,121.0,30.3,60.3,2023-03-20 19:43:47,6.0,10081.0,False,2.841675251599165,5.851215714694557,1.4393166759861056e-05,16.55110354201841,24.75081725917745,0.6746279760870094
10.0,255.0,25.0,100.0,199.0,119.0,30.3,60.3,2023-03-20 19:43:54,7.0,10088.0,False,2.841675251599165,5.851215714694557,1.4393166759861056e-05,16.55110354201841,24.00979879904957,0.6555657997054791
10.0,260.0,25.0,100.0,202.0,121.0,30.3,60.3,2023-03-20 19:44:00,6.0,10094.0,False,2.841675251599165,6.174114767281376,1.4393166759861056e-05,16.55110354201841,24.75081725917745,0.6746279760870094
10.0,255.0,25.0,100.0,204.0,121.0,30.3,60.3,2023-03-20 19:44:07,7.0,10101.0,False,2.841675251599165,5.851215714694557,1.4393166759861056e-05,16.55110354201841,25.251447864559218,0.6746279760870094
10.0,253.0,25.0,100.0,199.0,118.0,30.3,60.3,2023-03-20 19:44:13,6.0,10107.0,False,2.841675251599165,5.725709885382244,1.4393166759861056e-05,16.55110354201841,24.00979879904957,0.6461361247678712
10.0,238.0,25.0,100.0,216.0,120.0,30.3,60.4,2023-03-20 19:44:20,7.0,10114.0,False,2.839977518272531,4.845650126642754,1.4385655060844634e-05,16.54149846461923,28.3554825395303,0.6648522521066844
10.0,245.0,25.0,100.0,214.0,120.0,30.3,60.4,2023-03-20 19:44:26,6.0,10120.0,False,2.839977518272531,5.241601144019636,1.4385655060844634e-05,16.54149846461923,27.8230742768993,0.6648522521066844
10.0,257.0,25.0,100.0,199.0,116.0,30.3,60.4,2023-03-20 19:44:32,6.0,10126.0,False,2.839977518272531,5.976211430170969,1.4385655060844634e-05,16.54149846461923,24.00002440415576,0.6272799172827871
10.0,245.0,25.0,100.0,209.0,121.0,30.3,60.4,2023-03-20 19:44:39,7.0,10133.0,False,2.839977518272531,5.241601144019636,1.4385655060844634e-05,16.54149846461923,26.515464266601636,0.6744141688238782
10.0,245.0,25.0,100.0,202.0,119.0,30.3,60.5,2023-03-20 19:44:45,6.0,10139.0,False,2.838280444978252,5.239335528036754,1.437814571450315e-05,16.53189695699357,24.73066713061336,0.6551502902585044
10.0,245.0,25.0,100.0,216.0,120.0,30.3,60.5,2023-03-20 19:44:52,7.0,10146.0,False,2.838280444978252,5.239335528036754,1.437814571450315e-05,16.53189695699357,28.343936605298254,0.6646414990255807
10.0,243.0,25.0,100.0,216.0,120.0,30.3,60.5,2023-03-20 19:45:05,13.0,10159.0,False,2.838280444978252,5.123884618158174,1.437814571450315e-05,16.53189695699357,28.343936605298254,0.6646414990255807
10.0,248.0,25.0,100.0,199.0,119.0,30.3,60.5,2023-03-20 19:45:11,6.0,10165.0,False,2.838280444978252,5.416149429920618,1.437814571450315e-05,16.53189695699357,23.99025194823117,0.6551502902585044
10.0,245.0,25.0,100.0,216.0,119.0,30.3,60.5,2023-03-20 19:45:17,6.0,10171.0,False,2.838280444978252,5.239335528036754,1.437814571450315e-05,16.53189695699357,28.343936605298254,0.6551502902585044
10.0,243.0,25.0,100.0,214.0,121.0,30.3,60.5,2023-03-20 19:45:24,7.0,10178.0,False,2.838280444978252,5.123884618158174,1.437814571450315e-05,16.53189695699357,27.811745131458498,0.6742003846882761
10.0,243.0,25.0,100.0,216.0,118.0,30.3,60.5,2023-03-20 19:45:30,6.0,10184.0,False,2.838280444978252,5.123884618158174,1.437814571450315e-05,16.53189695699357,28.343936605298254,0.6457265920192237
10.0,243.0,25.0,100.0,204.0,120.0,30.3,60.5,2023-03-20 19:45:37,7.0,10191.0,False,2.838280444978252,5.123884618158174,1.437814571450315e-05,16.53189695699357,25.230890162743886,0.6646414990255807
10.0,245.0,25.0,100.0,206.0,122.0,30.3,60.5,2023-03-20 19:45:43,6.0,10197.0,False,2.838280444978252,5.239335528036754,1.437814571450315e-05,16.53189695699357,25.736415444209307,0.6838271161303562
10.0,241.0,25.0,100.0,216.0,120.0,30.3,60.6,2023-03-20 19:45:50,7.0,10204.0,False,2.836584031597509,5.008177167865507,1.4370638720590932e-05,16.522299018559934,28.332392961938144,0.6644307687463966
10.0,260.0,25.0,100.0,202.0,122.0,30.3,60.5,2023-03-20 19:45:56,6.0,10210.0,False,2.838280444978252,6.168779111207786,1.437814571450315e-05,16.53189695699357,24.73066713061336,0.6838271161303562
10.0,253.0,25.0,100.0,216.0,120.0,30.3,60.6,2023-03-20 19:46:02,6.0,10216.0,False,2.836584031597509,5.718288496251859,1.4370638720590932e-05,16.522299018559934,28.332392961938144,0.6644307687463966
10.0,250.0,25.0,100.0,197.0,119.0,30.4,60.6,2023-03-20 19:46:09,7.0,10223.0,False,2.832345884487605,5.528113908122477,1.435188152607599e-05,16.498319783874646,23.46974562280943,0.6544233650716187
10.0,245.0,25.0,100.0,211.0,121.0,30.3,60.5,2023-03-20 19:46:15,6.0,10229.0,False,2.838280444978252,5.239335528036754,1.437814571450315e-05,16.53189695699357,27.023493493447663,0.6742003846882761
10.0,245.0,25.0,100.0,194.0,119.0,30.4,60.6,2023-03-20 19:46:22,7.0,10236.0,False,2.832345884487605,5.231409859204944,1.435188152607599e-05,16.498319783874646,22.750126413285496,0.6544233650716187
10.0,200.0,25.0,100.0,202.0,120.0,30.3,60.5,2023-03-20 19:46:28,6.0,10242.0,False,2.838280444978252,3.06397074924034,1.437814571450315e-05,16.53189695699357,24.73066713061336,0.6646414990255807
10.0,250.0,25.0,100.0,209.0,120.0,30.3,60.5,2023-03-20 19:46:41,13.0,10255.0,False,2.838280444978252,5.536489088289866,1.437814571450315e-05,16.53189695699357,26.50466756066909,0.6646414990255807
10.0,250.0,25.0,100.0,199.0,121.0,30.3,60.5,2023-03-20 19:46:47,6.0,10261.0,False,2.838280444978252,5.536489088289866,1.437814571450315e-05,16.53189695699357,23.99025194823117,0.6742003846882761
10.0,241.0,25.0,100.0,216.0,120.0,30.4,60.6,2023-03-20 19:46:54,7.0,10268.0,False,2.832345884487605,5.0027640111098055,1.435188152607599e-05,16.498319783874646,28.303543876259585,0.6639040428219047
10.0,253.0,25.0,100.0,202.0,122.0,30.3,60.5,2023-03-20 19:47:00,6.0,10274.0,False,2.838280444978252,5.72076173979748,1.437814571450315e-05,16.53189695699357,24.73066713061336,0.6838271161303562
10.0,243.0,25.0,100.0,214.0,122.0,30.3,60.5,2023-03-20 19:47:07,7.0,10281.0,False,2.838280444978252,5.123884618158174,1.437814571450315e-05,16.53189695699357,27.811745131458498,0.6838271161303562
10.0,255.0,25.0,100.0,204.0,122.0,30.3,60.5,2023-03-20 19:47:13,6.0,10287.0,False,2.838280444978252,5.846159107254823,1.437814571450315e-05,16.53189695699357,25.230890162743886,0.6838271161303562
10.0,250.0,25.0,100.0,214.0,120.0,30.4,60.6,2023-03-20 19:47:20,7.0,10294.0,False,2.832345884487605,5.528113908122477,1.435188152607599e-05,16.498319783874646,27.77211082445198,0.6639040428219047
10.0,243.0,25.0,100.0,194.0,120.0,30.3,60.5,2023-03-20 19:47:26,6.0,10300.0,False,2.838280444978252,5.123884618158174,1.437814571450315e-05,16.53189695699357,22.782593714759297,0.6646414990255807
10.0,243.0,25.0,100.0,214.0,119.0,30.3,60.5,2023-03-20 19:47:32,6.0,10306.0,False,2.838280444978252,5.123884618158174,1.437814571450315e-05,16.53189695699357,27.811745131458498,0.6551502902585044
10.0,245.0,25.0,100.0,192.0,120.0,30.3,60.5,2023-03-20 19:47:39,7.0,10313.0,False,2.838280444978252,5.239335528036754,1.437814571450315e-05,16.53189695699357,22.308729500157064,0.6646414990255807
10.0,241.0,25.0,100.0,211.0,121.0,30.3,60.5,2023-03-20 19:47:45,6.0,10319.0,False,2.838280444978252,5.010343277858708,1.437814571450315e-05,16.53189695699357,27.023493493447663,0.6742003846882761
10.0,238.0,25.0,100.0,209.0,120.0,30.3,60.5,2023-03-20 19:47:52,7.0,10326.0,False,2.838280444978252,4.843555655493051,1.437814571450315e-05,16.53189695699357,26.50466756066909,0.6646414990255807
10.0,250.0,25.0,100.0,204.0,119.0,30.3,60.4,2023-03-20 19:47:58,6.0,10332.0,False,2.839977518272531,5.538883200692169,1.4385655060844634e-05,16.54149846461923,25.24116799403075,0.655358033744971
10.0,253.0,25.0,100.0,194.0,121.0,30.3,60.5,2023-03-20 19:48:05,7.0,10339.0,False,2.838280444978252,5.72076173979748,1.437814571450315e-05,16.53189695699357,22.782593714759297,0.6742003846882761
10.0,248.0,25.0,100.0,194.0,120.0,30.3,60.5,2023-03-20 19:48:11,6.0,10345.0,False,2.838280444978252,5.416149429920618,1.437814571450315e-05,16.53189695699357,22.782593714759297,0.6646414990255807
10.0,250.0,25.0,100.0,202.0,121.0,30.3,60.5,2023-03-20 19:48:17,6.0,10351.0,False,2.838280444978252,5.536489088289866,1.437814571450315e-05,16.53189695699357,24.73066713061336,0.6742003846882761
10.0,238.0,25.0,100.0,209.0,123.0,30.4,60.5,2023-03-20 19:48:24,7.0,10358.0,False,2.8340406486043546,4.8383215253631,1.4359382639990017e-05,16.507908801872436,26.477685168076217,0.6929721917342926
10.0,245.0,25.0,100.0,209.0,119.0,30.4,60.5,2023-03-20 19:48:30,6.0,10364.0,False,2.8340406486043546,5.233673703150498,1.4359382639990017e-05,16.507908801872436,26.477685168076217,0.6546310298811184
10.0,243.0,25.0,100.0,214.0,122.0,30.4,60.5,2023-03-20 19:48:37,7.0,10371.0,False,2.8340406486043546,5.1183475539083,1.4359382639990017e-05,16.507908801872436,27.78343210228685,0.6832851270147771
10.0,238.0,25.0,100.0,214.0,121.0,30.3,60.5,2023-03-20 19:48:43,6.0,10377.0,False,2.838280444978252,4.843555655493051,1.437814571450315e-05,16.53189695699357,27.811745131458498,0.6742003846882761
10.0,238.0,25.0,100.0,211.0,122.0,30.3,60.5,2023-03-20 19:48:50,7.0,10384.0,False,2.838280444978252,4.843555655493051,1.437814571450315e-05,16.53189695699357,27.023493493447663,0.6838271161303562
10.0,243.0,25.0,100.0,211.0,120.0,30.3,60.5,2023-03-20 19:48:56,6.0,10390.0,False,2.838280444978252,5.123884618158174,1.437814571450315e-05,16.53189695699357,27.023493493447663,0.6646414990255807
10.0,260.0,25.0,100.0,199.0,121.0,30.3,60.6,2023-03-20 19:49:02,6.0,10396.0,False,2.836584031597509,6.16611217735962,1.4370638720590932e-05,16.522299018559934,23.98048143129607,0.6739866236825315
10.0,245.0,25.0,100.0,202.0,120.0,30.3,60.6,2023-03-20 19:49:09,7.0,10403.0,False,2.836584031597509,5.237070418359506,1.4370638720590932e-05,16.522299018559934,24.720595064570134,0.6644307687463966
10.0,245.0,25.0,100.0,216.0,121.0,30.3,60.5,2023-03-20 19:49:15,6.0,10409.0,False,2.838280444978252,5.239335528036754,1.437814571450315e-05,16.53189695699357,28.343936605298254,0.6742003846882761
10.0,241.0,25.0,100.0,204.0,122.0,30.3,60.5,2023-03-20 19:49:22,7.0,10416.0,False,2.838280444978252,5.010343277858708,1.437814571450315e-05,16.53189695699357,25.230890162743886,0.6838271161303562
10.0,238.0,25.0,100.0,214.0,120.0,30.3,60.5,2023-03-20 19:49:28,6.0,10422.0,False,2.838280444978252,4.843555655493051,1.437814571450315e-05,16.53189695699357,27.811745131458498,0.6646414990255807
10.0,253.0,25.0,100.0,199.0,121.0,30.3,60.5,2023-03-20 19:49:35,7.0,10429.0,False,2.838280444978252,5.72076173979748,1.437814571450315e-05,16.53189695699357,23.99025194823117,0.6742003846882761
10.0,250.0,25.0,100.0,194.0,121.0,30.3,60.5,2023-03-20 19:49:47,12.0,10441.0,False,2.838280444978252,5.536489088289866,1.437814571450315e-05,16.53189695699357,22.782593714759297,0.6742003846882761
10.0,253.0,25.0,100.0,199.0,122.0,30.3,60.5,2023-03-20 19:49:54,7.0,10448.0,False,2.838280444978252,5.72076173979748,1.437814571450315e-05,16.53189695699357,23.99025194823117,0.6838271161303562
10.0,241.0,25.0,100.0,211.0,121.0,30.3,60.5,2023-03-20 19:50:00,6.0,10454.0,False,2.838280444978252,5.010343277858708,1.437814571450315e-05,16.53189695699357,27.023493493447663,0.6742003846882761
10.0,245.0,25.0,100.0,204.0,120.0,30.3,60.5,2023-03-20 19:50:07,7.0,10461.0,False,2.838280444978252,5.239335528036754,1.437814571450315e-05,16.53189695699357,25.230890162743886,0.6646414990255807
10.0,248.0,25.0,100.0,202.0,122.0,30.3,60.4,2023-03-20 19:50:13,6.0,10467.0,False,2.839977518272531,5.418491504530738,1.4385655060844634e-05,16.54149846461923,24.74074119548942,0.6840439528338695
10.0,250.0,25.0,100.0,202.0,120.0,30.3,60.4,2023-03-20 19:50:20,7.0,10474.0,False,2.839977518272531,5.538883200692169,1.4385655060844634e-05,16.54149846461923,24.74074119548942,0.6648522521066844
10.0,243.0,25.0,100.0,216.0,122.0,30.3,60.4,2023-03-20 19:50:26,6.0,10480.0,False,2.839977518272531,5.1261003103625065,1.4385655060844634e-05,16.54149846461923,28.3554825395303,0.6840439528338695
10.0,243.0,25.0,100.0,214.0,120.0,30.3,60.4,2023-03-20 19:50:32,6.0,10486.0,False,2.839977518272531,5.1261003103625065,1.4385655060844634e-05,16.54149846461923,27.8230742768993,0.6648522521066844
10.0,238.0,25.0,100.0,211.0,123.0,30.4,60.4,2023-03-20 19:50:39,7.0,10493.0,False,2.8357360723375806,4.840414826377479,1.4366886105719029e-05,16.517501387608398,27.006985513349413,0.6931920430871787
10.0,245.0,25.0,100.0,199.0,120.0,30.4,60.5,2023-03-20 19:50:45,6.0,10499.0,False,2.8340406486043546,5.233673703150498,1.4359382639990017e-05,16.507908801872436,23.965829291542963,0.6641147160862427
10.0,253.0,25.0,100.0,194.0,120.0,30.4,60.5,2023-03-20 19:50:52,7.0,10506.0,False,2.8340406486043546,5.71457966746915,1.4359382639990017e-05,16.507908801872436,22.75940048336001,0.6641147160862427
10.0,241.0,25.0,100.0,216.0,121.0,30.4,60.5,2023-03-20 19:50:58,6.0,10512.0,False,2.8340406486043546,5.004928910691832,1.4359382639990017e-05,16.507908801872436,28.315081792335167,0.673666025547492
10.0,238.0,25.0,100.0,211.0,119.0,30.3,60.4,2023-03-20 19:51:05,7.0,10519.0,False,2.839977518272531,4.845650126642754,1.4385655060844634e-05,16.54149846461923,27.03450154370336,0.655358033744971
10.0,243.0,25.0,100.0,199.0,119.0,30.4,60.5,2023-03-20 19:51:11,6.0,10525.0,False,2.8340406486043546,5.1183475539083,1.4359382639990017e-05,16.507908801872436,23.965829291542963,0.6546310298811184
10.0,250.0,25.0,100.0,204.0,122.0,30.3,60.4,2023-03-20 19:51:17,6.0,10531.0,False,2.839977518272531,5.538883200692169,1.4385655060844634e-05,16.54149846461923,25.24116799403075,0.6840439528338695
10.0,241.0,25.0,100.0,211.0,119.0,30.4,60.5,2023-03-20 19:51:24,7.0,10538.0,False,2.8340406486043546,5.004928910691832,1.4359382639990017e-05,16.507908801872436,26.99598292350739,0.6546310298811184
10.0,238.0,25.0,100.0,209.0,119.0,30.3,60.4,2023-03-20 19:51:30,6.0,10544.0,False,2.839977518272531,4.845650126642754,1.4385655060844634e-05,16.54149846461923,26.515464266601636,0.655358033744971
10.0,243.0,25.0,100.0,216.0,121.0,30.4,60.5,2023-03-20 19:51:37,7.0,10551.0,False,2.8340406486043546,5.1183475539083,1.4359382639990017e-05,16.507908801872436,28.315081792335167,0.673666025547492
10.0,243.0,25.0,100.0,211.0,119.0,30.4,60.5,2023-03-20 19:51:43,6.0,10557.0,False,2.8340406486043546,5.1183475539083,1.4359382639990017e-05,16.507908801872436,26.99598292350739,0.6546310298811184
10.0,238.0,25.0,100.0,216.0,120.0,30.3,60.3,2023-03-20 19:51:50,7.0,10564.0,False,2.841675251599165,4.847745065858556,1.4393166759861056e-05,16.55110354201841,28.36703076461035,0.6650630279874128
10.0,245.0,25.0,100.0,204.0,120.0,30.3,60.3,2023-03-20 19:51:56,6.0,10570.0,False,2.841675251599165,5.243867266315559,1.4393166759861056e-05,16.55110354201841,25.251447864559218,0.6650630279874128
10.0,238.0,25.0,100.0,199.0,120.0,30.4,60.3,2023-03-20 19:52:02,6.0,10576.0,False,2.8374321558061144,4.842508595440853,1.437439192350874e-05,16.527097541664098,23.98536644738866,0.6645361310356053
10.0,250.0,25.0,100.0,197.0,120.0,30.3,60.3,2023-03-20 19:52:09,7.0,10583.0,False,2.841675251599165,5.541277848123499,1.4393166759861056e-05,16.55110354201841,23.5223899533742,0.6650630279874128
10.0,245.0,25.0,100.0,199.0,120.0,30.3,60.3,2023-03-20 19:52:15,6.0,10589.0,False,2.841675251599165,5.243867266315559,1.4393166759861056e-05,16.55110354201841,24.00979879904957,0.6650630279874128
10.0,241.0,25.0,100.0,209.0,120.0,30.3,60.3,2023-03-20 19:52:22,7.0,10596.0,False,2.841675251599165,5.014676950382776,1.4393166759861056e-05,16.55110354201841,26.526263114726536,0.6650630279874128
10.0,243.0,25.0,100.0,199.0,120.0,30.3,60.3,2023-03-20 19:52:28,6.0,10602.0,False,2.841675251599165,5.12831649772306,1.4393166759861056e-05,16.55110354201841,24.00979879904957,0.6650630279874128
10.0,241.0,25.0,100.0,204.0,122.0,30.3,60.3,2023-03-20 19:52:35,7.0,10609.0,False,2.841675251599165,5.014676950382776,1.4393166759861056e-05,16.55110354201841,25.251447864559218,0.6842608129951437
10.0,255.0,25.0,100.0,194.0,119.0,30.3,60.3,2023-03-20 19:52:41,6.0,10615.0,False,2.841675251599165,5.851215714694557,1.4393166759861056e-05,16.55110354201841,22.80115658611053,0.6555657997054791
10.0,248.0,25.0,100.0,202.0,120.0,30.4,60.4,2023-03-20 19:52:47,6.0,10621.0,False,2.8357360723375806,5.412637299363285,1.4366886105719029e-05,16.517501387608398,24.71555978111736,0.6643254121582419
10.0,243.0,25.0,100.0,204.0,120.0,30.3,60.3,2023-03-20 19:52:54,7.0,10628.0,False,2.841675251599165,5.12831649772306,1.4393166759861056e-05,16.55110354201841,25.251447864559218,0.6650630279874128
10.0,245.0,25.0,100.0,209.0,120.0,30.4,60.4,2023-03-20 19:53:00,6.0,10634.0,False,2.8357360723375806,5.235938053383179,1.4366886105719029e-05,16.517501387608398,26.48847651842993,0.6643254121582419
10.0,250.0,25.0,100.0,204.0,120.0,30.4,60.3,2023-03-20 19:53:07,7.0,10641.0,False,2.8374321558061144,5.535292232722156,1.437439192350874e-05,16.527097541664098,25.2257520118227,0.6645361310356053
10.0,250.0,25.0,100.0,209.0,122.0,30.3,60.3,2023-03-20 19:53:13,6.0,10647.0,False,2.841675251599165,5.541277848123499,1.4393166759861056e-05,16.55110354201841,26.526263114726536,0.6842608129951437
10.0,253.0,25.0,100.0,202.0,120.0,30.4,60.3,2023-03-20 19:53:20,7.0,10654.0,False,2.8374321558061144,5.719525048921613,1.437439192350874e-05,16.527097541664098,24.72563084773633,0.6645361310356053
10.0,238.0,25.0,100.0,214.0,121.0,30.3,60.2,2023-03-20 19:53:26,6.0,10660.0,False,2.843373645076966,4.849840473147308,1.4400680811798063e-05,16.560712189772563,27.845739311261173,0.6748418064753418
10.0,241.0,25.0,100.0,214.0,122.0,30.4,60.3,2023-03-20 19:53:33,7.0,10667.0,False,2.8374321558061144,5.009260162340441,1.437439192350874e-05,16.527097541664098,27.80608140168339,0.6837187065759979
10.0,253.0,25.0,100.0,199.0,121.0,30.4,60.3,2023-03-20 19:53:39,6.0,10673.0,False,2.8374321558061144,5.719525048921613,1.437439192350874e-05,16.527097541664098,23.98536644738866,0.6740935012940261
10.0,248.0,25.0,100.0,211.0,120.0,30.3,60.2,2023-03-20 19:53:45,6.0,10679.0,False,2.843373645076966,5.423177223957968,1.4400680811798063e-05,16.560712189772563,27.05652419656862,0.6652738266654707
10.0,250.0,25.0,100.0,204.0,119.0,30.4,60.2,2023-03-20 19:53:52,7.0,10686.0,False,2.839128899128772,5.537686077612876,1.4381900093604874e-05,16.536697264621054,25.236028823480787,0.6552541591923409
10.0,241.0,25.0,100.0,209.0,123.0,30.3,60.2,2023-03-20 19:53:58,6.0,10692.0,False,2.843373645076966,5.016844512927795,1.4400680811798063e-05,16.560712189772563,26.537064105021447,0.6941816686199783
10.0,250.0,25.0,100.0,204.0,119.0,30.3,60.2,2023-03-20 19:54:05,7.0,10699.0,False,2.843373645076966,5.54367303059168,1.4400680811798063e-05,16.560712189772563,25.261729774307984,0.6557735881377668
10.0,241.0,25.0,100.0,204.0,120.0,30.3,60.2,2023-03-20 19:54:11,6.0,10705.0,False,2.843373645076966,5.016844512927795,1.4400680811798063e-05,16.560712189772563,25.261729774307984,0.6652738266654707
10.0,245.0,25.0,100.0,214.0,120.0,30.4,60.2,2023-03-20 19:54:18,7.0,10712.0,False,2.839128899128772,5.240468272739528,1.4381900093604874e-05,16.536697264621054,27.8174094231981,0.6647468727160362
10.0,250.0,25.0,100.0,202.0,120.0,30.3,60.2,2023-03-20 19:54:24,6.0,10718.0,False,2.843373645076966,5.54367303059168,1.4400680811798063e-05,16.560712189772563,24.760895321656548,0.6652738266654707
10.0,238.0,25.0,100.0,209.0,118.0,30.3,60.2,2023-03-20 19:54:30,6.0,10724.0,False,2.843373645076966,4.849840473147308,1.4400680811798063e-05,16.560712189772563,26.537064105021447,0.6463409243661268
10.0,238.0,25.0,100.0,214.0,121.0,30.3,60.2,2023-03-20 19:54:37,7.0,10731.0,False,2.843373645076966,4.849840473147308,1.4400680811798063e-05,16.560712189772563,27.845739311261173,0.6748418064753418
10.0,253.0,25.0,100.0,204.0,119.0,30.3,60.2,2023-03-20 19:54:43,6.0,10737.0,False,2.843373645076966,5.728184787437553,1.4400680811798063e-05,16.560712189772563,25.261729774307984,0.6557735881377668
10.0,248.0,25.0,100.0,202.0,120.0,30.4,60.2,2023-03-20 19:54:50,7.0,10744.0,False,2.839128899128772,5.417320401801181,1.4381900093604874e-05,16.536697264621054,24.735703913198584,0.6647468727160362
10.0,253.0,25.0,100.0,199.0,122.0,30.3,60.2,2023-03-20 19:54:56,6.0,10750.0,False,2.843373645076966,5.728184787437553,1.4400680811798063e-05,16.560712189772563,24.019575132892363,0.684477696611818
10.0,238.0,25.0,100.0,209.0,120.0,30.4,60.3,2023-03-20 19:55:03,7.0,10757.0,False,2.8374321558061144,4.842508595440853,1.437439192350874e-05,16.527097541664098,26.499270011031964,0.6645361310356053
10.0,250.0,25.0,100.0,194.0,119.0,30.4,60.3,2023-03-20 19:55:09,6.0,10763.0,False,2.8374321558061144,5.535292232722156,1.437439192350874e-05,16.527097541664098,22.777954147779003,0.6550464269437435
10.0,255.0,25.0,100.0,202.0,120.0,30.4,60.2,2023-03-20 19:55:15,6.0,10769.0,False,2.839128899128772,5.8474230472573065,1.4381900093604874e-05,16.536697264621054,24.735703913198584,0.6647468727160362
10.0,243.0,25.0,100.0,216.0,120.0,30.4,60.2,2023-03-20 19:55:22,7.0,10776.0,False,2.839128899128772,5.124992402366264,1.4381900093604874e-05,16.536697264621054,28.34970928605677,0.6647468727160362
10.0,241.0,25.0,100.0,214.0,120.0,30.3,60.2,2023-03-20 19:55:28,6.0,10782.0,False,2.843373645076966,5.016844512927795,1.4400680811798063e-05,16.560712189772563,27.845739311261173,0.6652738266654707
10.0,248.0,25.0,100.0,209.0,120.0,30.3,60.2,2023-03-20 19:55:35,7.0,10789.0,False,2.843373645076966,5.423177223957968,1.4400680811798063e-05,16.560712189772563,26.537064105021447,0.6652738266654707
10.0,243.0,25.0,100.0,206.0,120.0,30.3,60.2,2023-03-20 19:55:41,6.0,10795.0,False,2.843373645076966,5.1305331802470695,1.4400680811798063e-05,16.560712189772563,25.767872957211505,0.6652738266654707
10.0,248.0,25.0,100.0,216.0,121.0,30.4,60.2,2023-03-20 19:55:48,7.0,10802.0,False,2.839128899128772,5.417320401801181,1.4381900093604874e-05,16.536697264621054,28.34970928605677,0.6743072738649903
10.0,245.0,25.0,100.0,204.0,122.0,30.4,60.2,2023-03-20 19:55:54,6.0,10808.0,False,2.839128899128772,5.240468272739528,1.4381900093604874e-05,16.536697264621054,25.236028823480787,0.6839355315497451
10.0,243.0,25.0,100.0,214.0,120.0,30.4,60.2,2023-03-20 19:56:00,6.0,10814.0,False,2.839128899128772,5.124992402366264,1.4381900093604874e-05,16.536697264621054,27.8174094231981,0.6647468727160362
10.0,248.0,25.0,100.0,206.0,120.0,30.4,60.2,2023-03-20 19:56:07,7.0,10821.0,False,2.839128899128772,5.417320401801181,1.4381900093604874e-05,16.536697264621054,25.741657062982902,0.6647468727160362
10.0,243.0,25.0,100.0,192.0,119.0,30.4,60.2,2023-03-20 19:56:13,6.0,10827.0,False,2.839128899128772,5.124992402366264,1.4381900093604874e-05,16.536697264621054,22.31327301771165,0.6552541591923409
10.0,238.0,25.0,100.0,209.0,120.0,30.4,60.2,2023-03-20 19:56:20,7.0,10834.0,False,2.839128899128772,4.844602832560065,1.4381900093604874e-05,16.536697264621054,26.51006564585991,0.6647468727160362
10.0,243.0,25.0,100.0,199.0,118.0,30.4,60.2,2023-03-20 19:56:26,6.0,10840.0,False,2.839128899128772,5.124992402366264,1.4381900093604874e-05,16.536697264621054,23.995137933821034,0.6458289668997056
10.0,250.0,25.0,100.0,214.0,120.0,30.4,60.1,2023-03-20 19:56:33,7.0,10847.0,False,2.8408263024243787,5.540080457528716,1.4389410616253124e-05,16.546300557060782,27.82873969255913,0.6649576371972391
10.0,238.0,25.0,100.0,202.0,119.0,30.4,59.9,2023-03-20 19:56:39,6.0,10853.0,False,2.8442230894096827,4.850888352321178,1.4404438720188548e-05,16.565517852714464,24.76593510243624,0.6558774907801211
10.0,238.0,25.0,100.0,216.0,120.0,30.4,59.8,2023-03-20 19:56:45,6.0,10859.0,False,2.845922473337001,4.852984461732175,1.4411956301966964e-05,16.5751318570913,28.39591134961356,0.6655900674225335
10.0,245.0,25.0,100.0,192.0,119.0,30.3,59.5,2023-03-20 19:56:52,7.0,10866.0,False,2.8552808936338976,5.26201447284004,1.4453345077762398e-05,16.628072742829012,22.399685494515644,0.6572287361837607
10.0,245.0,25.0,100.0,189.0,118.0,30.4,59.5,2023-03-20 19:56:58,6.0,10872.0,False,2.851024588283288,5.256339989619304,1.443452316949194e-05,16.603995303398506,21.673815228969328,0.647262796586783
10.0,238.0,25.0,100.0,211.0,119.0,30.4,59.5,2023-03-20 19:57:05,7.0,10879.0,False,2.851024588283288,4.859275598532784,1.443452316949194e-05,16.603995303398506,27.10610710740697,0.6567089141107229
10.0,245.0,25.0,100.0,204.0,122.0,30.4,59.5,2023-03-20 19:57:11,6.0,10885.0,False,2.851024588283288,5.256339989619304,1.443452316949194e-05,16.603995303398506,25.308023602958045,0.685453963084166
10.0,243.0,25.0,100.0,204.0,122.0,30.4,59.4,2023-03-20 19:57:18,7.0,10892.0,False,2.8527266147161523,5.142733785499266,1.4442050166881943e-05,16.61362359849764,25.31831672803811,0.6856709756633738
10.0,245.0,25.0,100.0,197.0,122.0,30.4,59.5,2023-03-20 19:57:24,6.0,10898.0,False,2.851024588283288,5.256339989619304,1.443452316949194e-05,16.603995303398506,23.57509174646168,0.685453963084166
10.0,241.0,25.0,100.0,194.0,122.0,30.4,59.5,2023-03-20 19:57:30,6.0,10904.0,False,2.851024588283288,5.026604536433928,1.443452316949194e-05,16.603995303398506,22.852242459567197,0.685453963084166
10.0,243.0,25.0,100.0,211.0,120.0,30.4,59.4,2023-03-20 19:57:37,7.0,10911.0,False,2.8527266147161523,5.142733785499266,1.4442050166881943e-05,16.61362359849764,27.11713153804871,0.666433626794588
10.0,238.0,25.0,100.0,194.0,120.0,30.4,59.3,2023-03-20 19:57:43,6.0,10917.0,False,2.854429302072392,4.863472030274557,1.4449579518788612e-05,16.623255467730647,22.87083295027364,0.6666445735994079
10.0,243.0,25.0,100.0,192.0,122.0,30.4,59.2,2023-03-20 19:57:50,7.0,10924.0,False,2.856132650470792,5.147174083242595,1.4457111225457388e-05,16.632890911678793,22.40423802698634,0.6861050711396512
10.0,234.0,25.0,100.0,192.0,120.0,30.4,59.1,2023-03-20 19:57:56,6.0,10930.0,False,2.85783666003014,4.650658757530177,1.4464645287133712e-05,16.64252993092334,22.413344444088796,0.6670665355471879
10.0,241.0,25.0,100.0,199.0,123.0,30.4,59.0,2023-03-20 19:58:03,7.0,10937.0,False,2.8595413308692126,5.037460507484775,1.4472181704062984e-05,16.652172526045472,24.11254700561172,0.6962724595514348
10.0,236.0,25.0,100.0,211.0,121.0,30.4,58.9,2023-03-20 19:58:09,6.0,10943.0,False,2.861246663106792,4.762355102905949,1.4479720476490564e-05,16.661818697626394,27.17228645012184,0.6770884211519411
10.0,236.0,25.0,100.0,189.0,120.0,30.4,58.8,2023-03-20 19:58:15,6.0,10949.0,False,2.862952656861652,4.764408669580414,1.4487261604661826e-05,16.671468446247264,21.735557194071752,0.6676996492798899
10.0,238.0,25.0,100.0,185.0,122.0,30.4,58.7,2023-03-20 19:58:22,7.0,10956.0,False,2.8646593122525625,4.876072560699615,1.4494805088822088e-05,16.681121772489224,20.822249594358095,0.6871907199080066
10.0,238.0,25.0,100.0,187.0,119.0,30.4,58.7,2023-03-20 19:58:28,6.0,10962.0,False,2.8646593122525625,4.876072560699615,1.4494805088822088e-05,16.681121772489224,21.2806921141632,0.6583728386764617
10.0,238.0,25.0,100.0,189.0,119.0,30.4,58.7,2023-03-20 19:58:35,7.0,10969.0,False,2.8646593122525625,4.876072560699615,1.4494805088822088e-05,16.681121772489224,21.7443844595966,0.6583728386764617
10.0,243.0,25.0,100.0,202.0,120.0,30.4,58.8,2023-03-20 19:58:41,6.0,10975.0,False,2.862952656861652,5.156060621486108,1.4487261604661826e-05,16.671468446247264,24.876936696531715,0.6676996492798899
10.0,236.0,25.0,100.0,202.0,120.0,30.4,58.9,2023-03-20 19:58:48,7.0,10982.0,False,2.861246663106792,4.762355102905949,1.4479720476490564e-05,16.661818697626394,24.866835649453503,0.6674885885972341
10.0,238.0,25.0,100.0,192.0,122.0,30.4,58.9,2023-03-20 19:58:54,6.0,10988.0,False,2.861246663106792,4.871870511303348,1.4479720476490564e-05,16.661818697626394,22.431562686872077,0.6867563901134028
10.0,238.0,25.0,100.0,194.0,123.0,30.4,58.8,2023-03-20 19:59:00,6.0,10994.0,False,2.862952656861652,4.873971301922303,1.4487261604661826e-05,16.671468446247264,22.917341397688848,0.6967128994045921
10.0,243.0,25.0,100.0,192.0,121.0,30.4,58.8,2023-03-20 19:59:07,7.0,11001.0,False,2.862952656861652,5.156060621486108,1.4487261604661826e-05,16.671468446247264,22.440674512515365,0.6773025173130256
10.0,238.0,25.0,100.0,206.0,122.0,30.4,58.8,2023-03-20 19:59:13,6.0,11007.0,False,2.862952656861652,4.873971301922303,1.4487261604661826e-05,16.671468446247264,25.888633509958886,0.686973543297729
10.0,238.0,25.0,100.0,192.0,119.0,30.4,58.8,2023-03-20 19:59:20,7.0,11014.0,False,2.862952656861652,4.873971301922303,1.4487261604661826e-05,16.671468446247264,22.440674512515365,0.6581647695374871
10.0,241.0,25.0,100.0,194.0,120.0,30.4,58.7,2023-03-20 19:59:26,6.0,11020.0,False,2.8646593122525625,5.043979901241718,1.4494805088822088e-05,16.681121772489224,22.92664861055827,0.6679107327312525
10.0,243.0,25.0,100.0,189.0,120.0,30.4,58.7,2023-03-20 19:59:33,7.0,11027.0,False,2.8646593122525625,5.158283494163462,1.4494805088822088e-05,16.681121772489224,21.7443844595966,0.6679107327312525
10.0,238.0,25.0,100.0,204.0,121.0,30.4,58.7,2023-03-20 19:59:39,6.0,11033.0,False,2.8646593122525625,4.876072560699615,1.4494805088822088e-05,16.681121772489224,25.390425696705265,0.6775166365702774
10.0,236.0,25.0,100.0,211.0,121.0,30.4,58.6,2023-03-20 19:59:45,6.0,11039.0,False,2.8663666293982906,4.768517175839706,1.4502350929216651e-05,16.69077867693338,27.20540560363819,0.6777307789213782
10.0,241.0,25.0,100.0,189.0,120.0,30.4,58.6,2023-03-20 19:59:52,7.0,11046.0,False,2.8663666293982906,5.046154001057476,1.4502350929216651e-05,16.69077867693338,21.75321347126586,0.6681218389490371
10.0,236.0,25.0,100.0,197.0,119.0,30.4,58.5,2023-03-20 19:59:58,6.0,11052.0,False,2.8680746084176016,4.770572115437872,1.4509899126090789e-05,16.7004391601608,23.67106039572325,0.6587890442760984
10.0,238.0,25.0,100.0,185.0,119.0,30.4,58.4,2023-03-20 20:00:05,7.0,11059.0,False,2.8697832494292577,4.882379146049921,1.4517449679689749e-05,16.71010322275255,20.84761838460477,0.6589971807322575
10.0,241.0,25.0,100.0,185.0,120.0,30.4,58.4,2023-03-20 20:00:11,6.0,11065.0,False,2.8697832494292577,5.050503653576495,1.4517449679689749e-05,16.71010322275255,20.84761838460477,0.6685441196747356
10.0,238.0,25.0,100.0,204.0,119.0,30.4,58.4,2023-03-20 20:00:18,7.0,11072.0,False,2.8697832494292577,4.882379146049921,1.4517449679689749e-05,16.71010322275255,25.421360124844472,0.6589971807322575
10.0,245.0,25.0,100.0,192.0,124.0,30.4,58.4,2023-03-20 20:00:24,6.0,11078.0,False,2.8697832494292577,5.28133138972698,1.4517449679689749e-05,16.71010322275255,22.477139842994728,0.7074143295329357
10.0,234.0,25.0,100.0,209.0,122.0,30.4,58.3,2023-03-20 20:00:30,6.0,11084.0,False,2.871492552552014,4.6667211867096166,1.452500259025876e-05,16.71977086528965,26.715589700791327,0.6880596605616186
10.0,238.0,25.0,100.0,202.0,120.0,30.4,58.3,2023-03-20 20:00:37,7.0,11091.0,False,2.871492552552014,4.884482277528879,1.452500259025876e-05,16.71977086528965,24.927471909465982,0.6687552941780829
10.0,241.0,25.0,100.0,204.0,122.0,30.4,58.2,2023-03-20 20:00:43,6.0,11097.0,False,2.873202517904624,5.054855243325893,1.4532557858043018e-05,16.729442088353117,25.441993271321035,0.688276954266401
10.0,236.0,25.0,100.0,192.0,120.0,30.4,58.0,2023-03-20 20:00:50,7.0,11104.0,False,2.876624435774409,4.78085367838058,1.4547675466237944e-05,16.748795278382996,22.513634017223605,0.6693889542227324
10.0,238.0,25.0,100.0,202.0,121.0,30.4,58.0,2023-03-20 20:00:56,6.0,11110.0,False,2.876624435774409,4.890794481147802,1.4547675466237944e-05,16.748795278382996,24.957817018512447,0.6790161178690999
10.0,238.0,25.0,100.0,204.0,120.0,30.4,58.0,2023-03-20 20:01:03,7.0,11117.0,False,2.876624435774409,4.890794481147802,1.4547675466237944e-05,16.748795278382996,25.46263457310664,0.6693889542227324
10.0,234.0,25.0,100.0,202.0,120.0,30.3,57.9,2023-03-20 20:01:09,6.0,11123.0,False,2.882619170009134,4.679792990190879,1.4574153977033872e-05,16.78269784307181,24.9932423770878,0.6701284830568348
10.0,241.0,25.0,100.0,185.0,119.0,30.3,57.8,2023-03-20 20:01:15,6.0,11129.0,False,2.884333442750195,5.069011289690492,1.4581724572692185e-05,16.79239235371667,20.91957834312252,0.6607672461780116
10.0,238.0,25.0,100.0,189.0,121.0,30.4,57.8,2023-03-20 20:01:22,7.0,11136.0,False,2.880049003988576,4.895004957946936,1.4562802506235598e-05,16.768162797489648,21.82390842363905,0.6794447488308365
10.0,238.0,25.0,100.0,182.0,120.0,30.3,57.7,2023-03-20 20:01:28,6.0,11142.0,False,2.886048378611655,4.902377799058587,1.458929752740392e-05,16.802090449244556,20.24676593116832,0.6705511960518941
10.0,241.0,25.0,100.0,192.0,120.0,30.4,57.8,2023-03-20 20:01:35,7.0,11149.0,False,2.880049003988576,5.063564234741488,1.4562802506235598e-05,16.768162797489648,22.53189192036912,0.6698115080085316
10.0,238.0,25.0,100.0,202.0,120.0,30.4,57.8,2023-03-20 20:01:41,6.0,11155.0,False,2.880049003988576,4.895004957946936,1.4562802506235598e-05,16.768162797489648,24.97805708306618,0.6698115080085316
10.0,238.0,25.0,100.0,189.0,119.0,30.4,57.8,2023-03-20 20:01:48,7.0,11162.0,False,2.880049003988576,4.895004957946936,1.4562802506235598e-05,16.768162797489648,21.82390842363905,0.6602464705162601
10.0,236.0,25.0,100.0,204.0,118.0,30.4,57.7,2023-03-20 20:01:54,6.0,11168.0,False,2.8817622822716515,4.787028108347584,1.4570369563773175e-05,16.777851931898997,25.493611816618586,0.6509547660447119
10.0,245.0,25.0,100.0,202.0,122.0,30.4,57.7,2023-03-20 20:02:00,6.0,11174.0,False,2.8817622822716515,5.297266913224614,1.4570369563773175e-05,16.777851931898997,24.98818011283756,0.6893637739212295
10.0,241.0,25.0,100.0,199.0,123.0,30.3,57.6,2023-03-20 20:02:07,7.0,11181.0,False,2.887763977712243,5.073371113298181,1.4596872841414074e-05,16.81179213023625,24.274440317684327,0.6999089292112707
10.0,241.0,25.0,100.0,187.0,120.0,30.4,57.6,2023-03-20 20:02:13,6.0,11187.0,False,2.8834762234970355,5.06792163652046,1.457793897999666e-05,16.78754465032016,21.375834192880703,0.6702341527778842
10.0,241.0,25.0,100.0,182.0,121.0,30.3,57.4,2023-03-20 20:02:20,7.0,11194.0,False,2.891197166105678,5.077732874432218,1.4612030548309376e-05,16.831206250933985,20.27136952998257,0.6808384367529418
10.0,238.0,25.0,100.0,187.0,122.0,30.4,57.4,2023-03-20 20:02:26,6.0,11200.0,False,2.8869060952496386,4.903431530318097,1.4593084889481384e-05,16.80694084152113,21.39315496660876,0.6900161465344445
10.0,238.0,25.0,100.0,199.0,120.0,30.4,57.4,2023-03-20 20:02:33,7.0,11207.0,False,2.8869060952496386,4.903431530318097,1.4593084889481384e-05,16.80694084152113,24.26952670566994,0.6706568885125692
10.0,243.0,25.0,100.0,185.0,118.0,30.3,57.4,2023-03-20 20:02:39,6.0,11213.0,False,2.891197166105678,5.192801356624537,1.4612030548309376e-05,16.831206250933985,20.95348365101689,0.652084296397195
10.0,245.0,25.0,100.0,185.0,120.0,30.3,57.4,2023-03-20 20:02:45,6.0,11219.0,False,2.891197166105678,5.309805092289554,1.4612030548309376e-05,16.831206250933985,20.95348365101689,0.6711854360731827
10.0,238.0,25.0,100.0,192.0,122.0,30.4,57.5,2023-03-20 20:02:52,7.0,11226.0,False,2.8851908277834544,4.901324184861672,1.4585510755151064e-05,16.79724095333394,22.55929229470472,0.6897986656004812
10.0,238.0,25.0,100.0,185.0,120.0,30.4,57.4,2023-03-20 20:02:58,6.0,11232.0,False,2.8869060952496386,4.903431530318097,1.4593084889481384e-05,16.80694084152113,20.93228969884117,0.6706568885125692
10.0,238.0,25.0,100.0,185.0,122.0,30.4,57.3,2023-03-20 20:03:05,7.0,11239.0,False,2.8886220260143087,4.9055393440282895,1.4600661383232592e-05,16.816644315462497,20.940766025825614,0.690233650861511
10.0,241.0,25.0,100.0,185.0,119.0,30.4,57.2,2023-03-20 20:03:11,6.0,11245.0,False,2.8903386201961885,5.076642252502532,1.4608240236649624e-05,16.826351375738774,20.94924402466074,0.6614965674589456
10.0,238.0,25.0,100.0,189.0,120.0,30.3,57.1,2023-03-20 20:03:18,7.0,11252.0,False,2.896351925957207,4.915030300546999,1.463478480951346e-05,16.860354337476956,21.908003813499832,0.6718198806743177
10.0,238.0,25.0,100.0,202.0,118.0,30.4,57.3,2023-03-20 20:03:24,6.0,11258.0,False,2.8886220260143087,4.9055393440282895,1.4600661383232592e-05,16.816644315462497,25.028692214735425,0.651776176396648
10.0,236.0,25.0,100.0,194.0,121.0,30.4,57.2,2023-03-20 20:03:30,6.0,11264.0,False,2.8903386201961885,4.797327979205321,1.4608240236649624e-05,16.826351375738774,23.0664777229629,0.6807311953946071
10.0,238.0,25.0,100.0,192.0,119.0,30.4,57.1,2023-03-20 20:03:37,7.0,11271.0,False,2.892055877913989,4.909756376237208,1.461582144997742e-05,16.836062022930687,22.59585136298481,0.6617049953891109
10.0,241.0,25.0,100.0,187.0,120.0,30.4,57.1,2023-03-20 20:03:43,6.0,11277.0,False,2.892055877913989,5.0788236174608175,1.461582144997742e-05,16.836062022930687,21.419148942237648,0.6712911626347626
10.0,241.0,25.0,100.0,192.0,122.0,30.4,57.0,2023-03-20 20:03:50,7.0,11284.0,False,2.893773799286428,5.081005466818282,1.4623405023460847e-05,16.845776257618883,22.60499563632877,0.6908863041779216
10.0,238.0,25.0,100.0,182.0,119.0,30.4,56.8,2023-03-20 20:03:56,6.0,11290.0,False,2.897211633470051,4.916085436623942,1.4638579251874068e-05,16.865215491806815,20.3000921264984,0.6623304136028553
10.0,238.0,25.0,100.0,182.0,122.0,30.4,56.7,2023-03-20 20:04:03,7.0,11297.0,False,2.898931546518645,4.91819605999962,1.4646169907293525e-05,16.87494049246776,20.30830222169631,0.6915391679480285
10.0,234.0,25.0,100.0,185.0,119.0,30.4,56.6,2023-03-20 20:04:09,6.0,11303.0,False,2.9006521236966947,4.700948908236187,1.4653762923847944e-05,16.88466908294749,21.000147125564556,0.6627474710756619
10.0,231.0,25.0,100.0,204.0,122.0,30.4,56.6,2023-03-20 20:04:16,7.0,11310.0,False,2.9006521236966947,4.541232898769064,1.4653762923847944e-05,16.88466908294749,25.607352020023797,0.6917568359613097
10.0,231.0,25.0,100.0,192.0,120.0,30.4,56.6,2023-03-20 20:04:22,6.0,11316.0,False,2.9006521236966947,4.541232898769064,1.4653762923847944e-05,16.88466908294749,22.641590754239378,0.672348740740595
10.0,238.0,25.0,100.0,194.0,122.0,30.4,56.6,2023-03-20 20:04:28,6.0,11322.0,False,2.9006521236966947,4.920307151676676,1.4653762923847944e-05,16.88466908294749,23.12252534175264,0.6917568359613097
10.0,336.0,25.0,100.0,194.0,117.0,30.4,56.6,2023-03-20 20:04:35,7.0,11329.0,False,2.9006521236966947,13.239755390380072,1.4653762923847944e-05,16.88466908294749,23.12252534175264,0.6437496461701999
10.0,236.0,25.0,100.0,202.0,120.0,30.4,56.5,2023-03-20 20:04:41,6.0,11335.0,False,2.902373365122895,4.811767023719891,1.4661358301782093e-05,16.894401263826534,25.109812331716057,0.6725603245266393
10.0,236.0,25.0,100.0,199.0,120.0,30.4,56.5,2023-03-20 20:04:48,7.0,11342.0,False,2.902373365122895,4.811767023719891,1.4661358301782093e-05,16.894401263826534,24.358045863833105,0.6725603245266393
10.0,236.0,25.0,100.0,185.0,119.0,30.4,56.5,2023-03-20 20:04:54,6.0,11348.0,False,2.902373365122895,4.811767023719891,1.4661358301782093e-05,16.894401263826534,21.00863682686886,0.6629560334044424
10.0,238.0,25.0,100.0,177.0,120.0,30.4,56.5,2023-03-20 20:05:01,7.0,11355.0,False,2.902373365122895,4.922418711661905,1.4661358301782093e-05,16.894401263826534,19.2112215373471,0.6725603245266393
10.0,238.0,25.0,100.0,192.0,121.0,30.4,56.4,2023-03-20 20:05:07,6.0,11361.0,False,2.904095270915939,4.9245307399621066,1.4668956041340696e-05,16.904137035685416,22.659899127653887,0.6824477487069716
10.0,238.0,25.0,100.0,182.0,119.0,30.4,56.5,2023-03-20 20:05:13,6.0,11367.0,False,2.902373365122895,4.922418711661905,1.4661358301782093e-05,16.894401263826534,20.324727264050477,0.6629560334044424
10.0,226.0,25.0,100.0,182.0,119.0,30.4,56.5,2023-03-20 20:05:20,7.0,11374.0,False,2.902373365122895,4.285783071408869,1.4661358301782093e-05,16.894401263826534,20.324727264050477,0.6629560334044424
10.0,236.0,25.0,100.0,185.0,120.0,30.4,56.5,2023-03-20 20:05:26,6.0,11380.0,False,2.902373365122895,4.811767023719891,1.4661358301782093e-05,16.894401263826534,21.00863682686886,0.6725603245266393
10.0,238.0,25.0,100.0,185.0,119.0,30.4,56.5,2023-03-20 20:05:33,7.0,11387.0,False,2.902373365122895,4.922418711661905,1.4661358301782093e-05,16.894401263826534,21.00863682686886,0.6629560334044424
10.0,226.0,25.0,100.0,185.0,121.0,30.4,56.5,2023-03-20 20:05:39,6.0,11393.0,False,2.902373365122895,4.285783071408869,1.4661358301782093e-05,16.894401263826534,21.00863682686886,0.6822330988761809
10.0,231.0,25.0,100.0,192.0,120.0,30.4,56.5,2023-03-20 20:05:46,7.0,11400.0,False,2.902373365122895,4.543181778255048,1.4661358301782093e-05,16.894401263826534,22.650744039757264,0.6725603245266393
10.0,236.0,25.0,100.0,180.0,120.0,30.4,56.4,2023-03-20 20:05:52,6.0,11406.0,False,2.904095270915939,4.813831575462308,1.4668956041340696e-05,16.904137035685416,19.883412922863176,0.6727719310290121
10.0,238.0,25.0,100.0,177.0,119.0,30.4,56.4,2023-03-20 20:05:58,6.0,11412.0,False,2.904095270915939,4.9245307399621066,1.4668956041340696e-05,16.904137035685416,19.21898642230925,0.663164618125158
10.0,238.0,25.0,100.0,182.0,119.0,30.4,56.4,2023-03-20 20:06:05,7.0,11419.0,False,2.904095270915939,4.9245307399621066,1.4668956041340696e-05,16.904137035685416,20.33294221117321,0.663164618125158
10.0,238.0,25.0,100.0,187.0,120.0,30.4,56.4,2023-03-20 20:06:11,6.0,11425.0,False,2.904095270915939,4.9245307399621066,1.4668956041340696e-05,16.904137035685416,21.479861353061494,0.6727719310290121
10.0,231.0,25.0,100.0,185.0,119.0,30.4,56.3,2023-03-20 20:06:18,7.0,11432.0,False,2.9058178411945184,4.547080833937307,1.467655614276848e-05,16.91387639910465,21.025621244596103,0.663373225235572
10.0,226.0,25.0,100.0,189.0,122.0,30.4,56.3,2023-03-20 20:06:24,6.0,11438.0,False,2.9058178411945184,4.289461222020734,1.467655614276848e-05,16.91387639910465,21.9567626337664,0.6924099802381884
10.0,238.0,25.0,100.0,199.0,120.0,30.4,56.3,2023-03-20 20:06:31,7.0,11445.0,False,2.9058178411945184,4.926643236584071,1.467655614276848e-05,16.91387639910465,24.377738108950204,0.6729835602454445
10.0,238.0,25.0,100.0,192.0,122.0,30.4,56.2,2023-03-20 20:06:37,6.0,11451.0,False,2.907541076077313,4.9287562015345925,1.4684158606310142e-05,16.923619354664694,22.67821471050862,0.6926277417350448
10.0,231.0,25.0,100.0,194.0,122.0,30.4,56.2,2023-03-20 20:06:43,6.0,11457.0,False,2.907541076077313,4.5490310101461215,1.4684158606310142e-05,16.923619354664694,23.159927234850286,0.6926277417350448
10.0,238.0,25.0,100.0,192.0,120.0,30.4,56.1,2023-03-20 20:06:50,7.0,11464.0,False,2.909264975683016,4.93086963482046,1.4691763432210338e-05,16.933365902946008,22.6873752054294,0.6734068868114161
10.0,238.0,25.0,100.0,192.0,123.0,30.4,56.1,2023-03-20 20:06:56,6.0,11470.0,False,2.909264975683016,4.93086963482046,1.4691763432210338e-05,16.933365902946008,22.6873752054294,0.7026681309409107
10.0,238.0,25.0,100.0,187.0,122.0,30.4,56.1,2023-03-20 20:07:03,7.0,11477.0,False,2.909264975683016,4.93086963482046,1.4691763432210338e-05,16.933365902946008,21.50590658555875,0.6928455265969609
10.0,238.0,25.0,100.0,180.0,123.0,30.4,56.1,2023-03-20 20:07:09,6.0,11483.0,False,2.909264975683016,4.93086963482046,1.4691763432210338e-05,16.933365902946008,19.907522394703,0.7026681309409107
10.0,224.0,25.0,100.0,185.0,120.0,30.4,56.0,2023-03-20 20:07:16,7.0,11490.0,False,2.910989540130296,4.194856599767029,1.4699370620713707e-05,16.94311604452899,21.05111040872376,0.6736185841564208
10.0,234.0,25.0,100.0,180.0,120.0,30.4,56.0,2023-03-20 20:07:22,6.0,11496.0,False,2.910989540130296,4.713060151562329,1.4699370620713707e-05,16.94311604452899,19.91556204827855,0.6736185841564208
10.0,238.0,25.0,100.0,182.0,120.0,30.4,56.0,2023-03-20 20:07:28,6.0,11502.0,False,2.910989540130296,4.932983536448464,1.4699370620713707e-05,16.94311604452899,20.365818172244204,0.6736185841564208
10.0,229.0,25.0,100.0,182.0,120.0,30.4,56.0,2023-03-20 20:07:35,7.0,11509.0,False,2.910989540130296,4.448427970456872,1.4699370620713707e-05,16.94311604452899,20.365818172244204,0.6736185841564208
10.0,238.0,25.0,100.0,185.0,120.0,30.4,56.0,2023-03-20 20:07:41,6.0,11515.0,False,2.910989540130296,4.932983536448464,1.4699370620713707e-05,16.94311604452899,21.05111040872376,0.6736185841564208
10.0,231.0,25.0,100.0,194.0,120.0,30.4,56.0,2023-03-20 20:07:48,7.0,11522.0,False,2.910989540130296,4.552932659330451,1.4699370620713707e-05,16.94311604452899,23.178639225112686,0.6736185841564208
10.0,231.0,25.0,100.0,185.0,120.0,30.4,56.0,2023-03-20 20:07:54,6.0,11528.0,False,2.910989540130296,4.552932659330451,1.4699370620713707e-05,16.94311604452899,21.05111040872376,0.6736185841564208
10.0,236.0,25.0,100.0,185.0,121.0,30.4,56.0,2023-03-20 20:08:01,7.0,11535.0,False,2.910989540130296,4.822094360441348,1.4699370620713707e-05,16.94311604452899,21.05111040872376,0.6833065784144655
10.0,226.0,25.0,100.0,192.0,120.0,30.4,55.9,2023-03-20 20:08:07,6.0,11541.0,False,2.9127147695378337,4.296822416385295,1.4706980172064869e-05,16.95286977999404,22.705701602164453,0.6738303042064164
10.0,238.0,25.0,100.0,185.0,120.0,30.4,56.0,2023-03-20 20:08:13,6.0,11547.0,False,2.910989540130296,4.932983536448464,1.4699370620713707e-05,16.94311604452899,21.05111040872376,0.6736185841564208
10.0,234.0,25.0,100.0,182.0,119.0,30.4,56.0,2023-03-20 20:08:20,7.0,11554.0,False,2.910989540130296,4.713060151562329,1.4699370620713707e-05,16.94311604452899,20.365818172244204,0.6639991808826494
10.0,236.0,25.0,100.0,192.0,122.0,30.4,55.9,2023-03-20 20:08:26,6.0,11560.0,False,2.9127147695378337,4.824161201221638,1.4706980172064869e-05,16.95286977999404,22.705701602164453,0.6932811664066432
10.0,236.0,25.0,100.0,180.0,119.0,30.4,55.9,2023-03-20 20:08:33,7.0,11567.0,False,2.9127147695378337,4.824161201221638,1.4706980172064869e-05,16.95286977999404,19.923603283307948,0.6642078775295055
10.0,231.0,25.0,100.0,180.0,121.0,30.4,55.9,2023-03-20 20:08:39,6.0,11573.0,False,2.9127147695378337,4.554884132318499,1.4706980172064869e-05,16.95286977999404,19.923603283307948,0.6835213434259229
10.0,226.0,25.0,100.0,177.0,120.0,30.4,55.9,2023-03-20 20:08:46,7.0,11580.0,False,2.9127147695378337,4.296822416385295,1.4706980172064869e-05,16.95286977999404,19.25783377687017,0.6738303042064164
10.0,236.0,25.0,100.0,187.0,121.0,30.4,55.9,2023-03-20 20:08:52,6.0,11586.0,False,2.9127147695378337,4.824161201221638,1.4706980172064869e-05,16.95286977999404,21.52327861615574,0.6835213434259229
10.0,231.0,25.0,100.0,192.0,123.0,30.4,55.9,2023-03-20 20:08:58,6.0,11592.0,False,2.9127147695378337,4.554884132318499,1.4706980172064869e-05,16.95286977999404,22.705701602164453,0.7031099468999982
10.0,229.0,25.0,100.0,180.0,119.0,30.4,55.9,2023-03-20 20:09:05,7.0,11599.0,False,2.9127147695378337,4.450334650760134,1.4706980172064869e-05,16.95286977999404,19.923603283307948,0.6642078775295055
10.0,222.0,25.0,100.0,189.0,120.0,30.4,56.0,2023-03-20 20:09:11,6.0,11605.0,False,2.910989540130296,4.096442877033211,1.4699370620713707e-05,16.94311604452899,21.98338061189763,0.6736185841564208
10.0,217.0,25.0,100.0,180.0,120.0,30.4,55.9,2023-03-20 20:09:18,7.0,11612.0,False,2.9127147695378337,3.859399834249597,1.4706980172064869e-05,16.95286977999404,19.923603283307948,0.6738303042064164
10.0,226.0,25.0,100.0,199.0,120.0,30.4,55.9,2023-03-20 20:09:24,6.0,11618.0,False,2.9127147695378337,4.296822416385295,1.4706980172064869e-05,16.95286977999404,24.417145857340127,0.6738303042064164
10.0,236.0,25.0,100.0,194.0,121.0,30.4,55.9,2023-03-20 20:09:31,7.0,11625.0,False,2.9127147695378337,4.824161201221638,1.4706980172064869e-05,16.95286977999404,23.18799798110556,0.6835213434259229
10.0,238.0,25.0,100.0,187.0,119.0,30.4,55.9,2023-03-20 20:09:37,6.0,11631.0,False,2.9127147695378337,4.935097906425392,1.4706980172064869e-05,16.95286977999404,21.52327861615574,0.6642078775295055
10.0,224.0,25.0,100.0,202.0,120.0,30.4,56.0,2023-03-20 20:09:43,6.0,11637.0,False,2.910989540130296,4.194856599767029,1.4699370620713707e-05,16.94311604452899,25.16057734223156,0.6736185841564208
10.0,224.0,25.0,100.0,180.0,121.0,30.4,55.9,2023-03-20 20:09:50,7.0,11644.0,False,2.9127147695378337,4.196654594588324,1.4706980172064869e-05,16.95286977999404,19.923603283307948,0.6835213434259229
10.0,224.0,25.0,100.0,199.0,120.0,30.4,55.9,2023-03-20 20:09:56,6.0,11650.0,False,2.9127147695378337,4.196654594588324,1.4706980172064869e-05,16.95286977999404,24.417145857340127,0.6738303042064164
10.0,231.0,25.0,100.0,177.0,122.0,30.4,56.0,2023-03-20 20:10:03,7.0,11657.0,False,2.910989540130296,4.552932659330451,1.4699370620713707e-05,16.94311604452899,19.25006124871074,0.6930633348216044
10.0,234.0,25.0,100.0,177.0,121.0,30.4,56.0,2023-03-20 20:10:09,6.0,11663.0,False,2.910989540130296,4.713060151562329,1.4699370620713707e-05,16.94311604452899,19.25006124871074,0.6833065784144655
10.0,238.0,25.0,100.0,180.0,122.0,30.4,55.9,2023-03-20 20:10:16,7.0,11670.0,False,2.9127147695378337,4.935097906425392,1.4706980172064869e-05,16.95286977999404,19.923603283307948,0.6932811664066432
10.0,226.0,25.0,100.0,177.0,120.0,30.4,55.9,2023-03-20 20:10:22,6.0,11676.0,False,2.9127147695378337,4.296822416385295,1.4706980172064869e-05,16.95286977999404,19.25783377687017,0.6738303042064164
10.0,238.0,25.0,100.0,177.0,121.0,30.4,55.8,2023-03-20 20:10:28,6.0,11682.0,False,2.9144406640242995,4.937212744758033,1.4714592086508404e-05,16.962627109921524,19.265607833621587,0.6837361314666165
10.0,229.0,25.0,100.0,182.0,121.0,30.4,55.8,2023-03-20 20:10:35,7.0,11689.0,False,2.9144406640242995,4.45224175341361,1.4714592086508404e-05,16.962627109921524,20.38226585609325,0.6837361314666165
10.0,222.0,25.0,100.0,189.0,120.0,30.4,55.8,2023-03-20 20:10:41,6.0,11695.0,False,2.9144406640242995,4.0999548916440895,1.4714592086508404e-05,16.962627109921524,22.00113465895725,0.6740420469591373
10.0,217.0,25.0,100.0,189.0,120.0,30.4,55.8,2023-03-20 20:10:48,7.0,11702.0,False,2.9144406640242995,3.86105370350715,1.4714592086508404e-05,16.962627109921524,22.00113465895725,0.6740420469591373
10.0,236.0,25.0,100.0,177.0,119.0,30.4,55.8,2023-03-20 20:10:54,6.0,11708.0,False,2.9144406640242995,4.826228499829411,1.4714592086508404e-05,16.962627109921524,19.265607833621587,0.6644165965548878
10.0,231.0,25.0,100.0,185.0,119.0,30.4,55.8,2023-03-20 20:11:01,7.0,11715.0,False,2.9144406640242995,4.5568360375788215,1.4714592086508404e-05,16.962627109921524,21.06811154296477,0.6644165965548878
10.0,224.0,25.0,100.0,182.0,120.0,30.4,55.8,2023-03-20 20:11:07,6.0,11721.0,False,2.9144406640242995,4.198452987684827,1.4714592086508404e-05,16.962627109921524,20.38226585609325,0.6740420469591373
10.0,222.0,25.0,100.0,194.0,120.0,30.4,55.8,2023-03-20 20:11:13,6.0,11727.0,False,2.9144406640242995,4.0999548916440895,1.4714592086508404e-05,16.962627109921524,23.19735857764749,0.6740420469591373
10.0,217.0,25.0,100.0,194.0,122.0,30.4,55.8,2023-03-20 20:11:20,7.0,11734.0,False,2.9144406640242995,3.86105370350715,1.4714592086508404e-05,16.962627109921524,23.19735857764749,0.693499021349747
10.0,222.0,25.0,100.0,194.0,120.0,30.4,55.8,2023-03-20 20:11:26,6.0,11740.0,False,2.9144406640242995,4.0999548916440895,1.4714592086508404e-05,16.962627109921524,23.19735857764749,0.6740420469591373
10.0,219.0,25.0,100.0,194.0,121.0,30.4,55.8,2023-03-20 20:11:33,7.0,11747.0,False,2.9144406640242995,3.9553691922273058,1.4714592086508404e-05,16.962627109921524,23.19735857764749,0.6837361314666165
10.0,231.0,25.0,100.0,187.0,121.0,30.4,55.8,2023-03-20 20:11:39,6.0,11753.0,False,2.9144406640242995,4.5568360375788215,1.4714592086508404e-05,16.962627109921524,21.53196719408081,0.6837361314666165
10.0,222.0,25.0,100.0,180.0,122.0,30.4,55.9,2023-03-20 20:11:52,13.0,11766.0,False,2.9127147695378337,4.098198689872927,1.4706980172064869e-05,16.95286977999404,19.923603283307948,0.6932811664066432
10.0,217.0,25.0,100.0,189.0,121.0,30.4,55.8,2023-03-20 20:11:58,6.0,11772.0,False,2.9144406640242995,3.86105370350715,1.4714592086508404e-05,16.962627109921524,22.00113465895725,0.6837361314666165
10.0,222.0,25.0,100.0,177.0,119.0,30.4,55.8,2023-03-20 20:12:05,7.0,11779.0,False,2.9144406640242995,4.0999548916440895,1.4714592086508404e-05,16.962627109921524,19.265607833621587,0.6644165965548878
10.0,226.0,25.0,100.0,180.0,118.0,30.4,55.8,2023-03-20 20:12:11,6.0,11785.0,False,2.9144406640242995,4.298663734415253,1.4714592086508404e-05,16.962627109921524,19.931646099774827,0.6548596115329738
10.0,226.0,25.0,100.0,177.0,121.0,30.4,55.8,2023-03-20 20:12:18,7.0,11792.0,False,2.9144406640242995,4.298663734415253,1.4714592086508404e-05,16.962627109921524,19.265607833621587,0.6837361314666165
10.0,217.0,25.0,100.0,194.0,121.0,30.4,55.8,2023-03-20 20:12:24,6.0,11798.0,False,2.9144406640242995,3.86105370350715,1.4714592086508404e-05,16.962627109921524,23.19735857764749,0.6837361314666165
10.0,226.0,25.0,100.0,199.0,122.0,30.4,55.8,2023-03-20 20:12:31,7.0,11805.0,False,2.9144406640242995,4.298663734415253,1.4714592086508404e-05,16.962627109921524,24.427002639769643,0.693499021349747
10.0,222.0,25.0,100.0,199.0,122.0,30.4,55.8,2023-03-20 20:12:37,6.0,11811.0,False,2.9144406640242995,4.0999548916440895,1.4714592086508404e-05,16.962627109921524,24.427002639769643,0.693499021349747
10.0,226.0,25.0,100.0,180.0,122.0,30.4,55.8,2023-03-20 20:12:43,6.0,11817.0,False,2.9144406640242995,4.298663734415253,1.4714592086508404e-05,16.962627109921524,19.931646099774827,0.693499021349747
10.0,224.0,25.0,100.0,199.0,120.0,30.4,55.8,2023-03-20 20:12:50,7.0,11824.0,False,2.9144406640242995,4.198452987684827,1.4714592086508404e-05,16.962627109921524,24.427002639769643,0.6740420469591373
10.0,224.0,25.0,100.0,189.0,120.0,30.4,55.8,2023-03-20 20:12:56,6.0,11830.0,False,2.9144406640242995,4.198452987684827,1.4714592086508404e-05,16.962627109921524,22.00113465895725,0.6740420469591373
10.0,217.0,25.0,100.0,197.0,121.0,30.4,55.8,2023-03-20 20:13:03,7.0,11837.0,False,2.9144406640242995,3.86105370350715,1.4714592086508404e-05,16.962627109921524,23.931124383579068,0.6837361314666165
10.0,226.0,25.0,100.0,,,30.3,61.2,2023-03-20 20:13:09,6.0,11843.0,False,2.817967004717604,4.195268447296706,1.4288216977600418e-05,16.416957096129213,23.38849923597901,0.6716367798565496
28.98592758178711,271.2675476074219,1.4197050333023071,1488.98486328125,0.049999501556158066,121.49812316894531,28.160953521728516,73.71634674072266,03/20/2023 16:55,6.0,44.0,True,60.06523132324219,6.708493232727051,0.0,72676.03125,0.0,0.662118673324585
27.733280181884766,260.0867004394531,1.4191992282867432,1531.056884765625,2356.155029296875,119.71430969238281,26.29298973083496,78.21818542480469,03/20/2023 17:04,6.0,563.0,True,52.79476547241211,5.96807336807251,0.0,81286.328125,9216.638671875,0.6458282470703125
19.473596572875977,261.2488708496094,535.8316040039062,761.0281982421875,3480.682861328125,121.81791687011719,29.066865921020508,68.69389343261719,03/20/2023 16:58,7.0,181.0,True,19.039613723754883,6.111412048339844,0.17881295084953308,6770.47265625,58723.19140625,0.6710461378097534
24.96853256225586,256.9493713378906,475.82769775390625,976.5661010742188,3399.4658203125,119.35334777832031,28.505449295043945,70.86222839355469,03/20/2023 16:58,6.0,215.0,True,39.21190643310547,5.817153453826904,0.0989885926246643,15586.51953125,50506.1171875,0.6462668776512146
30.314208984375,246.5155029296875,1.4187695980072021,1459.7879638671875,0.049999501556158066,120.84117126464844,26.890859603881836,76.5806655883789,03/20/2023 16:59,6.0,273.0,True,68.67476654052734,5.1532182693481445,0.0,67341.09375,0.0,0.6566236019134521
27.076908111572266,276.59686279296875,1.4197779893875122,1351.2672119140625,2781.558349609375,121.83326721191406,27.961936950683594,74.23809814453125,03/20/2023 17:01,6.0,415.0,True,49.14653015136719,7.087042331695557,0.0,49854.296875,17920.8203125,0.6652166247367859
26.299846649169922,274.44110107421875,1.4229925870895386,1390.446533203125,0.049999501556158066,122.1046142578125,27.95777130126953,75.31371307373047,03/20/2023 17:02,7.0,444.0,True,44.82456970214844,6.899252891540527,0.0,55272.71875,0.0,0.6654803156852722
20.462804794311523,260.3959655761719,313.96893310546875,703.2608032226562,3220.601806640625,119.8583755493164,28.878507614135742,70.59713745117188,03/20/2023 17:04,7.0,590.0,True,21.81256866455078,6.018287181854248,0.01825118064880371,5191.69921875,36868.6875,0.649580180644989
21.3022518157959,272.98138427734375,1.4151036739349365,1406.2994384765625,2621.275390625,120.5308837890625,27.70614242553711,73.32013702392578,03/20/2023 17:02,7.0,478.0,True,24.56216049194336,6.874816417694092,0.0,58645.3671875,14022.1484375,0.6563004851341248
24.491960525512695,273.2708435058594,483.19464111328125,865.471435546875,2226.97216796875,121.7946548461914,28.33355140686035,72.74991607666016,03/20/2023 16:57,7.0,142.0,True,36.73102569580078,6.865297317504883,0.10559190809726715,10240.6640625,7534.9033203125,0.6660522222518921
18.606849670410156,271.35186767578125,1.41778564453125,1409.48828125,2660.5380859375,122.9886703491211,28.68301773071289,71.77279663085938,03/20/2023 16:58,7.0,183.0,True,16.459619522094727,6.733227252960205,0.0,58850.6328125,14855.7646484375,0.6775769591331482
27.491024017333984,272.93890380859375,521.1644897460938,1345.42138671875,0.049999501556158066,118.89997863769531,28.18988609313965,73.47746276855469,03/20/2023 16:57,7.0,144.0,True,51.44929885864258,6.83070707321167,0.1527930200099945,49093.5546875,0.0,0.6382944583892822
26.62241554260254,250.8692169189453,1.4087797403335571,917.597900390625,1887.263427734375,121.78204345703125,28.926040649414062,68.14678192138672,03/20/2023 16:56,6.0,88.0,True,47.81509780883789,5.48571252822876,0.0,12712.380859375,4411.947265625,0.6726394295692444
26.653762817382812,254.69204711914062,1.417498230934143,1712.265625,0.049999501556158066,121.29254150390625,28.227190017700195,72.81660461425781,03/20/2023 17:01,6.0,406.0,True,47.13979721069336,5.645946025848389,0.0,129209.578125,0.0,0.6617534160614014
30.218103408813477,272.83441162109375,1.413860559463501,1560.830078125,0.049999501556158066,120.34736633300781,28.42685890197754,71.10237121582031,03/20/2023 17:02,6.0,470.0,True,68.71382904052734,6.876890182495117,0.0,88763.421875,0.0,0.6554571390151978
26.98885154724121,282.3676452636719,1.4180781841278076,0.09999799728393555,3050.0869140625,122.11185455322266,28.007856369018555,73.55812072753906,03/20/2023 16:55,6.0,59.0,True,48.84559631347656,7.535014629364014,0.0,0.0,27649.3203125,0.6690575480461121
29.40755844116211,259.3455505371094,443.5714416503906,1123.5799560546875,0.049999501556158066,119.74015808105469,28.91443634033203,69.0533676147461,03/20/2023 16:56,7.0,65.0,True,63.74041748046875,5.98915433883667,0.07227443158626556,25645.17578125,0.0,0.6515125632286072
26.643627166748047,275.3725280761719,1.4187300205230713,1496.3802490234375,0.049999501556158066,122.22642517089844,27.800947189331055,74.29229736328125,03/20/2023 17:01,6.0,377.0,True,46.970054626464844,7.009195804595947,0.0,74259.015625,0.0,0.6696721315383911
15.46845531463623,275.5835876464844,1.415380835533142,0.09999799728393555,3283.801513671875,121.18812561035156,28.59181022644043,71.19861602783203,03/20/2023 17:04,6.0,585.0,True,9.66158676147461,7.058921813964844,0.0,0.0,41110.0859375,0.6622757315635681
25.396894454956055,266.2880859375,377.93853759765625,1536.39794921875,3223.164306640625,118.07145690917969,27.98345947265625,73.13699340820312,03/20/2023 17:00,7.0,347.0,True,40.977294921875,6.397134780883789,0.03669378161430359,82846.078125,36983.640625,0.6324190497398376
27.35477638244629,274.407470703125,290.3700256347656,1531.25244140625,0.049999501556158066,121.74169921875,28.40092658996582,72.20255279541016,03/20/2023 16:55,7.0,3.0,True,50.93355178833008,6.9578776359558105,0.013802528381347656,81686.40625,0.0,0.6663655638694763
29.215322494506836,275.2730712890625,1.4162875413894653,1342.671875,0.049999501556158066,118.62321472167969,28.565858840942383,71.5662841796875,03/20/2023 17:00,6.0,334.0,True,61.90242385864258,7.027082443237305,0.0,48992.9453125,0.0,0.637735903263092
27.064062118530273,267.3540344238281,1.4216164350509644,1705.21875,0.049999501556158066,122.24855041503906,28.048503875732422,74.6314926147461,03/20/2023 16:56,7.0,77.0,True,48.89635467529297,6.422167778015137,0.0,125957.25,0.0,0.6678146719932556
23.64206314086914,260.8351745605469,1.4142324924468994,1124.3707275390625,2387.269775390625,121.4271240234375,28.183277130126953,71.83584594726562,03/20/2023 17:01,6.0,365.0,True,33.37902069091797,6.0597710609436035,0.0,25566.169921875,9742.7578125,0.6653472185134888
23.61065101623535,260.80145263671875,1.4161550998687744,743.0875854492188,0.049999501556158066,121.48797607421875,28.42774200439453,71.86734008789062,03/20/2023 16:57,7.0,123.0,True,33.12005615234375,6.040557861328125,0.0,6204.31640625,0.0,0.664547860622406
22.802387237548828,277.8328552246094,1.4179452657699585,592.4956665039062,0.049999501556158066,120.87796783447266,28.429407119750977,72.46000671386719,03/20/2023 17:00,6.0,312.0,True,29.80015754699707,7.196578025817871,0.0,2990.6640625,0.0,0.6575483083724976
27.544748306274414,283.6348876953125,1.4167368412017822,1601.6641845703125,0.049999501556158066,119.45208740234375,28.110750198364258,72.85395812988281,03/20/2023 16:59,7.0,246.0,True,52.00419998168945,7.6471734046936035,0.0,98034.265625,0.0,0.6450991630554199
24.9305477142334,270.5467529296875,1.4132894277572632,1476.7601318359375,1617.0035400390625,120.06071472167969,28.3109188079834,71.20088195800781,03/20/2023 16:55,6.0,59.0,True,39.07206726074219,6.721230506896973,0.0,71238.9375,2757.544921875,0.6531752943992615
22.789451599121094,275.7557067871094,1.4192054271697998,1512.1942138671875,0.049999501556158066,121.88896179199219,28.211288452148438,73.42450714111328,03/20/2023 16:58,7.0,200.0,True,29.675048828125,7.031976699829102,0.0,77356.7265625,0.0,0.6661491394042969
23.768321990966797,274.9853210449219,1.415311574935913,0.09999799728393555,1684.7451171875,120.5865249633789,28.517370223999023,71.36155700683594,03/20/2023 16:57,7.0,145.0,True,33.82996368408203,7.016321659088135,0.0,0.0,3098.8125,0.6566752195358276
21.499710083007812,283.343994140625,1.4122231006622314,1035.956298828125,0.049999501556158066,121.4034423828125,28.745689392089844,69.75626373291016,03/20/2023 17:02,7.0,438.0,True,25.381437301635742,7.675341606140137,0.0,19198.701171875,0.0,0.6665629148483276
32.83242416381836,263.53497314453125,1.4223897457122803,1686.215087890625,0.049999501556158066,122.73518371582031,27.496082305908203,76.2685546875,03/20/2023 16:57,6.0,151.0,True,86.2918701171875,6.1620588302612305,0.0,119975.125,0.0,0.6718499064445496
18.368789672851562,256.1129455566406,1.4148962497711182,0.09999799728393555,3570.20068359375,124.83402252197266,28.802047729492188,70.51099395751953,03/20/2023 16:56,6.0,75.0,True,15.946277618408203,5.755145072937012,0.0,0.0,69131.3046875,0.6973914504051208
27.15950584411621,290.0976867675781,1.4219245910644531,0.09999799728393555,2684.340087890625,119.33772277832031,27.514371871948242,76.06884002685547,03/20/2023 17:02,6.0,429.0,True,49.3743782043457,8.097618103027344,0.0,0.0,15332.943359375,0.6404696106910706
26.015106201171875,254.01318359375,1.4154597520828247,0.09999799728393555,3063.724853515625,121.48533630371094,28.65178680419922,71.07499694824219,03/20/2023 16:58,6.0,208.0,True,44.07954788208008,5.621325969696045,0.0,0.0,28377.5078125,0.6650192737579346
23.998197555541992,290.24957275390625,1.4235162734985352,1420.857421875,0.049999501556158066,121.97320556640625,28.120712280273438,75.07938385009766,03/20/2023 17:02,6.0,449.0,True,34.226016998291016,8.09109115600586,0.0,60034.7421875,0.0,0.6638749837875366
27.1003360748291,292.624755859375,1.4179556369781494,0.09999799728393555,3410.067626953125,123.60577392578125,28.441631317138672,72.43289184570312,03/20/2023 16:57,6.0,121.0,True,49.4533805847168,8.35172176361084,0.0,0.0,51177.4140625,0.6833311915397644
24.950420379638672,273.27349853515625,485.5943908691406,1305.00146484375,3359.81396484375,118.99918365478516,28.339075088500977,72.29126739501953,03/20/2023 17:03,7.0,490.0,True,38.88908386230469,6.878902912139893,0.10836055874824524,43954.1328125,46866.921875,0.6408854126930237
26.319162368774414,251.4950408935547,326.014892578125,1629.0870361328125,2377.925048828125,119.62269592285156,28.343523025512695,71.24433135986328,03/20/2023 16:56,6.0,85.0,True,45.77630615234375,5.483870506286621,0.021006718277931213,105750.65625,9609.0185546875,0.6488229036331177
16.92706298828125,267.5351257324219,438.4908142089844,0.09999799728393555,3622.813720703125,123.68180084228516,29.10959815979004,68.93476104736328,03/20/2023 17:02,7.0,461.0,True,12.629926681518555,6.520882606506348,0.06857271492481232,0.0,76782.171875,0.6880876421928406
27.609521865844727,268.1203308105469,1.4170781373977661,1183.3961181640625,0.049999501556158066,122.1452407836914,28.366973876953125,72.32713317871094,03/20/2023 17:02,6.0,475.0,True,52.32860565185547,6.516965866088867,0.0,30587.064453125,0.0,0.6700912714004517
26.135852813720703,261.76739501953125,1.4122092723846436,1010.1229248046875,0.049999501556158066,120.6496810913086,28.613672256469727,70.08171844482422,03/20/2023 17:02,7.0,471.0,True,44.978485107421875,6.138360500335693,0.0,17577.298828125,0.0,0.6594634056091309
14.703638076782227,278.97406005859375,1.4151506423950195,1118.502685546875,3192.680419921875,121.74849700927734,28.756441116333008,70.71002960205078,03/20/2023 16:56,7.0,83.0,True,8.342196464538574,7.310798645019531,0.0,25045.91015625,35191.9296875,0.667724609375
21.18649673461914,262.2368469238281,1.4158239364624023,988.7525634765625,2834.96484375,122.5244140625,28.456298828125,71.68537902832031,03/20/2023 16:57,7.0,165.0,True,24.138885498046875,6.136438846588135,0.0,16203.0,19609.46875,0.674589216709137
30.7916316986084,280.4988708496094,1.423614263534546,1530.3687744140625,0.049999501556158066,122.70196533203125,27.970853805541992,75.48639678955078,03/20/2023 17:04,7.0,560.0,True,71.215576171875,7.334008693695068,0.0,80441.5078125,0.0,0.6706587076187134
31.693349838256836,286.580322265625,1.423198938369751,1587.4442138671875,0.049999501556158066,121.99723815917969,28.102340698242188,75.02045440673828,03/20/2023 17:01,6.0,367.0,True,77.61485290527344,7.803330898284912,0.0,93339.90625,0.0,0.6643255352973938
24.02581024169922,250.5318603515625,330.15093994140625,1706.881591796875,2710.923828125,120.53938293457031,28.065662384033203,71.50597381591797,03/20/2023 17:00,6.0,321.0,True,35.12396240234375,5.436741828918457,0.022054731845855713,128794.75,16198.19921875,0.6583117246627808
19.962604522705078,238.39407348632812,1.4100697040557861,1206.5439453125,3190.318359375,120.12569427490234,28.944297790527344,68.53584289550781,03/20/2023 16:57,7.0,166.0,True,20.526226043701172,4.76591157913208,0.0,33286.25,35298.84375,0.6560537815093994
19.760154724121094,273.66546630859375,1.4192230701446533,1370.198486328125,3259.98779296875,120.6280517578125,27.99529266357422,73.97030639648438,03/20/2023 17:00,6.0,322.0,True,19.558469772338867,6.882002830505371,0.0,52632.4296875,39247.796875,0.6543137431144714
26.00642967224121,286.339599609375,1.4162973165512085,0.09999799728393555,3335.325927734375,120.79500579833984,28.362409591674805,72.07813262939453,03/20/2023 16:55,6.0,42.0,True,43.96178436279297,7.863341331481934,0.0,0.0,44915.765625,0.6579337120056152
25.769912719726562,262.8359375,1.4158203601837158,886.1048583984375,0.049999501556158066,120.7165756225586,28.38596534729004,71.86002349853516,03/20/2023 17:04,6.0,595.0,True,42.83945083618164,6.175590991973877,0.0,11136.7021484375,0.0,0.6575353145599365
22.976438522338867,265.16375732421875,1.4153207540512085,1288.2392578125,1975.091064453125,120.36002349853516,28.498186111450195,71.41255187988281,03/20/2023 17:01,6.0,379.0,True,30.6331787109375,6.3340325355529785,0.0,41991.03125,5051.984375,0.654547929763794
25.9919376373291,279.90704345703125,1.4219906330108643,1786.0335693359375,0.049999501556158066,117.86604309082031,27.379037857055664,76.42899322509766,03/20/2023 17:04,6.0,548.0,True,43.388153076171875,7.307242393493652,0.0,153388.40625,0.0,0.6269236207008362
24.62680435180664,283.4039611816406,1.414110779762268,1027.4986572265625,2765.255859375,120.84266662597656,28.602890014648438,70.74608612060547,03/20/2023 17:02,7.0,421.0,True,37.629493713378906,7.658755302429199,0.0,18586.015625,17602.373046875,0.6599286794662476
19.39822769165039,275.13665771484375,1.4176995754241943,0.09999799728393555,3621.174072265625,122.76261138916016,28.62841796875,71.88067626953125,03/20/2023 16:59,7.0,283.0,True,18.588577270507812,7.002741813659668,0.0,0.0,75987.96875,0.675491988658905
17.460960388183594,268.4221496582031,318.06744384765625,1329.0074462890625,3167.640380859375,121.7593994140625,28.772113800048828,69.8612289428711,03/20/2023 17:00,7.0,356.0,True,13.817888259887695,6.579320907592773,0.01922948658466339,47459.1015625,33851.05859375,0.6695659756660461
27.43319320678711,254.804443359375,1.411461591720581,1241.8697509765625,0.049999501556158066,123.16141510009766,28.842308044433594,69.25899505615234,03/20/2023 17:04,6.0,564.0,True,51.9395637512207,5.70304536819458,0.0,36915.55078125,0.0,0.6838513612747192
23.956436157226562,254.0597686767578,442.98431396484375,1512.1275634765625,0.049999501556158066,121.93186950683594,28.675678253173828,69.36893463134766,03/20/2023 17:02,6.0,429.0,True,34.95658874511719,5.664822578430176,0.07196007668972015,78671.6796875,0.0,0.6727809309959412
24.36717414855957,240.82192993164062,1.412583827972412,1255.5,0.049999501556158066,121.1429672241211,28.83465003967285,69.65496826171875,03/20/2023 16:58,6.0,188.0,True,36.5911865234375,4.8801984786987305,0.0,38354.3203125,0.0,0.6638439297676086
29.61936378479004,268.497314453125,1.4157377481460571,0.09999799728393555,2444.98046875,119.63481140136719,28.088481903076172,72.57611083984375,03/20/2023 16:59,7.0,280.0,True,64.531005859375,6.555556774139404,0.0,0.0,10639.583984375,0.6474904417991638
22.991092681884766,236.3275604248047,453.59478759765625,1486.98486328125,0.049999501556158066,121.7025146484375,29.2281551361084,67.29646301269531,03/20/2023 16:55,7.0,38.0,True,31.118423461914062,4.666145324707031,0.08024519681930542,73903.078125,0.0,0.6720870733261108
26.338577270507812,264.9331970214844,1.412437915802002,1471.062255859375,0.049999501556158066,120.38865661621094,28.525428771972656,70.37908935546875,03/20/2023 16:57,6.0,159.0,True,45.98963165283203,6.3454179763793945,0.0,70279.3125,0.0,0.6568486094474792
24.02408218383789,287.2338562011719,1.4201828241348267,0.09999799728393555,3347.911376953125,120.52569580078125,28.072668075561523,74.095703125,03/20/2023 17:02,6.0,477.0,True,34.5657844543457,7.889255523681641,0.0,0.0,45676.3984375,0.6526875495910645
19.96647834777832,264.9095153808594,1.4155282974243164,1581.134765625,0.049999501556158066,121.3705825805664,28.60408592224121,71.21714782714844,03/20/2023 16:59,7.0,297.0,True,20.311683654785156,6.315158367156982,0.0,93231.546875,0.0,0.6638887524604797
20.540306091308594,298.59228515625,1.4206664562225342,1248.002685546875,2733.644287109375,120.99967193603516,28.348337173461914,73.56702423095703,03/20/2023 16:58,6.0,192.0,True,21.835617065429688,8.822273254394531,0.0,36920.6875,16596.48828125,0.6567714214324951
28.345739364624023,265.3344421386719,1.416384220123291,1398.5125732421875,0.049999501556158066,121.94300842285156,28.40433692932129,72.00235748291016,03/20/2023 16:55,6.0,12.0,True,56.62104415893555,6.335557460784912,0.0,57256.28125,0.0,0.6686777472496033
23.567298889160156,268.921630859375,1.410685420036316,0.09999799728393555,2135.882568359375,119.252197265625,28.442777633666992,69.99691009521484,03/20/2023 17:03,6.0,482.0,True,33.309600830078125,6.6336565017700195,0.0,0.0,6588.4296875,0.6474443674087524
28.298437118530273,254.42379760742188,1.4193145036697388,1287.7227783203125,0.049999501556158066,121.21144104003906,27.693504333496094,74.75518798828125,03/20/2023 17:02,6.0,467.0,True,56.0106315612793,5.614650726318359,0.0,41600.4140625,0.0,0.6597059965133667
26.535598754882812,262.85211181640625,1.4179214239120483,672.7675170898438,0.049999501556158066,120.46170806884766,28.01151466369629,73.49678039550781,03/20/2023 17:00,7.0,321.0,True,46.48854064941406,6.157690048217773,0.0,4481.044921875,0.0,0.6536728143692017
30.689773559570312,268.97119140625,1.4213249683380127,1610.999267578125,0.049999501556158066,120.96626281738281,27.44771385192871,76.036865234375,03/20/2023 17:03,7.0,529.0,True,70.8487319946289,6.534519672393799,0.0,99496.109375,0.0,0.655997097492218
25.399959564208984,254.9599609375,1.4186129570007324,1407.6046142578125,0.049999501556158066,123.71138000488281,28.168210983276367,73.33521270751953,03/20/2023 17:02,6.0,446.0,True,40.827911376953125,5.65311336517334,0.0,58451.7890625,0.0,0.6838576793670654
28.8284854888916,281.9189453125,1.4208500385284424,1010.682373046875,2316.23095703125,124.46824645996094,27.956823348999023,74.60665130615234,03/20/2023 17:01,7.0,405.0,True,58.97296905517578,7.470538139343262,0.0,17314.693359375,8638.1552734375,0.6894480586051941
22.299978256225586,265.40582275390625,1.41543710231781,0.09999799728393555,3157.55029296875,123.33504486083984,28.728397369384766,70.87592315673828,03/20/2023 16:57,7.0,164.0,True,28.0611572265625,6.349123477935791,0.0,0.0,33158.73828125,0.6825913786888123
26.56499671936035,277.7428283691406,1.4211854934692383,1721.7177734375,0.049999501556158066,119.18009185791016,27.88375473022461,74.90054321289062,03/20/2023 16:55,7.0,20.0,True,46.333702087402344,7.156015396118164,0.0,131303.484375,0.0,0.6395220756530762
19.75003433227539,270.95831298828125,1.4131425619125366,0.09999799728393555,3254.967041015625,123.995361328125,28.272245407104492,71.24835205078125,03/20/2023 17:04,7.0,557.0,True,19.771041870117188,6.751510143280029,0.0,0.0,39238.359375,0.6906152367591858
28.468780517578125,278.2326354980469,1.4211785793304443,1287.6339111328125,0.049999501556158066,121.28143310546875,28.151090621948242,74.22989654541016,03/20/2023 16:56,6.0,65.0,True,56.79486846923828,7.192015647888184,0.0,41437.9921875,0.0,0.6590461134910583
25.112361907958984,240.95077514648438,514.0816650390625,769.9264526367188,0.049999501556158066,119.34342193603516,28.972848892211914,67.69255065917969,03/20/2023 17:03,7.0,539.0,True,40.363189697265625,4.921896934509277,0.1454843431711197,7084.9765625,0.0,0.6503301858901978
29.297082901000977,292.3196716308594,1.4207193851470947,0.09999799728393555,3194.09716796875,122.23582458496094,27.735698699951172,75.1160888671875,03/20/2023 16:55,6.0,23.0,True,61.85784912109375,8.292970657348633,0.0,0.0,35006.79296875,0.668336033821106
24.00536346435547,272.0521240234375,1.4163011312484741,1258.92822265625,0.049999501556158066,121.33409118652344,28.458820343017578,71.83841705322266,03/20/2023 17:01,6.0,394.0,True,34.75849914550781,6.797060966491699,0.0,38462.28125,0.0,0.6629946231842041
30.835739135742188,266.7897033691406,382.538330078125,1604.453125,0.049999501556158066,120.91319274902344,28.286056518554688,73.31137084960938,03/20/2023 17:01,6.0,397.0,True,72.12327575683594,6.404691696166992,0.0383136123418808,98214.5,0.0,0.6568343639373779
22.239704132080078,279.76629638671875,1.4165184497833252,0.09999799728393555,3563.76171875,123.60462951660156,28.61830711364746,71.51219177246094,03/20/2023 16:58,7.0,206.0,True,27.77896499633789,7.35533332824707,0.0,0.0,68134.796875,0.6843742728233337
29.752689361572266,273.6802673339844,1.4228417873382568,1458.5423583984375,0.049999501556158066,121.4722900390625,27.239818572998047,77.0586929321289,03/20/2023 16:58,7.0,200.0,True,64.45956420898438,6.846816539764404,0.0,66582.4375,0.0,0.6596593260765076
28.966365814208984,268.25946044921875,1.4229185581207275,1561.0953369140625,0.049999501556158066,121.57829284667969,27.378725051879883,76.7368392944336,03/20/2023 16:57,7.0,130.0,True,59.5587043762207,6.471051216125488,0.0,87259.25,0.0,0.6605973839759827
26.865520477294922,263.88665771484375,206.9388885498047,1461.9305419921875,0.049999501556158066,120.92500305175781,28.628389358520508,71.48957824707031,03/20/2023 17:00,6.0,326.0,True,48.34387969970703,6.238208770751953,0.004522949457168579,68029.1484375,0.0,0.6589910984039307
25.81317138671875,266.5731506347656,1.4182621240615845,1532.2105712890625,0.049999501556158066,121.60600280761719,27.894960403442383,73.90160369873047,03/20/2023 17:02,7.0,456.0,True,42.838844299316406,6.401034832000732,0.0,81682.140625,0.0,0.6641576290130615
33.48754119873047,264.5587158203125,1.4224801063537598,1669.191162109375,0.049999501556158066,121.0420150756836,27.699342727661133,75.79023742675781,03/20/2023 16:57,7.0,145.0,True,91.46825408935547,6.228261947631836,0.0,114967.984375,0.0,0.6558942198753357
29.568185806274414,270.39019775390625,1.4208042621612549,1425.843994140625,0.049999501556158066,120.65836334228516,28.09941864013672,74.2350082397461,03/20/2023 17:03,7.0,483.0,True,63.54895782470703,6.636932849884033,0.0,61181.6328125,0.0,0.6534895896911621
18.893821716308594,261.9564514160156,1.4137598276138306,0.09999799728393555,2858.66162109375,121.3958511352539,28.727632522583008,70.31669616699219,03/20/2023 16:58,6.0,222.0,True,17.351533889770508,6.136726379394531,0.0,0.0,20420.810546875,0.6653900146484375
22.132827758789062,281.403076171875,1.4197230339050293,1457.2275390625,2624.910400390625,120.644775390625,27.537458419799805,75.28104400634766,03/20/2023 16:58,7.0,188.0,True,27.213415145874023,7.443792343139648,0.0,66753.7265625,14012.62890625,0.6541194915771484
13.971773147583008,283.8565673828125,1.421050786972046,0.09999799728393555,3622.78173828125,123.85350036621094,28.22791862487793,73.99543762207031,03/20/2023 17:00,7.0,354.0,True,7.107880592346191,7.616156101226807,0.0,0.0,75876.375,0.683428943157196
28.922718048095703,255.2675323486328,512.3475341796875,1681.8349609375,0.049999501556158066,120.15074157714844,28.730512619018555,69.34771728515625,03/20/2023 16:57,7.0,120.0,True,60.754615783691406,5.736452102661133,0.14225009083747864,121385.609375,0.0,0.6557064652442932
28.638330459594727,283.06915283203125,1.4206149578094482,1583.4937744140625,0.049999501556158066,120.9547348022461,28.170482635498047,73.99451446533203,03/20/2023 17:00,7.0,347.0,True,57.86225891113281,7.5606255531311035,0.0,92866.59375,0.0,0.6563878655433655
27.15546226501465,277.8171081542969,1.4208515882492065,1285.4298095703125,0.049999501556158066,121.48494720458984,27.574501037597656,75.56299591064453,03/20/2023 17:01,7.0,387.0,True,49.459632873535156,7.16494083404541,0.0,41199.47265625,0.0,0.6611831784248352
27.248891830444336,269.5377197265625,1.4191911220550537,1429.23974609375,0.049999501556158066,121.76307678222656,28.258407592773438,73.30196380615234,03/20/2023 16:59,6.0,265.0,True,50.129364013671875,6.593765735626221,0.0,61946.125,0.0,0.6649741530418396
17.856176376342773,267.8411560058594,1.4150654077529907,1360.576416015625,3173.486572265625,120.47471618652344,28.649166107177734,70.94973754882812,03/20/2023 17:02,7.0,478.0,True,14.678999900817871,6.517125129699707,0.0,51653.01953125,34075.390625,0.6558013558387756
21.62941551208496,264.86016845703125,1.4160958528518677,0.09999799728393555,3264.6044921875,122.7072982788086,28.247604370117188,72.29789733886719,03/20/2023 16:57,6.0,131.0,True,25.62977409362793,6.306629180908203,0.0,0.0,39731.453125,0.6761293411254883
18.26129913330078,283.70343017578125,1.4159258604049683,0.09999799728393555,3211.599365234375,121.4779052734375,28.67807388305664,71.16497802734375,03/20/2023 16:56,7.0,88.0,True,15.643210411071777,7.661554336547852,0.0,0.0,36298.9296875,0.6646164059638977
25.467304229736328,260.6011657714844,1.4099531173706055,914.095458984375,2389.487060546875,121.6563949584961,28.98999786376953,68.38233184814453,03/20/2023 16:58,6.0,192.0,True,41.874881744384766,6.08276891708374,0.0,12518.947265625,9834.6103515625,0.6705950498580933
28.15970802307129,274.5528564453125,1.4177669286727905,1268.806640625,0.049999501556158066,121.49017333984375,28.40281105041504,72.46708679199219,03/20/2023 17:04,6.0,580.0,True,55.37919235229492,6.9600830078125,0.0,39483.30078125,0.0,0.6634204983711243
24.87668800354004,237.85470581054688,1.4127037525177002,0.09999799728393555,3060.23486328125,119.20317077636719,28.74677276611328,69.91490936279297,03/20/2023 17:01,7.0,388.0,True,38.87112808227539,4.718584060668945,0.0,0.0,28322.830078125,0.6455824971199036
23.369199752807617,249.9594268798828,1.413557529449463,1304.3797607421875,0.049999501556158066,121.3446044921875,28.626239776611328,70.50244140625,03/20/2023 17:03,7.0,503.0,True,32.30723190307617,5.393370628356934,0.0,44152.765625,0.0,0.6650509238243103
26.88773536682129,292.78216552734375,1.4199548959732056,1615.3096923828125,0.049999501556158066,120.62371826171875,27.816476821899414,74.6605224609375,03/20/2023 17:04,6.0,545.0,True,48.12683868408203,8.34035873413086,0.0,100863.6875,0.0,0.6537606120109558
23.19215202331543,281.20184326171875,1.417112112045288,0.09999799728393555,3578.026611328125,121.63768005371094,27.68282127380371,74.04887390136719,03/20/2023 17:02,6.0,429.0,True,31.3690185546875,7.45700216293335,0.0,0.0,69959.984375,0.6652756929397583
22.545413970947266,247.95217895507812,1.4092713594436646,793.4569091796875,3291.54296875,119.7650375366211,29.136568069458008,67.78624725341797,03/20/2023 16:55,6.0,25.0,True,29.339275360107422,5.30902099609375,0.0,7800.80859375,42018.421875,0.6532325148582458
16.916336059570312,276.15863037109375,1.4168778657913208,1272.2862548828125,3304.447265625,120.01778411865234,28.140308380126953,72.82705688476562,03/20/2023 17:01,6.0,413.0,True,12.494979858398438,7.085208415985107,0.0,39958.078125,42521.5390625,0.6502620577812195
24.53738784790039,242.8985595703125,1.4092934131622314,0.09999799728393555,1950.71484375,121.2611083984375,29.27202606201172,67.45507049560547,03/20/2023 17:01,6.0,415.0,True,37.59613037109375,5.019328594207764,0.0,0.0,4895.1611328125,0.6673204898834229
21.850177764892578,256.6787414550781,1.4184373617172241,1526.302978515625,0.049999501556158066,121.3782958984375,27.805755615234375,74.1829605102539,03/20/2023 16:56,6.0,85.0,True,26.277511596679688,5.760406970977783,0.0,80400.46875,0.0,0.6618924736976624
30.71206283569336,286.2093505859375,1.4230924844741821,1556.6094970703125,0.049999501556158066,122.11262512207031,27.449373245239258,76.61772155761719,03/20/2023 17:04,6.0,558.0,True,70.74821472167969,7.775534152984619,0.0,86221.4453125,0.0,0.6654845476150513
18.37895393371582,266.3091125488281,1.4143983125686646,941.1231079101562,3285.45361328125,121.40531921386719,28.93700408935547,70.00706481933594,03/20/2023 16:57,6.0,169.0,True,15.988122940063477,6.419505596160889,0.0,13707.4130859375,41283.703125,0.6650229096412659
25.892086029052734,252.60958862304688,1.415321946144104,0.09999799728393555,0.049999501556158066,122.40445709228516,28.513896942138672,71.37368774414062,03/20/2023 16:59,7.0,278.0,True,43.48240661621094,5.537398338317871,0.0,0.0,0.0,0.6738139390945435
25.199932098388672,266.70831298828125,1.4165639877319336,1602.8350830078125,0.049999501556158066,120.28853607177734,28.110965728759766,72.79576110839844,03/20/2023 16:55,6.0,57.0,True,40.05713653564453,6.4260663986206055,0.0,98361.171875,0.0,0.6530070304870605
20.81859016418457,251.252685546875,1.4112197160720825,859.68994140625,2558.459228515625,120.9253158569336,28.546066284179688,69.91832733154297,03/20/2023 16:57,7.0,137.0,True,23.14948272705078,5.4890217781066895,0.0,10149.05859375,12779.98046875,0.6627645492553711
24.14655303955078,279.5403137207031,1.4221937656402588,1589.4366455078125,2512.45703125,120.74344635009766,27.90285301208496,75.18671417236328,03/20/2023 17:00,6.0,337.0,True,34.94282531738281,7.277850151062012,0.0,94002.890625,11716.224609375,0.6533114910125732
25.67132568359375,266.0193176269531,1.4174658060073853,1381.80712890625,0.049999501556158066,119.86088562011719,27.999441146850586,73.37519836425781,03/20/2023 16:55,7.0,45.0,True,42.21931457519531,6.37130069732666,0.0,54551.21875,0.0,0.648391842842102
23.00351333618164,273.3726806640625,1.4179214239120483,1325.4979248046875,0.049999501556158066,121.3111801147461,28.45944595336914,72.37696075439453,03/20/2023 17:04,7.0,566.0,True,30.577686309814453,6.874279975891113,0.0,46509.421875,0.0,0.6616280674934387
23.40972328186035,273.2719421386719,1.4147636890411377,1566.143798828125,0.049999501556158066,120.28170013427734,28.452228546142578,71.3411865234375,03/20/2023 17:01,7.0,362.0,True,32.3923225402832,6.898939609527588,0.0,89832.21875,0.0,0.6542069315910339
27.18710708618164,269.5491943359375,1.4172189235687256,1409.046142578125,0.049999501556158066,121.51123046875,28.076152801513672,73.10112762451172,03/20/2023 16:58,6.0,186.0,True,49.994747161865234,6.613593101501465,0.0,58844.671875,0.0,0.6640084981918335
25.91506576538086,281.7675476074219,1.4205948114395142,1177.3004150390625,1072.3297119140625,120.8517074584961,27.672550201416016,75.23268127441406,03/20/2023 16:59,6.0,299.0,True,43.13365173339844,7.461860656738281,0.0,29811.1875,915.96484375,0.6554399132728577
25.083518981933594,255.133056640625,1.4165301322937012,1366.802978515625,0.049999501556158066,120.50282287597656,28.341218948364258,72.20880889892578,03/20/2023 16:57,6.0,141.0,True,39.519325256347656,5.680977821350098,0.0,52411.30078125,0.0,0.6550336480140686
25.666284561157227,267.4873046875,1.4163779020309448,1338.2515869140625,0.049999501556158066,125.66773986816406,28.35655403137207,72.11967468261719,03/20/2023 17:01,6.0,386.0,True,42.28792953491211,6.4805498123168945,0.0,48374.53515625,0.0,0.704346239566803
27.51091957092285,287.60186767578125,1.420631766319275,1079.1346435546875,0.049999501556158066,121.6634521484375,27.525312423706055,75.61305236816406,03/20/2023 17:02,7.0,438.0,True,51.41046142578125,7.913201332092285,0.0,21808.14453125,0.0,0.6630136966705322
28.946918487548828,285.5613098144531,1.4260165691375732,1782.384033203125,0.049999501556158066,120.93586730957031,27.475719451904297,77.5164566040039,03/20/2023 17:03,7.0,538.0,True,59.07163619995117,7.692262649536133,0.0,150846.21875,0.0,0.6524367928504944
26.707504272460938,265.5939636230469,485.1808166503906,1777.1595458984375,0.049999501556158066,120.79710388183594,28.58194351196289,71.2765884399414,03/20/2023 16:58,7.0,204.0,True,47.60784149169922,6.360749244689941,0.10815536975860596,152035.984375,0.0,0.6584883332252502
22.375789642333984,211.33840942382812,1.4088054895401,1075.4642333984375,0.049999501556158066,122.66133117675781,28.85017204284668,68.34513854980469,03/20/2023 17:01,7.0,362.0,True,28.725223541259766,3.4688031673431396,0.0,22053.7421875,0.0,0.6810147762298584
17.954952239990234,280.1726379394531,312.31097412109375,1715.65576171875,3152.456787109375,120.32688903808594,27.800334930419922,74.31455993652344,03/20/2023 16:57,7.0,131.0,True,14.804759979248047,7.361301898956299,0.01780959963798523,129964.5625,32725.3828125,0.6518062353134155
26.364980697631836,250.98648071289062,415.43341064453125,1774.9659423828125,0.049999501556158066,118.8076400756836,28.328426361083984,71.7648696899414,03/20/2023 16:59,6.0,257.0,True,45.876502990722656,5.441974639892578,0.05413563549518585,151358.09375,0.0,0.6402520537376404
22.71517562866211,280.24627685546875,1.4188158512115479,1368.73193359375,0.049999501556158066,121.3929443359375,28.12140655517578,73.51971435546875,03/20/2023 17:02,7.0,455.0,True,29.415971755981445,7.366565704345703,0.0,52458.9453125,0.0,0.6617617011070251
25.30169105529785,261.34442138671875,1.4169892072677612,1310.1285400390625,0.049999501556158066,120.3313217163086,28.24253273010254,72.60861206054688,03/20/2023 17:00,6.0,327.0,True,40.4987907409668,6.0681657791137695,0.0,44587.75,0.0,0.6531087756156921
27.746463775634766,271.69189453125,482.2607421875,1568.8411865234375,0.049999501556158066,119.47175598144531,28.246906280517578,73.08895111083984,03/20/2023 17:04,6.0,578.0,True,52.94719696044922,6.750329494476318,0.1045614629983902,89804.9765625,0.0,0.6440876722335815
22.462629318237305,257.8332214355469,1.4171288013458252,1676.7315673828125,2439.458740234375,120.10453033447266,27.973033905029297,73.32890319824219,03/20/2023 17:01,7.0,386.0,True,28.566287994384766,5.84351110458374,0.0,118389.09375,10528.0703125,0.650895357131958
26.33500099182129,253.09725952148438,241.3931427001953,1374.4058837890625,2237.008056640625,120.84051513671875,28.54356575012207,70.96754455566406,03/20/2023 16:56,6.0,72.0,True,45.795318603515625,5.574943542480469,0.007432788610458374,53768.90625,7695.05859375,0.6597535014152527
27.90958595275879,284.1595764160156,250.07516479492188,1512.6527099609375,0.049999501556158066,119.7166519165039,28.314010620117188,73.41163635253906,03/20/2023 16:57,7.0,156.0,True,53.70795440673828,7.6518707275390625,0.008266836404800415,77338.84375,0.0,0.6453381180763245
28.255102157592773,266.1122741699219,1.4233468770980835,1428.40673828125,0.049999501556158066,122.73594665527344,27.317432403564453,77.0316162109375,03/20/2023 17:01,6.0,374.0,True,55.307010650634766,6.323031425476074,0.0,61304.671875,0.0,0.6711706519126892
27.54620361328125,271.52410888671875,1.4220902919769287,1400.218017578125,0.049999501556158066,120.537841796875,27.67207145690918,75.72940063476562,03/20/2023 16:58,6.0,190.0,True,51.453102111816406,6.703020095825195,0.0,56886.0625,0.0,0.6514701843261719
30.870468139648438,273.5527648925781,1.423931360244751,1502.25048828125,0.049999501556158066,121.38167572021484,27.74702262878418,76.15074157714844,03/20/2023 17:02,6.0,429.0,True,71.70919036865234,6.826962471008301,0.0,74658.0,0.0,0.6580458879470825
24.165966033935547,211.7794189453125,1.408914566040039,1208.582275390625,2613.404052734375,122.16465759277344,28.842172622680664,68.40193939208984,03/20/2023 16:58,6.0,206.0,True,35.97969055175781,3.487165927886963,0.0,33569.3203125,13969.7060546875,0.6761875748634338
21.475008010864258,286.2036437988281,1.414122462272644,0.09999799728393555,3609.003173828125,121.96794128417969,28.515729904174805,70.96795654296875,03/20/2023 16:58,6.0,185.0,True,25.199016571044922,7.877663612365723,0.0,0.0,74575.03125,0.6705403327941895
23.728252410888672,286.93072509765625,1.421629786491394,1413.7601318359375,0.049999501556158066,121.6278076171875,28.300460815429688,74.00601959228516,03/20/2023 16:59,6.0,261.0,True,33.236122131347656,7.848731994628906,0.0,59097.37890625,0.0,0.661971926689148
24.641878128051758,242.76895141601562,1.4111446142196655,1662.8450927734375,0.049999501556158066,119.4140396118164,28.50714111328125,69.99040222167969,03/20/2023 17:03,7.0,529.0,True,37.92461395263672,4.99844217300415,0.0,115705.203125,0.0,0.6486338973045349
29.334640502929688,241.36495971679688,1.4151203632354736,1639.709228515625,0.049999501556158066,119.89756774902344,28.222835540771484,72.03398132324219,03/20/2023 17:04,7.0,589.0,True,62.7984733581543,4.891833782196045,0.0,108316.265625,0.0,0.6503682732582092
19.06610679626465,236.07101440429688,556.42236328125,1217.001953125,3277.371826171875,118.88006591796875,28.865798950195312,68.76296997070312,03/20/2023 17:03,7.0,536.0,True,17.947580337524414,4.641157150268555,0.2193920612335205,34350.9921875,40950.08203125,0.6443411111831665
22.79551887512207,247.8634796142578,1.4131784439086914,0.09999799728393555,0.049999501556158066,121.72855377197266,28.61043930053711,70.41487121582031,03/20/2023 16:55,6.0,7.0,True,30.062618255615234,5.273484706878662,0.0,0.0,0.0,0.6689528822898865
25.860088348388672,264.84088134765625,1.4154607057571411,1391.7977294921875,2932.155029296875,119.12898254394531,28.088546752929688,72.48342895507812,03/20/2023 16:58,6.0,209.0,True,43.31261444091797,6.311213493347168,0.0,56305.671875,22915.3671875,0.6429839730262756
22.817203521728516,277.0191955566406,1.4163349866867065,821.7064819335938,2944.801513671875,120.31501770019531,28.512798309326172,71.71476745605469,03/20/2023 17:03,6.0,482.0,True,29.954261779785156,7.153709411621094,0.0,8639.0859375,23358.396484375,0.6534150838851929
27.652881622314453,283.2665100097656,1.4209492206573486,1435.4276123046875,0.049999501556158066,119.57303619384766,27.711719512939453,75.25225830078125,03/20/2023 17:04,7.0,551.0,True,52.161285400390625,7.572028636932373,0.0,62780.89453125,0.0,0.6433125138282776
26.814708709716797,275.88525390625,1.4145214557647705,0.09999799728393555,3370.265380859375,121.29439544677734,28.574140548706055,70.95541381835938,03/20/2023 16:56,6.0,112.0,True,48.271175384521484,7.089761734008789,0.0,0.0,47890.828125,0.6638887524604797
26.833087921142578,268.90228271484375,1.421065092086792,1581.921875,0.049999501556158066,121.54826354980469,27.940771102905273,74.71804809570312,03/20/2023 17:00,7.0,321.0,True,47.73290252685547,6.532298564910889,0.0,92410.671875,0.0,0.661625862121582
24.2431640625,257.0583190917969,1.4112465381622314,1373.43603515625,0.049999501556158066,119.48043060302734,28.538532257080078,69.94618225097656,03/20/2023 17:02,7.0,431.0,True,36.14591979980469,5.845242500305176,0.0,53950.35546875,0.0,0.6491827368736267
27.377695083618164,282.63287353515625,1.4217808246612549,1421.7698974609375,2458.229248046875,120.29997253417969,26.856040954589844,77.66707611083984,03/20/2023 16:55,7.0,9.0,True,50.564422607421875,7.514540195465088,0.0,60389.328125,10771.884765625,0.6494744420051575
19.32880401611328,259.5126953125,1.4140493869781494,0.09999799728393555,3584.71533203125,123.5223388671875,29.086091995239258,69.51751708984375,03/20/2023 16:57,7.0,166.0,True,18.531599044799805,5.976467132568359,0.0,0.0,71163.84375,0.685403048992157
25.08696174621582,268.2655334472656,1.4177976846694946,1382.1827392578125,2578.224365234375,120.7470474243164,28.51806640625,72.1891860961914,03/20/2023 17:00,6.0,301.0,True,39.43401336669922,6.52000617980957,0.0,54572.61328125,13061.3291015625,0.6564267873764038
28.46370506286621,207.99691772460938,1.4089229106903076,775.1361083984375,2684.88330078125,122.78570556640625,28.850984573364258,68.38272094726562,03/20/2023 17:04,6.0,581.0,True,58.19172668457031,3.3272359371185303,0.0,7227.4921875,15623.765625,0.6821199655532837
27.99082374572754,255.93856811523438,1.4165799617767334,1468.9954833984375,0.049999501556158066,121.41679382324219,28.25617027282715,72.43802642822266,03/20/2023 17:02,6.0,429.0,True,54.538265228271484,5.730189323425293,0.0,69323.8984375,0.0,0.6635746955871582
30.698299407958984,269.4049987792969,1.4251058101654053,1606.2496337890625,0.049999501556158066,122.8131332397461,26.6574649810791,79.26202392578125,03/20/2023 17:04,6.0,552.0,True,70.36904907226562,6.52812385559082,0.0,97575.046875,0.0,0.6706387996673584
27.365930557250977,249.59326171875,1.4136279821395874,0.09999799728393555,3339.54052734375,121.77787780761719,28.728208541870117,70.2711410522461,03/20/2023 16:56,6.0,84.0,True,51.33979415893555,5.371203899383545,0.0,0.0,45416.6328125,0.6690964698791504
26.529672622680664,275.7738342285156,1.4213371276855469,1445.2908935546875,0.049999501556158066,121.5472183227539,27.815677642822266,75.12097930908203,03/20/2023 17:04,6.0,565.0,True,46.138790130615234,7.011437892913818,0.0,64433.29296875,0.0,0.66142338514328
23.818506240844727,277.7755126953125,1.4174610376358032,1377.6907958984375,0.049999501556158066,122.43294525146484,28.368255615234375,72.45155334472656,03/20/2023 16:55,7.0,58.0,True,33.891963958740234,7.197451591491699,0.0,53930.4296875,0.0,0.6725386381149292
25.213594436645508,262.3492126464844,1.4189670085906982,1539.420654296875,1546.4197998046875,121.34954833984375,27.868894577026367,74.20120239257812,03/20/2023 16:59,6.0,262.0,True,39.926475524902344,6.11558723449707,0.0,83120.390625,2409.0,0.661247193813324
25.5970401763916,247.3441162109375,442.6673889160156,724.9775390625,3327.7763671875,119.6045150756836,28.84682273864746,69.05155944824219,03/20/2023 16:59,7.0,295.0,True,42.42430877685547,5.261096000671387,0.0716916024684906,5784.861328125,44657.96875,0.6506001949310303
30.144229888916016,281.805419921875,1.4186184406280518,1391.9696044921875,0.049999501556158066,119.4191665649414,27.5908145904541,74.78047180175781,03/20/2023 17:01,7.0,400.0,True,67.56597137451172,7.486299514770508,0.0,55984.0546875,0.0,0.6434941291809082
31.53115463256836,258.70611572265625,1.4177367687225342,1735.424560546875,0.049999501556158066,119.7549057006836,28.133745193481445,73.12974548339844,03/20/2023 17:00,6.0,344.0,True,77.29478454589844,5.89321231842041,0.0,136724.40625,0.0,0.6472184658050537
26.367252349853516,275.00518798828125,1.4189462661743164,1623.702392578125,0.049999501556158066,118.95025634765625,27.990781784057617,73.88963317871094,03/20/2023 16:57,6.0,130.0,True,45.53297805786133,6.980545997619629,0.0,103240.0,0.0,0.638934314250946
30.035655975341797,271.093994140625,1.4214251041412354,1590.329345703125,0.049999501556158066,120.03099060058594,26.8671932220459,77.5213623046875,03/20/2023 16:57,6.0,128.0,True,66.47325134277344,6.679623603820801,0.0,94360.125,0.0,0.6472249031066895
22.718257904052734,255.8667755126953,1.4150687456130981,1507.973388671875,0.049999501556158066,121.87945556640625,28.62761688232422,71.00471496582031,03/20/2023 16:59,7.0,279.0,True,29.65154457092285,5.738434791564941,0.0,77124.578125,0.0,0.6690216660499573
31.351360321044922,246.87490844726562,1.4183992147445679,1109.187744140625,0.049999501556158066,121.09153747558594,27.980735778808594,73.7327880859375,03/20/2023 17:00,6.0,317.0,True,75.89893341064453,5.176539421081543,0.0,24153.138671875,0.0,0.6592289209365845
25.79361343383789,275.1834411621094,1.4158096313476562,1597.733642578125,0.049999501556158066,120.3327865600586,28.589757919311523,71.34693908691406,03/20/2023 16:56,7.0,98.0,True,42.95618438720703,7.025520324707031,0.0,97231.578125,0.0,0.6539497971534729
30.179885864257812,268.3818359375,1.4210889339447021,1584.4486083984375,0.049999501556158066,122.08802795410156,26.71721649169922,77.78485870361328,03/20/2023 16:57,7.0,159.0,True,67.46463012695312,6.496642112731934,0.0,93008.1875,0.0,0.666679859161377
27.68540382385254,268.7498474121094,1.4201327562332153,1262.635498046875,0.049999501556158066,121.65180969238281,28.178668975830078,73.8140640258789,03/20/2023 17:00,7.0,353.0,True,52.4282112121582,6.5307841300964355,0.0,38593.63671875,0.0,0.6632584929466248
27.3769474029541,225.25833129882812,1.4097222089767456,731.5366821289062,0.049999501556158066,122.4571304321289,28.79326820373535,68.79644012451172,03/20/2023 17:04,6.0,549.0,True,51.80978775024414,4.097221374511719,0.0,5970.515625,0.0,0.6783896088600159
23.464509963989258,258.40643310546875,1.4181358814239502,1626.3045654296875,0.049999501556158066,122.11003112792969,28.321399688720703,72.7934799194336,03/20/2023 16:58,6.0,232.0,True,32.39307403564453,5.870896339416504,0.0,104088.546875,0.0,0.6689990162849426
24.627382278442383,258.82098388671875,544.6207275390625,0.09999799728393555,3763.750732421875,121.90179443359375,28.97455406188965,68.3250732421875,03/20/2023 17:04,7.0,591.0,True,37.972965240478516,5.970686912536621,0.19552582502365112,0.0,102495.21875,0.6731340885162354
25.0614013671875,287.94427490234375,1.4171335697174072,0.09999799728393555,3182.423583984375,122.60646057128906,28.056396484375,73.12210845947266,03/20/2023 16:57,6.0,145.0,True,39.36907196044922,7.981047630310059,0.0,0.0,34493.5546875,0.6744198799133301
26.722591400146484,264.9776306152344,1.4186811447143555,1402.655029296875,0.049999501556158066,120.7906723022461,28.144445419311523,73.41728210449219,03/20/2023 17:01,7.0,406.0,True,47.38499450683594,6.2906174659729,0.0,57653.3515625,0.0,0.6562134623527527
22.986202239990234,268.5838623046875,1.413588285446167,0.09999799728393555,0.049999501556158066,121.11585998535156,28.54105567932129,70.7257080078125,03/20/2023 16:59,6.0,251.0,True,30.77918243408203,6.582185745239258,0.0,0.0,0.0,0.6628714799880981
27.100067138671875,276.271484375,471.793212890625,1253.39794921875,2970.944091796875,118.55078125,28.04143524169922,73.03850555419922,03/20/2023 17:00,7.0,354.0,True,49.5705451965332,7.094535827636719,0.09462985396385193,37803.80078125,24350.5546875,0.6367372274398804
24.264944076538086,273.078125,1.4179977178573608,1441.4268798828125,3124.812255859375,118.7841567993164,27.6789493560791,74.3536148071289,03/20/2023 16:55,7.0,44.0,True,35.74887466430664,6.852618217468262,0.0,64181.5859375,31284.056640625,0.6380509734153748
27.4696044921875,255.7729034423828,1.4151661396026611,1308.645263671875,0.049999501556158066,119.43922424316406,28.109907150268555,72.33158874511719,03/20/2023 16:55,6.0,21.0,True,51.7523307800293,5.731807708740234,0.0,44557.33203125,0.0,0.646068274974823
24.700056076049805,264.2154846191406,1.4174107313156128,1615.06298828125,2380.050537109375,119.87943267822266,27.753551483154297,73.97159576416016,03/20/2023 16:56,7.0,90.0,True,37.705963134765625,6.251824855804443,0.0,101304.90625,9591.279296875,0.6486026048660278
0.011351453140377998,263.42266845703125,1.4102551937103271,0.09999799728393555,3215.197021484375,121.05438232421875,29.221506118774414,67.90528869628906,03/20/2023 17:02,6.0,458.0,True,0.0,6.265020370483398,0.0,0.0,36808.69921875,0.6646733283996582
24.546010971069336,273.46685791015625,1.414078950881958,1194.6920166015625,0.049999501556158066,121.22212982177734,28.2774715423584,71.54896545410156,03/20/2023 17:04,7.0,598.0,True,37.27104187011719,6.9197893142700195,0.0,31852.798828125,0.0,0.6635233163833618
24.150428771972656,285.3314514160156,1.4212669134140015,1490.3162841796875,369.26409912109375,121.11572265625,27.916744232177734,74.84503936767578,03/20/2023 17:02,6.0,440.0,True,35.024635314941406,7.727756023406982,0.0,72710.765625,83.021484375,0.6574340462684631
27.418567657470703,258.0016174316406,448.19671630859375,1521.7996826171875,0.049999501556158066,120.21842956542969,28.149829864501953,73.2452621459961,03/20/2023 16:56,7.0,68.0,True,51.15464782714844,5.844879150390625,0.0747668594121933,79492.40625,0.0,0.6512059569358826
29.15299415588379,284.1486511230469,1.41451895236969,1139.245849609375,0.049999501556158066,120.38612365722656,28.36760711669922,71.47090148925781,03/20/2023 16:56,6.0,101.0,True,61.734859466552734,7.711935997009277,0.0,26787.458984375,0.0,0.6553564071655273
17.929988861083984,282.5044860839844,440.1500549316406,0.09999799728393555,3549.087646484375,122.702392578125,28.240795135498047,72.91820526123047,03/20/2023 17:01,7.0,368.0,True,14.771331787109375,7.547364711761475,0.0690518319606781,0.0,66135.7421875,0.6747717261314392
23.08564567565918,258.3547058105469,187.08932495117188,0.09999799728393555,2194.299560546875,123.2835464477539,28.759748458862305,70.56646728515625,03/20/2023 16:58,6.0,217.0,True,31.097625732421875,5.896823883056641,0.0033205747604370117,0.0,7188.6455078125,0.6826062798500061
25.600162506103516,276.0831604003906,1.4132752418518066,0.09999799728393555,3181.02685546875,122.24845886230469,28.451507568359375,70.84469604492188,03/20/2023 17:04,6.0,560.0,True,42.23350524902344,7.117178916931152,0.0,0.0,34596.140625,0.6738144159317017
25.315134048461914,264.50299072265625,508.32952880859375,1437.739990234375,0.049999501556158066,119.5770492553711,28.897565841674805,68.49903869628906,03/20/2023 17:00,6.0,352.0,True,41.17322540283203,6.342949390411377,0.1370825469493866,64600.81640625,0.0,0.65123051404953
20.80035972595215,278.320556640625,1.4163819551467896,0.09999799728393555,3614.60009765625,120.84309387207031,27.961400985717773,73.10890197753906,03/20/2023 17:01,6.0,418.0,True,22.849943161010742,7.249104022979736,0.0,0.0,75156.46875,0.6583247184753418
30.228485107421875,277.69549560546875,1.4195448160171509,1568.5174560546875,0.049999501556158066,120.41761779785156,27.629051208496094,74.99286651611328,03/20/2023 16:58,6.0,226.0,True,67.9970474243164,7.1696953773498535,0.0,89539.90625,0.0,0.652126133441925
26.352596282958984,260.687255859375,1.417064905166626,1557.4375,0.049999501556158066,119.78348541259766,28.487289428710938,72.02196502685547,03/20/2023 16:59,7.0,262.0,True,45.631874084472656,6.0251874923706055,0.0,87433.890625,0.0,0.6479507088661194
23.207618713378906,278.2116394042969,1.4166405200958252,0.09999799728393555,3280.339111328125,120.20600891113281,28.647478103637695,71.48004150390625,03/20/2023 16:57,6.0,148.0,True,31.46030616760254,7.238296031951904,0.0,0.0,40793.7578125,0.6521829962730408
21.213735580444336,255.1773223876953,1.417209267616272,579.8472900390625,0.049999501556158066,123.56111907958984,28.515832901000977,71.99871063232422,03/20/2023 16:57,7.0,123.0,True,24.161880493164062,5.67805290222168,0.0,2798.224609375,0.0,0.6834519505500793
20.943363189697266,295.5167541503906,1.4180018901824951,0.09999799728393555,3597.788330078125,122.13282775878906,28.302568435668945,72.79592895507812,03/20/2023 17:03,7.0,508.0,True,23.23571014404297,8.59319019317627,0.0,0.0,72582.8515625,0.669310450553894
30.313457489013672,277.7606201171875,1.4219584465026855,1606.355712890625,0.049999501556158066,120.89111328125,27.706581115722656,75.59950256347656,03/20/2023 17:01,7.0,372.0,True,68.22933959960938,7.149253845214844,0.0,98204.015625,0.0,0.6548520922660828
26.050052642822266,260.8039855957031,1.4149329662322998,0.09999799728393555,0.049999501556158066,121.3575439453125,28.524267196655273,71.21774291992188,03/20/2023 17:02,7.0,447.0,True,44.30088806152344,6.051540374755859,0.0,0.0,0.0,0.6641905903816223
29.880756378173828,279.6880798339844,1.4239095449447632,1356.9854736328125,0.049999501556158066,122.7082290649414,27.868663787841797,75.83944702148438,03/20/2023 16:56,6.0,119.0,True,65.14071655273438,7.2706146240234375,0.0,50255.265625,0.0,0.6705061793327332
29.07796287536621,266.6991271972656,396.5233154296875,1653.17138671875,0.049999501556158066,120.793212890625,28.201854705810547,73.15176391601562,03/20/2023 16:55,7.0,11.0,True,60.79924392700195,6.409015655517578,0.044377297163009644,111349.046875,0.0,0.6564952731132507
25.49271583557129,245.32192993164062,1.4148293733596802,1427.9027099609375,2067.4462890625,121.49430847167969,28.30986785888672,71.71907043457031,03/20/2023 17:03,6.0,491.0,True,41.584136962890625,5.114909648895264,0.0,62252.0625,5871.076171875,0.6655543446540833
26.780460357666016,267.6348876953125,1.4179021120071411,1563.5086669921875,0.049999501556158066,121.84242248535156,28.275081634521484,72.8314437866211,03/20/2023 17:04,7.0,585.0,True,47.762306213378906,6.47612190246582,0.0,88673.46875,0.0,0.666641116142273
15.926045417785645,270.270751953125,1.414104700088501,0.09999799728393555,3763.250244140625,122.26104736328125,27.736068725585938,72.9111099243164,03/20/2023 17:02,7.0,462.0,True,10.543182373046875,6.693948745727539,0.0,0.0,101761.5546875,0.6733332872390747
28.678298950195312,253.57763671875,1.4205291271209717,1748.5404052734375,0.049999501556158066,121.40411376953125,27.319068908691406,76.09456634521484,03/20/2023 17:04,6.0,590.0,True,58.110443115234375,5.553524971008301,0.0,140416.515625,0.0,0.6606536507606506
27.096500396728516,271.6767883300781,1.4185822010040283,1330.66259765625,0.049999501556158066,119.99739074707031,27.72353172302246,74.43661499023438,03/20/2023 17:02,6.0,423.0,True,49.3702392578125,6.748110294342041,0.0,47138.0,0.0,0.6488853096961975
22.55364990234375,260.72198486328125,1.4148727655410767,1010.1538696289062,2738.74267578125,120.5794906616211,28.634714126586914,70.92144775390625,03/20/2023 17:00,6.0,302.0,True,29.038650512695312,6.046791076660156,0.0,17487.21484375,16864.2421875,0.6569191217422485
24.32134246826172,273.1397705078125,1.420285940170288,0.09999799728393555,2841.232421875,124.03778076171875,28.21889877319336,73.76436614990234,03/20/2023 17:01,7.0,405.0,True,35.827064514160156,6.834105491638184,0.0,0.0,19684.439453125,0.6857471466064453
28.629474639892578,274.66925048828125,399.4346008300781,0.09999799728393555,3190.224853515625,118.53836822509766,27.79819107055664,73.76943969726562,03/20/2023 17:03,7.0,501.0,True,58.216880798339844,6.974834442138672,0.0458206981420517,0.0,34950.28125,0.6363710761070251
21.895172119140625,271.943115234375,423.0907287597656,1535.96923828125,3026.978271484375,121.83570861816406,28.570457458496094,70.60230255126953,03/20/2023 16:57,7.0,122.0,True,26.704875946044922,6.817908763885498,0.058663055300712585,83274.671875,26794.46484375,0.6697796583175659
19.123384475708008,282.5003662109375,1.4148437976837158,0.09999799728393555,3348.311279296875,121.7151107788086,28.605796813964844,70.9841079711914,03/20/2023 17:01,7.0,395.0,True,17.9340763092041,7.5809431076049805,0.0,0.0,46046.015625,0.6676293015480042
25.457063674926758,267.70379638671875,1.418713927268982,1465.58642578125,0.049999501556158066,121.23771667480469,28.295621871948242,73.05026245117188,03/20/2023 17:00,6.0,343.0,True,41.089500427246094,6.473113059997559,0.0,68405.78125,0.0,0.6603771448135376
28.16290855407715,274.95654296875,1.420006513595581,1453.14208984375,0.049999501556158066,120.47806549072266,27.728052139282227,74.89871978759766,03/20/2023 17:02,7.0,460.0,True,55.14767074584961,6.966254711151123,0.0,65986.1875,0.0,0.6523668766021729
24.46693229675293,255.74148559570312,1.4167135953903198,1407.3077392578125,0.049999501556158066,120.94596099853516,28.41617202758789,72.0826187133789,03/20/2023 17:01,7.0,399.0,True,36.723602294921875,5.716898441314697,0.0,58622.3671875,0.0,0.6590552926063538
20.684192657470703,261.8006591796875,409.6326599121094,908.9649658203125,2568.1591796875,119.9515609741211,28.727941513061523,70.15007019042969,03/20/2023 17:03,7.0,488.0,True,22.621540069580078,6.13102912902832,0.05120520293712616,12201.7177734375,12938.3251953125,0.6521716117858887
27.98434066772461,250.6701202392578,1.418323278427124,1488.2506103515625,1989.194580078125,121.2281494140625,27.878929138183594,73.96205139160156,03/20/2023 17:02,6.0,456.0,True,54.30934143066406,5.397709846496582,0.0,72731.1171875,5148.115234375,0.6605639457702637
24.775028228759766,271.54034423828125,1.4172823429107666,1220.4998779296875,2403.899169921875,119.7820816040039,28.455732345581055,72.1733169555664,03/20/2023 17:00,6.0,320.0,True,38.052520751953125,6.75137996673584,0.0,34231.94140625,9957.2939453125,0.647786557674408
25.25145721435547,271.05792236328125,168.75033569335938,1291.6767578125,0.049999501556158066,120.7804183959961,28.425992965698242,71.1079330444336,03/20/2023 16:59,7.0,242.0,True,40.518348693847656,6.75128698348999,0.002433955669403076,42533.578125,0.0,0.6595139503479004
24.66523551940918,260.3702087402344,507.65362548828125,1548.666015625,2637.050537109375,118.83817291259766,28.676084518432617,70.11192321777344,03/20/2023 17:04,7.0,586.0,True,37.905311584472656,6.04280948638916,0.13542070984840393,86191.21875,14418.966796875,0.6421483755111694
29.179702758789062,280.1678466796875,406.6225280761719,0.09999799728393555,0.049999501556158066,123.08377838134766,28.035724639892578,74.4024429321289,03/20/2023 16:57,6.0,167.0,True,61.117008209228516,7.339088439941406,0.04899899661540985,0.0,0.0,0.6762731671333313
25.636587142944336,258.49761962890625,409.12457275390625,0.09999799728393555,3539.525634765625,120.501953125,28.449447631835938,70.7937240600586,03/20/2023 17:03,6.0,513.0,True,42.42457580566406,5.920065402984619,0.05095517635345459,0.0,65382.6796875,0.6574385762214661
25.487743377685547,286.34686279296875,1.4209535121917725,1607.2349853515625,0.049999501556158066,121.3199462890625,27.95752716064453,74.63919830322266,03/20/2023 17:02,7.0,461.0,True,41.049034118652344,7.810591697692871,0.0,98618.328125,0.0,0.6595652103424072
23.221988677978516,268.27850341796875,1.4158260822296143,1420.903076171875,0.049999501556158066,121.7599868774414,28.437606811523438,71.7328109741211,03/20/2023 17:01,6.0,407.0,True,31.569385528564453,6.539729118347168,0.0,60954.52734375,0.0,0.6673489212989807
26.424434661865234,253.57516479492188,365.2535705566406,1512.9136962890625,0.049999501556158066,120.58241271972656,28.477598190307617,71.21045684814453,03/20/2023 16:58,6.0,210.0,True,46.23187255859375,5.602040767669678,0.03220856189727783,78213.8125,0.0,0.6571654081344604
25.351192474365234,258.26837158203125,412.1483459472656,697.3603515625,3154.209716796875,121.27885437011719,28.5102596282959,70.55178833007812,03/20/2023 16:58,7.0,237.0,True,41.07556915283203,5.907858848571777,0.05257153511047363,5080.982421875,33092.140625,0.6649437546730042
28.3342227935791,249.39724731445312,1.419283390045166,1731.23193359375,2022.625,119.83308410644531,27.37462043762207,75.54209899902344,03/20/2023 16:55,6.0,20.0,True,56.22289276123047,5.315489292144775,0.0,134914.25,5428.05859375,0.6468719244003296
28.07851791381836,265.2566223144531,1.4168813228607178,1226.4656982421875,0.049999501556158066,122.3553466796875,28.298337936401367,72.43318176269531,03/20/2023 16:57,6.0,121.0,True,55.0090446472168,6.325764179229736,0.0,34879.31640625,0.0,0.6722214818000793
23.569076538085938,232.0724334716797,432.954345703125,1287.622802734375,0.049999501556158066,120.2918472290039,29.019733428955078,68.08552551269531,03/20/2023 16:58,6.0,212.0,True,33.41141891479492,4.438816070556641,0.06524999439716339,42416.84765625,0.0,0.658166766166687
19.636173248291016,288.35321044921875,1.415639877319336,636.39453125,1967.1903076171875,120.74479675292969,28.011274337768555,72.73648834228516,03/20/2023 17:01,6.0,390.0,True,19.342130661010742,8.031293869018555,0.0,3768.037109375,4985.0234375,0.6579273343086243
28.67294692993164,276.2580871582031,1.4171738624572754,331.7688293457031,0.049999501556158066,122.3182144165039,28.354042053222656,72.39139556884766,03/20/2023 17:00,7.0,339.0,True,58.47346115112305,7.089376449584961,0.0,509.208984375,0.0,0.6716591119766235
28.19333839416504,285.41290283203125,1.422425389289856,0.09999799728393555,2848.416015625,122.430419921875,27.434572219848633,76.43409729003906,03/20/2023 17:04,6.0,574.0,True,55.054012298583984,7.721043586730957,0.0,0.0,19852.15234375,0.6689500212669373
24.973102569580078,259.1453552246094,1.416939616203308,1628.894287109375,2623.5009765625,120.62638092041016,27.517528533935547,74.4046401977539,03/20/2023 16:57,6.0,135.0,True,38.97882843017578,5.927894115447998,0.0,105019.859375,14035.462890625,0.6559016108512878
27.5499210357666,275.25238037109375,1.4180940389633179,1630.7105712890625,0.049999501556158066,121.29557037353516,28.30984878540039,72.80838012695312,03/20/2023 16:55,7.0,54.0,True,51.89036178588867,7.007044315338135,0.0,105264.765625,0.0,0.6613590717315674
30.086410522460938,282.9975891113281,1.4197089672088623,1484.62841796875,0.049999501556158066,121.06690979003906,27.251935958862305,75.99018859863281,03/20/2023 17:01,7.0,399.0,True,67.03668212890625,7.565149307250977,0.0,71837.828125,0.0,0.6580740213394165
24.095977783203125,250.12228393554688,1.4092938899993896,1402.429931640625,0.049999501556158066,119.60466003417969,28.672754287719727,68.95340728759766,03/20/2023 17:04,7.0,558.0,True,35.64759063720703,5.4369425773620605,0.0,58692.39453125,0.0,0.6517135500907898
27.345916748046875,256.46246337890625,1.413320541381836,0.09999799728393555,2654.207275390625,120.24919128417969,28.849720001220703,69.86434173583984,03/20/2023 17:01,6.0,415.0,True,51.26138687133789,5.790220737457275,0.0,0.0,14800.0625,0.65491783618927
30.1347599029541,265.36431884765625,1.4214234352111816,1592.1285400390625,0.049999501556158066,123.70423889160156,27.641469955444336,75.58509063720703,03/20/2023 17:03,6.0,509.0,True,67.122314453125,6.291070461273193,0.0,94796.5,0.0,0.6817352771759033
33.235599517822266,265.8442077636719,1.421187162399292,1333.6746826171875,0.049999501556158066,120.09383392333984,27.211410522460938,76.58192443847656,03/20/2023 17:03,7.0,539.0,True,89.68074035644531,6.325107574462891,0.0,47301.42578125,0.0,0.647972822189331
19.586313247680664,267.5155944824219,1.414171576499939,1295.44873046875,3359.879638671875,122.02708435058594,28.862701416015625,70.11693572998047,03/20/2023 16:56,6.0,118.0,True,19.25635528564453,6.503451824188232,0.0,42975.7890625,47040.125,0.6710653901100159
26.24993324279785,249.82986450195312,1.4179997444152832,1362.5067138671875,0.049999501556158066,122.36756896972656,28.223217010498047,72.99363708496094,03/20/2023 17:01,7.0,410.0,True,45.02642822265625,5.350800514221191,0.0,51634.9140625,0.0,0.6715313792228699
27.32831382751465,285.96942138671875,1.4166353940963745,1250.362548828125,0.049999501556158066,120.48262786865234,28.42816925048828,72.0265884399414,03/20/2023 16:56,7.0,65.0,True,50.82206726074219,7.830284118652344,0.0,37475.34375,0.0,0.6547707915306091
28.821491241455078,263.24407958984375,1.4137818813323975,1152.0281982421875,0.049999501556158066,121.45462799072266,28.517789840698242,70.84870910644531,03/20/2023 16:55,7.0,11.0,True,59.779151916503906,6.2208991050720215,0.0,27927.794921875,0.0,0.66592937707901
23.499277114868164,255.1465301513672,1.4110745191574097,0.09999799728393555,3646.031005859375,119.25584411621094,28.716066360473633,69.44454956054688,03/20/2023 17:04,6.0,598.0,True,33.00264358520508,5.727434158325195,0.0,0.0,80522.390625,0.6472070217132568
28.066354751586914,270.8811950683594,1.4203636646270752,1306.763916015625,0.049999501556158066,122.54811096191406,28.23754119873047,73.7435531616211,03/20/2023 17:03,6.0,532.0,True,54.55376434326172,6.675198078155518,0.0,43866.66015625,0.0,0.6715381741523743
19.10708236694336,263.7345886230469,189.12754821777344,1078.7969970703125,2582.889404296875,122.38633728027344,28.9492244720459,69.38349914550781,03/20/2023 16:56,7.0,89.0,True,17.97004508972168,6.263862609863281,0.003445535898208618,22129.28515625,13251.009765625,0.6755953431129456
23.96453857421875,289.0409240722656,1.4193071126937866,1264.489501953125,0.049999501556158066,121.57279205322266,28.118810653686523,73.68952178955078,03/20/2023 17:01,6.0,382.0,True,34.37601852416992,8.043403625488281,0.0,38867.7421875,0.0,0.663102388381958
26.1953182220459,268.1878967285156,1.4190088510513306,1600.5911865234375,0.049999501556158066,120.4860610961914,28.118770599365234,73.59044647216797,03/20/2023 17:00,6.0,303.0,True,44.660667419433594,6.5031938552856445,0.0,97330.765625,0.0,0.6531387567520142
26.39699363708496,271.4761657714844,1.4194974899291992,1471.8111572265625,0.049999501556158066,120.2674789428711,27.70319938659668,74.79179382324219,03/20/2023 16:58,6.0,195.0,True,45.63321304321289,6.725076675415039,0.0,69449.7578125,0.0,0.6507608890533447
20.43033790588379,266.9145812988281,1.4120161533355713,1581.9700927734375,0.049999501556158066,119.94964599609375,28.696971893310547,69.80863189697266,03/20/2023 16:59,7.0,273.0,True,21.875526428222656,6.483061790466309,0.0,94080.359375,0.0,0.6530303359031677
28.706491470336914,275.302001953125,1.421701192855835,1210.47412109375,0.049999501556158066,122.1878662109375,28.146936416625977,74.4134292602539,03/20/2023 16:59,7.0,255.0,True,58.14122772216797,6.973804473876953,0.0,32923.84765625,0.0,0.6671829223632812
18.36298179626465,254.56143188476562,1.4162065982818604,665.7051391601562,3305.183837890625,124.03330993652344,28.87508201599121,70.7662124633789,03/20/2023 16:57,7.0,178.0,True,15.889370918273926,5.6486310958862305,0.0,4346.42578125,42615.5234375,0.6887091398239136
27.088912963867188,241.85928344726562,1.409681797027588,0.09999799728393555,0.049999501556158066,121.13016510009766,28.974355697631836,68.3300552368164,03/20/2023 16:59,6.0,244.0,True,50.22751235961914,4.9584527015686035,0.0,0.0,0.0,0.6658013463020325
27.678625106811523,276.00677490234375,1.4199447631835938,1363.531982421875,0.049999501556158066,121.59818267822266,27.649585723876953,75.07434844970703,03/20/2023 17:01,7.0,393.0,True,52.41034698486328,7.0425310134887695,0.0,51586.3515625,0.0,0.6628882884979248
24.533647537231445,256.60784912109375,1.4144293069839478,1401.29345703125,2016.4091796875,120.25914001464844,28.69511604309082,70.62211608886719,03/20/2023 17:01,6.0,376.0,True,37.189598083496094,5.7898759841918945,0.0,57919.4140625,5409.751953125,0.6542307734489441
24.728885650634766,261.4765319824219,1.4187431335449219,1224.3870849609375,0.049999501556158066,123.2436752319336,28.51162338256836,72.51995849609375,03/20/2023 16:59,7.0,284.0,True,37.73344421386719,6.0611348152160645,0.0,34535.6328125,0.0,0.6793056726455688
26.359004974365234,246.7093963623047,169.83206176757812,1280.761962890625,2709.020751953125,122.43400573730469,28.86256217956543,69.58153533935547,03/20/2023 16:57,6.0,124.0,True,46.08186340332031,5.2113518714904785,0.002486705780029297,41309.31640625,16145.33203125,0.6760895252227783
21.939027786254883,269.5673522949219,1.4190280437469482,1160.4471435546875,0.049999501556158066,121.0269546508789,27.925466537475586,74.080078125,03/20/2023 17:03,6.0,532.0,True,26.559539794921875,6.597375869750977,0.0,28378.810546875,0.0,0.6581802368164062
26.349681854248047,254.4064178466797,514.1024169921875,1378.3846435546875,3211.6953125,118.30110168457031,27.902828216552734,72.92706298828125,03/20/2023 17:02,6.0,460.0,True,45.771095275878906,5.645832538604736,0.14356118440628052,54254.16015625,36331.25390625,0.6353716254234314
27.449596405029297,254.21969604492188,1.4145777225494385,1037.8455810546875,0.049999501556158066,119.6856918334961,28.32101058959961,71.60706329345703,03/20/2023 17:00,6.0,351.0,True,51.703121185302734,5.641205310821533,0.0,19232.38671875,0.0,0.6487716436386108
21.566509246826172,276.147705078125,1.4178448915481567,1140.433837890625,3268.875732421875,121.4561996459961,28.385732650756836,72.53575897216797,03/20/2023 16:59,7.0,278.0,True,25.32270050048828,7.074402809143066,0.0,26712.966796875,39928.39453125,0.6630454063415527
25.819934844970703,274.55120849609375,1.4231038093566895,1384.2772216796875,3180.471435546875,121.612548828125,27.619461059570312,76.19622802734375,03/20/2023 16:57,7.0,155.0,True,42.45511245727539,6.905967712402344,0.0,54323.26171875,34099.1796875,0.6607871651649475
24.88182258605957,255.98483276367188,1.4114500284194946,1561.98779296875,0.049999501556158066,120.39842224121094,28.721038818359375,69.55828857421875,03/20/2023 17:02,7.0,431.0,True,38.99375534057617,5.776322364807129,0.0,89453.7734375,0.0,0.6576393246650696
29.448217391967773,279.1603698730469,1.4217629432678223,1559.310546875,2825.806884765625,118.14192962646484,27.016374588012695,77.26029968261719,03/20/2023 17:04,6.0,547.0,True,62.670841217041016,7.254268169403076,0.0,87053.5,19169.083984375,0.6295970678329468
26.8231258392334,285.2019348144531,1.423166275024414,1156.9158935546875,0.049999501556158066,124.49482727050781,28.165424346923828,74.85196685791016,03/20/2023 17:02,7.0,433.0,True,47.47936248779297,7.696357727050781,0.0,27840.958984375,0.0,0.6879969239234924
26.825786590576172,261.90325927734375,1.4207223653793335,1615.2841796875,0.049999501556158066,122.1866683959961,28.00570297241211,74.4421157836914,03/20/2023 16:57,6.0,130.0,True,47.72771453857422,6.071118354797363,0.0,100705.546875,0.0,0.6678705215454102
28.405609130859375,261.94219970703125,1.420794129371643,1401.3968505859375,0.049999501556158066,123.47950744628906,28.228551864624023,73.9087905883789,03/20/2023 16:57,6.0,148.0,True,56.468448638916016,6.072995662689209,0.0,57216.265625,0.0,0.6800558567047119
24.746625900268555,250.1826629638672,1.4164388179779053,1665.8248291015625,2674.919677734375,119.22467041015625,27.8604679107666,73.3802490234375,03/20/2023 17:02,7.0,423.0,True,37.989463806152344,5.383804798126221,0.0,115362.703125,15222.583984375,0.6431957483291626
23.444988250732422,256.40625,1.416617512702942,1588.86767578125,0.049999501556158066,120.5652084350586,28.12141227722168,72.78746032714844,03/20/2023 17:00,6.0,345.0,True,32.413578033447266,5.758833885192871,0.0,94898.015625,0.0,0.6555560827255249
26.305017471313477,283.95318603515625,1.4234613180160522,1064.656005859375,3377.296142578125,123.79039001464844,27.460020065307617,76.71295928955078,03/20/2023 16:59,7.0,282.0,True,44.80815887451172,7.596847057342529,0.0,20675.4296875,47900.015625,0.6810705065727234
29.6876163482666,281.0345458984375,1.4197654724121094,1573.625732421875,0.049999501556158066,120.76112365722656,27.95295524597168,74.25642395019531,03/20/2023 16:57,6.0,141.0,True,64.44341278076172,7.4155354499816895,0.0,90688.6328125,0.0,0.6551756858825684
26.658382415771484,279.0287170410156,1.4210865497589111,1484.759033203125,0.049999501556158066,121.32720947265625,28.009366989135742,74.55371856689453,03/20/2023 17:04,6.0,595.0,True,46.82328796386719,7.251680850982666,0.0,71669.046875,0.0,0.6595394611358643
29.88863182067871,274.91131591796875,1.4193994998931885,919.9832763671875,0.049999501556158066,121.16439056396484,28.100053787231445,73.76708221435547,03/20/2023 17:04,6.0,545.0,True,65.78679656982422,6.969189167022705,0.0,12559.9345703125,0.0,0.6592053174972534
29.925121307373047,266.12811279296875,442.25640869140625,1417.3602294921875,0.049999501556158066,119.10426330566406,28.230432510375977,72.84239196777344,03/20/2023 17:04,7.0,563.0,True,66.26435852050781,6.377346038818359,0.07055428624153137,60156.6328125,0.0,0.6412809491157532
25.344379425048828,279.0687255859375,1.4181239604949951,1323.6414794921875,0.049999501556158066,120.3830337524414,27.994909286499023,73.605712890625,03/20/2023 16:59,7.0,266.0,True,40.60637664794922,7.28609561920166,0.0,46245.16796875,0.0,0.6527968049049377
26.720718383789062,268.4263610839844,1.4183086156845093,1487.657958984375,2925.97119140625,118.832763671875,27.581254959106445,74.70134735107422,03/20/2023 17:01,7.0,386.0,True,47.4108772277832,6.5261077880859375,0.0,72618.6796875,22599.84375,0.6382867097854614
28.078744888305664,271.6018981933594,1.4160979986190796,1469.58544921875,0.049999501556158066,120.14154052734375,28.161762237548828,72.51326751708984,03/20/2023 16:55,6.0,4.0,True,55.09760284423828,6.767411231994629,0.0,69499.3671875,0.0,0.651961088180542
23.517498016357422,288.25555419921875,1.417510747909546,0.09999799728393555,2894.33349609375,119.80223083496094,28.221799850463867,72.83424377441406,03/20/2023 17:01,7.0,380.0,True,32.649070739746094,8.001520156860352,0.0,0.0,21505.771484375,0.6478154063224792
24.120891571044922,272.2608642578125,1.4223272800445557,905.0451049804688,3264.56396484375,122.29217529296875,27.81353187561035,75.45423126220703,03/20/2023 16:57,6.0,157.0,True,34.82471466064453,6.752091884613037,0.0,11811.87109375,39389.5078125,0.6677181720733643
21.016651153564453,276.65802001953125,1.4173002243041992,1346.4864501953125,1814.5965576171875,120.70125579833984,27.98712921142578,73.35079956054688,03/20/2023 16:58,6.0,191.0,True,23.507415771484375,7.117209434509277,0.0,49425.8828125,3861.19140625,0.6563485264778137
29.96539878845215,281.53466796875,1.4203531742095947,1323.399169921875,0.049999501556158066,121.77994537353516,27.757333755493164,74.94058990478516,03/20/2023 17:00,7.0,319.0,True,66.15870666503906,7.446881294250488,0.0,46011.515625,0.0,0.6643057465553284
25.627811431884766,276.6144714355469,1.4209258556365967,1163.04296875,0.049999501556158066,123.36073303222656,28.35678482055664,73.63191223144531,03/20/2023 17:02,7.0,461.0,True,41.71705627441406,7.076458930969238,0.0,28503.12890625,0.0,0.6788313388824463
26.729589462280273,279.2384033203125,1.4200645685195923,1348.6656494140625,0.049999501556158066,120.85386657714844,28.327333450317383,73.41978454589844,03/20/2023 17:02,7.0,474.0,True,47.28916931152344,7.278051376342773,0.0,49461.97265625,0.0,0.6558321714401245
29.30356788635254,299.76947021484375,1.4229050874710083,1427.808837890625,1943.0777587890625,120.29505920410156,27.332168579101562,76.84878540039062,03/20/2023 17:01,6.0,364.0,True,61.62606430053711,8.895342826843262,0.0,61257.80859375,4744.3310546875,0.6486490368843079
25.960758209228516,273.28204345703125,498.4839782714844,1263.7801513671875,3071.1474609375,119.99308776855469,28.282005310058594,71.76527404785156,03/20/2023 17:00,7.0,324.0,True,43.87187957763672,6.8997015953063965,0.1233704537153244,39134.796875,28753.8515625,0.6515123248100281
32.04521560668945,277.71990966796875,1.4224988222122192,0.09999799728393555,2169.31396484375,122.8890609741211,27.03668785095215,77.45310974121094,03/20/2023 17:02,7.0,429.0,True,80.3011703491211,7.140652179718018,0.0,0.0,6836.0576171875,0.673225462436676
30.978078842163086,262.7252502441406,1.421036720275879,1406.1512451171875,0.049999501556158066,121.55108642578125,27.170625686645508,76.6340560913086,03/20/2023 16:55,6.0,29.0,True,72.87318420410156,6.12150239944458,0.0,57942.66796875,0.0,0.6616724133491516
30.914804458618164,261.73773193359375,1.4213844537734985,1460.9947509765625,0.049999501556158066,119.779052734375,27.87224006652832,74.9952621459961,03/20/2023 17:02,6.0,440.0,True,72.38399505615234,6.054600715637207,0.0,67214.5546875,0.0,0.6449189186096191
23.255151748657227,259.3837890625,363.9222717285156,1757.5452880859375,0.049999501556158066,119.18977355957031,28.504060745239258,70.76590728759766,03/20/2023 16:55,7.0,34.0,True,31.855712890625,5.97363805770874,0.031818538904190063,145553.734375,0.0,0.6449522376060486
28.8017578125,269.2326965332031,1.422627329826355,1270.7537841796875,0.049999501556158066,120.99958801269531,26.7680721282959,78.16714477539062,03/20/2023 16:57,6.0,150.0,True,58.60177230834961,6.539952754974365,0.0,39333.0078125,0.0,0.6553952097892761
30.192707061767578,279.92413330078125,1.4203976392745972,1304.2933349609375,0.049999501556158066,122.83485412597656,28.22355842590332,73.78974914550781,03/20/2023 17:00,7.0,327.0,True,67.6434555053711,7.3255157470703125,0.0,43552.546875,0.0,0.6742264032363892
29.929819107055664,284.340576171875,1.421450138092041,1478.8685302734375,0.049999501556158066,120.08280181884766,27.770503997802734,75.2713623046875,03/20/2023 16:56,6.0,112.0,True,65.78169250488281,7.648977279663086,0.0,70501.9921875,0.0,0.6476881504058838
28.750202178955078,263.70849609375,1.4199448823928833,0.09999799728393555,1433.8203125,121.8525619506836,27.59111976623535,75.22054290771484,03/20/2023 17:04,6.0,572.0,True,58.609554290771484,6.195435523986816,0.0,0.0,1950.107421875,0.6652793288230896
26.860767364501953,288.67010498046875,1.4221751689910889,1508.919189453125,0.049999501556158066,120.10264587402344,27.977102279663086,74.99491882324219,03/20/2023 17:00,7.0,314.0,True,47.770721435546875,7.980212688446045,0.0,76246.6171875,0.0,0.647370457649231
24.90437126159668,250.8861541748047,1.4143922328948975,1648.9803466796875,0.049999501556158066,122.2335433959961,28.410442352294922,71.32144165039062,03/20/2023 16:57,6.0,144.0,True,38.864864349365234,5.4416913986206055,0.0,111034.78125,0.0,0.6728642582893372
28.94673728942871,251.0762481689453,364.0179138183594,1563.1588134765625,0.049999501556158066,120.25567626953125,28.52638053894043,70.43597412109375,03/20/2023 17:01,6.0,380.0,True,60.69096755981445,5.467242240905762,0.03189718723297119,89519.5234375,0.0,0.6554760932922363
27.1108341217041,251.2292022705078,1.4125393629074097,1252.8682861328125,0.049999501556158066,120.12969970703125,28.68385887145996,70.01705169677734,03/20/2023 17:00,6.0,302.0,True,50.05571746826172,5.476989269256592,0.0,38060.15625,0.0,0.6543484330177307
30.46735191345215,255.9114227294922,1.4213398694992065,1303.5577392578125,0.049999501556158066,121.50337219238281,27.777294158935547,75.21788024902344,03/20/2023 17:00,6.0,332.0,True,69.34249877929688,5.688814640045166,0.0,43380.08203125,0.0,0.6610105037689209
29.90130615234375,261.1053466796875,1.4216281175613403,1655.400390625,0.049999501556158066,121.87776947021484,27.67059326171875,75.58011627197266,03/20/2023 16:56,6.0,80.0,True,65.57354736328125,6.011874675750732,0.0,111249.046875,0.0,0.6643189787864685
31.86844253540039,268.5614318847656,1.4222769737243652,1049.353515625,0.049999501556158066,122.83170318603516,27.002582550048828,77.4649658203125,03/20/2023 17:03,7.0,533.0,True,79.03485107421875,6.497584819793701,0.0,19692.279296875,0.0,0.6728428602218628
30.14723777770996,274.12774658203125,1.4198815822601318,1222.9459228515625,0.049999501556158066,121.33477783203125,27.848268508911133,74.55668640136719,03/20/2023 17:01,6.0,387.0,True,67.41366577148438,6.908268928527832,0.0,34309.56640625,0.0,0.6604612469673157
27.213985443115234,270.22283935546875,1.4180835485458374,1304.2222900390625,0.049999501556158066,120.071044921875,27.851009368896484,73.95206451416016,03/20/2023 17:04,6.0,564.0,True,50.052642822265625,6.651758670806885,0.0,43741.734375,0.0,0.649917483329773
22.185081481933594,247.3080291748047,1.4112240076065063,1388.37158203125,0.049999501556158066,120.87890625,28.777429580688477,69.34137725830078,03/20/2023 16:56,6.0,75.0,True,27.877410888671875,5.256331920623779,0.0,56241.1953125,0.0,0.662323534488678
27.291147232055664,254.34146118164062,345.97271728515625,0.09999799728393555,3392.463134765625,120.278564453125,28.720556259155273,70.9078369140625,03/20/2023 17:03,7.0,532.0,True,50.73823165893555,5.641242027282715,0.026122823357582092,0.0,49757.1015625,0.6536785960197449
29.742740631103516,257.30218505859375,1.4209744930267334,1646.9466552734375,0.049999501556158066,121.84049224853516,27.103439331054688,76.78134155273438,03/20/2023 16:56,6.0,77.0,True,64.63888549804688,5.777726650238037,0.0,109049.421875,0.0,0.6644333004951477
26.759506225585938,271.25872802734375,1.4229437112808228,1597.792724609375,0.049999501556158066,120.539794921875,27.924175262451172,75.38150787353516,03/20/2023 17:02,7.0,465.0,True,47.17027282714844,6.676270484924316,0.0,95895.046875,0.0,0.6508945226669312
30.720239639282227,262.9860534667969,1.4233680963516235,1609.22265625,0.049999501556158066,121.54207611083984,27.88715171813965,75.61434936523438,03/20/2023 16:59,6.0,259.0,True,70.76453399658203,6.117624759674072,0.0,98651.703125,0.0,0.6599413156509399
27.12729263305664,279.3601379394531,1.4188706874847412,1009.1687622070312,1790.860595703125,118.79156494140625,26.938961029052734,76.4940414428711,03/20/2023 17:02,7.0,456.0,True,49.50649642944336,7.2998046875,0.0,17291.51171875,3701.216796875,0.6375226378440857
25.45742416381836,258.3728332519531,1.417586326599121,1647.091064453125,0.049999501556158066,120.99064636230469,28.20934295654297,72.89060974121094,03/20/2023 17:03,6.0,533.0,True,41.184959411621094,5.873500347137451,0.0,109816.375,0.0,0.6588574051856995
25.568143844604492,270.2794494628906,1.4177961349487305,1474.781494140625,1304.3330078125,121.64896392822266,28.176939010620117,73.04153442382812,03/20/2023 17:03,6.0,492.0,True,41.69525909423828,6.658471584320068,0.0,70237.90625,1516.982421875,0.6648939847946167
22.22420883178711,274.16156005859375,524.01904296875,0.09999799728393555,3311.6923828125,120.14090728759766,28.810754776000977,69.33662414550781,03/20/2023 17:04,6.0,543.0,True,28.008197784423828,6.9964447021484375,0.15928617119789124,0.0,43385.1015625,0.6552159786224365
26.894018173217773,278.69146728515625,1.4219028949737549,0.09999799728393555,0.049999501556158066,123.50582122802734,28.0699405670166,74.67276763916016,03/20/2023 17:00,6.0,336.0,True,47.97105407714844,7.218168258666992,0.0,0.0,0.0,0.6794998645782471
27.857528686523438,239.4689178466797,430.79669189453125,1681.664794921875,0.049999501556158066,120.45637512207031,28.923255920410156,68.03155517578125,03/20/2023 16:59,6.0,268.0,True,54.67565155029297,4.835905075073242,0.06395408511161804,121929.046875,0.0,0.6603394746780396
29.984949111938477,281.6123962402344,1.4223434925079346,1446.8607177734375,0.049999501556158066,121.49861907958984,27.797988891601562,75.4984359741211,03/20/2023 17:01,7.0,378.0,True,66.0206069946289,7.431157112121582,0.0,64580.05078125,0.0,0.66025710105896
27.0883731842041,255.0102996826172,1.4149072170257568,0.09999799728393555,2955.456298828125,122.03849029541016,28.536319732666016,71.17904663085938,03/20/2023 17:00,6.0,346.0,True,49.69478225708008,5.686939239501953,0.0,0.0,23809.9609375,0.670643150806427
26.034860610961914,271.0027770996094,1.4143853187561035,0.09999799728393555,3314.212646484375,119.0890884399414,28.05438804626465,72.20922088623047,03/20/2023 17:02,7.0,421.0,True,44.27416229248047,6.742335319519043,0.0,0.0,43400.3125,0.6433568596839905
25.443706512451172,271.2629699707031,1.4161311388015747,1284.3389892578125,0.049999501556158066,121.48554992675781,28.490955352783203,71.70128631591797,03/20/2023 17:02,6.0,458.0,True,41.2410888671875,6.74331521987915,0.0,41451.0546875,0.0,0.6645420789718628
23.514591217041016,251.9706268310547,1.4147489070892334,1466.5059814453125,0.049999501556158066,120.07535552978516,28.587759017944336,70.9974594116211,03/20/2023 17:00,7.0,341.0,True,32.82017517089844,5.503618240356445,0.0,69111.125,0.0,0.6522877812385559
17.332317352294922,250.3922119140625,1.411157488822937,1003.2042236328125,3048.80859375,120.75872802734375,28.91269302368164,68.98080444335938,03/20/2023 16:55,7.0,27.0,True,13.566879272460938,5.438118934631348,0.0,17197.419921875,27856.30078125,0.6612380146980286
26.314489364624023,269.30682373046875,1.4163175821304321,0.09999799728393555,0.049999501556158066,120.64021301269531,28.255788803100586,72.3514175415039,03/20/2023 16:58,6.0,183.0,True,45.507041931152344,6.605602264404297,0.0,0.0,0.0,0.6564692258834839
22.485143661499023,280.21514892578125,1.4162752628326416,1315.4835205078125,0.049999501556158066,120.76533508300781,28.480255126953125,71.77621459960938,03/20/2023 16:58,6.0,227.0,True,28.699665069580078,7.391646862030029,0.0,45342.265625,0.0,0.6576711535453796
30.448272705078125,283.51202392578125,1.420774221420288,1292.3765869140625,0.049999501556158066,121.2935791015625,27.262697219848633,76.31681060791016,03/20/2023 16:55,6.0,57.0,True,69.29351806640625,7.592775821685791,0.0,42046.0234375,0.0,0.65944504737854
20.90890121459961,296.0546569824219,1.4233030080795288,0.09999799728393555,3444.439208984375,122.9288558959961,27.720043182373047,76.0106430053711,03/20/2023 16:58,6.0,205.0,True,22.878185272216797,8.572257041931152,0.0,0.0,54061.47265625,0.673022985458374
24.1401309967041,275.996826171875,1.4235210418701172,1443.0853271484375,3333.842529296875,120.1763916015625,27.095956802368164,77.64288330078125,03/20/2023 17:01,6.0,405.0,True,34.82236099243164,7.005188465118408,0.0,63776.59375,44356.08984375,0.6471229791641235
27.458721160888672,275.47381591796875,1.4166481494903564,1476.170166015625,2419.614990234375,119.866455078125,27.990097045898438,73.1259994506836,03/20/2023 16:56,7.0,112.0,True,51.537208557128906,7.037888526916504,0.0,70658.265625,10213.6640625,0.6490126848220825
24.752334594726562,245.8531036376953,1.4128135442733765,0.09999799728393555,2319.5498046875,122.9762191772461,28.79281234741211,69.83657836914062,03/20/2023 16:55,6.0,16.0,True,38.29540252685547,5.160365104675293,0.0,0.0,8779.943359375,0.6810860633850098
28.562999725341797,263.0540466308594,1.4197323322296143,1448.635986328125,0.049999501556158066,120.3581314086914,27.894990921020508,74.3902816772461,03/20/2023 16:57,6.0,153.0,True,57.517642974853516,6.154575347900391,0.0,65223.45703125,0.0,0.6514410972595215
32.53516387939453,281.5806884765625,1.4255532026290894,1731.1160888671875,0.049999501556158066,121.22509765625,27.224727630615234,77.9913330078125,03/20/2023 17:01,6.0,377.0,True,83.46931457519531,7.394134521484375,0.0,133230.9375,0.0,0.6554494500160217
25.06365394592285,273.1522521972656,467.98974609375,1281.86767578125,0.049999501556158066,119.57723236083984,28.86612319946289,69.39152526855469,03/20/2023 17:00,6.0,340.0,True,39.788490295410156,6.918052673339844,0.0919211208820343,41486.90234375,0.0,0.6495365500450134
23.947315216064453,239.77975463867188,1.4110063314437866,1460.145751953125,0.049999501556158066,119.13096618652344,28.564807891845703,69.79976654052734,03/20/2023 17:02,7.0,442.0,True,34.885215759277344,4.834454536437988,0.0,68443.4140625,0.0,0.6460904479026794
24.033390045166016,237.4365692138672,1.4141291379928589,1467.603271484375,0.049999501556158066,120.25456237792969,28.475723266601562,71.07018280029297,03/20/2023 16:58,6.0,195.0,True,35.03130340576172,4.68644380569458,0.0,69399.421875,0.0,0.6543989777565002
21.647401809692383,266.28546142578125,1.4171056747436523,0.09999799728393555,3137.079833984375,124.133056640625,28.58824348449707,71.78318786621094,03/20/2023 16:56,7.0,104.0,True,25.639694213867188,6.392518520355225,0.0,0.0,31969.31640625,0.689001202583313
21.360567092895508,275.7909851074219,1.4158408641815186,1252.479248046875,2317.374267578125,120.82987976074219,28.516469955444336,71.54061126708984,03/20/2023 17:02,6.0,456.0,True,24.7222900390625,7.069221496582031,0.0,37770.0859375,8713.544921875,0.6585834622383118
26.26590919494629,265.0289001464844,1.417549967765808,1046.9730224609375,2804.0322265625,122.22154235839844,27.99980926513672,73.40232849121094,03/20/2023 16:55,6.0,28.0,True,45.14799880981445,6.304436206817627,0.0,19717.484375,18626.349609375,0.6704736948013306
15.325839042663574,220.7942657470703,1.4126455783843994,903.2745971679688,3403.24072265625,122.1926498413086,28.974653244018555,69.3257064819336,03/20/2023 17:01,6.0,383.0,True,9.45729923248291,3.869129180908203,0.0,11958.8759765625,50925.3671875,0.6737405061721802
27.612316131591797,283.01806640625,443.3106384277344,1484.7569580078125,0.049999501556158066,122.54935455322266,28.118438720703125,74.25489807128906,03/20/2023 17:03,6.0,506.0,True,51.9304084777832,7.552389621734619,0.07087136805057526,71679.703125,0.0,0.6710875034332275
26.13712501525879,274.0836486816406,330.70208740234375,1510.9700927734375,3283.51416015625,120.1167221069336,27.378765106201172,75.70973205566406,03/20/2023 17:02,7.0,445.0,True,44.29734420776367,6.905755519866943,0.021900713443756104,77014.765625,40839.21875,0.649134635925293
32.98241424560547,272.7274169921875,421.0314025878906,1484.45703125,0.049999501556158066,121.39366149902344,27.47053337097168,75.64967346191406,03/20/2023 17:04,7.0,565.0,True,87.82694244384766,6.804586887359619,0.0567622184753418,71717.734375,0.0,0.6606966853141785
22.562053680419922,266.2409362792969,1.4172886610031128,1154.9111328125,2913.03369140625,122.1807861328125,28.371931076049805,72.3849868774414,03/20/2023 16:57,6.0,138.0,True,28.928524017333984,6.387817859649658,0.0,27987.482421875,22166.46484375,0.6702761054039001
23.127689361572266,272.0705261230469,1.4177337884902954,1008.6840209960938,3184.240478515625,119.932861328125,28.176755905151367,73.0212173461914,03/20/2023 17:01,7.0,406.0,True,31.075286865234375,6.784123420715332,0.0,17301.171875,34570.77734375,0.6488749980926514
24.049083709716797,279.912353515625,1.4174127578735352,1356.2493896484375,2868.497314453125,119.90750885009766,28.026819229125977,73.28909301757812,03/20/2023 17:02,6.0,463.0,True,34.865875244140625,7.356647491455078,0.0,50793.8671875,20639.16796875,0.6488625407218933
24.626028060913086,264.91802978515625,1.4232490062713623,1304.5784912109375,2802.125,121.48042297363281,27.1470890045166,77.42510986328125,03/20/2023 16:58,6.0,224.0,True,36.93779373168945,6.2449140548706055,0.0,43345.75,18425.267578125,0.6594485640525818
25.743200302124023,257.64007568359375,1.415673017501831,1159.3751220703125,0.049999501556158066,120.26175689697266,28.093299865722656,72.54252624511719,03/20/2023 16:57,7.0,154.0,True,42.721954345703125,5.843842029571533,0.0,28471.009765625,0.0,0.6533815860748291
22.677627563476562,273.8663330078125,1.4130436182022095,1480.513916015625,0.049999501556158066,121.7847900390625,28.568227767944336,70.4752197265625,03/20/2023 17:02,6.0,431.0,True,29.617910385131836,6.958950996398926,0.0,71991.2421875,0.0,0.6695824861526489
24.303905487060547,262.571044921875,537.8610229492188,0.09999799728393555,3439.19091796875,118.40666198730469,28.349578857421875,71.5830078125,03/20/2023 17:00,7.0,302.0,True,36.15648651123047,6.168208122253418,0.18135133385658264,0.0,54184.37890625,0.6368101239204407
25.470703125,255.7107391357422,1.4107580184936523,1139.718994140625,0.049999501556158066,121.22395324707031,28.833797454833984,69.04373931884766,03/20/2023 17:00,6.0,349.0,True,41.82283020019531,5.765124320983887,0.0,27027.119140625,0.0,0.6659162640571594
29.864688873291016,250.94497680664062,1.4251617193222046,1691.4595947265625,0.049999501556158066,122.88145446777344,27.312429428100586,77.64306640625,03/20/2023 17:01,6.0,362.0,True,64.87388610839844,5.360246181488037,0.0,120892.40625,0.0,0.6712424755096436
26.05376625061035,256.11578369140625,1.4077603816986084,0.09999799728393555,3045.247802734375,119.86407470703125,28.92072868347168,67.81595611572266,03/20/2023 16:55,6.0,9.0,True,44.96969223022461,5.815957546234131,0.0,0.0,27824.88671875,0.6552291512489319
22.99163055419922,246.87841796875,1.412846565246582,1505.769287109375,3116.57177734375,120.8392333984375,28.729467391967773,70.00604248046875,03/20/2023 17:00,6.0,349.0,True,30.846820831298828,5.219001770019531,0.0,77013.140625,31078.45703125,0.6607944369316101
25.538768768310547,283.09930419921875,1.4204357862472534,1503.5845947265625,0.049999501556158066,122.17433166503906,27.977550506591797,74.41743469238281,03/20/2023 16:59,6.0,285.0,True,41.3338623046875,7.564903736114502,0.0,75436.3125,0.0,0.6679591536521912
26.450908660888672,237.22421264648438,1.4148142337799072,1399.421142578125,0.049999501556158066,120.00849914550781,28.421640396118164,71.43460083007812,03/20/2023 17:00,6.0,338.0,True,46.34444808959961,4.670464992523193,0.0,57577.48828125,0.0,0.6516175866127014
24.200942993164062,276.80499267578125,1.419830322265625,1256.4735107421875,0.049999501556158066,119.41246032714844,27.95017433166504,74.28488159179688,03/20/2023 17:00,6.0,326.0,True,35.34211349487305,7.101639270782471,0.0,37920.828125,0.0,0.6425974369049072
17.947566986083984,245.79977416992188,593.1302490234375,1629.968505859375,3012.317626953125,120.17154693603516,28.71614646911621,67.94520568847656,03/20/2023 17:01,7.0,411.0,True,15.156429290771484,5.204422473907471,0.3178912401199341,107468.546875,26409.466796875,0.6589267253875732
27.280582427978516,262.9404296875,1.4173526763916016,1381.4437255859375,0.049999501556158066,121.0943832397461,28.055797576904297,73.19664001464844,03/20/2023 17:04,6.0,549.0,True,50.4881591796875,6.168583869934082,0.0,54508.21875,0.0,0.6599956750869751
26.773235321044922,287.10528564453125,1.4210662841796875,827.7562255859375,0.049999501556158066,118.5507583618164,28.2651309967041,73.90758514404297,03/20/2023 17:04,6.0,583.0,True,47.42054748535156,7.868945121765137,0.0,8770.84765625,0.0,0.6338136196136475
28.288476943969727,259.12744140625,1.4213590621948242,1546.5430908203125,0.049999501556158066,121.7441635131836,27.231096267700195,76.58971405029297,03/20/2023 16:56,7.0,117.0,True,55.722259521484375,5.888623237609863,0.0,84281.34375,0.0,0.6632553935050964
27.413578033447266,266.1637268066406,1.4185203313827515,1849.1463623046875,0.049999501556158066,120.24571228027344,28.17966079711914,73.27578735351562,03/20/2023 16:55,6.0,2.0,True,51.09465789794922,6.371153354644775,0.0,179729.0,0.0,0.6512396335601807
32.252647399902344,258.7215270996094,1.4218426942825317,1548.1488037109375,0.049999501556158066,119.09724426269531,27.339702606201172,76.4783935546875,03/20/2023 17:01,6.0,383.0,True,81.9551010131836,5.858960151672363,0.0,84554.0859375,0.0,0.6383095979690552
28.832660675048828,285.2762145996094,459.54632568359375,0.09999799728393555,2118.62548828125,120.2262191772461,28.299875259399414,72.41500854492188,03/20/2023 17:04,6.0,541.0,True,59.478118896484375,7.773590564727783,0.08386118710041046,0.0,6355.2626953125,0.6522333025932312
26.581710815429688,271.7585754394531,1.41693115234375,1712.5511474609375,0.049999501556158066,121.49986267089844,28.221925735473633,72.64083862304688,03/20/2023 17:01,6.0,368.0,True,46.81996536254883,6.770155906677246,0.0,129444.78125,0.0,0.6641064286231995
21.57898712158203,270.97845458984375,1.4193179607391357,645.6609497070312,2476.8115234375,122.2052993774414,28.04800796508789,73.87013244628906,03/20/2023 17:00,6.0,336.0,True,25.290176391601562,6.692159175872803,0.0,3917.39453125,11126.37109375,0.6690510511398315
29.390850067138672,262.7064208984375,1.4200708866119385,1757.864501953125,0.049999501556158066,121.20703125,28.083192825317383,74.0322265625,03/20/2023 17:00,7.0,311.0,True,62.524784088134766,6.1289143562316895,0.0,143779.296875,0.0,0.6591307520866394
19.720563888549805,272.2464294433594,1.4154777526855469,1446.060546875,3236.12451171875,119.54376220703125,28.704675674438477,70.94880676269531,03/20/2023 17:01,7.0,394.0,True,19.592140197753906,6.818976402282715,0.0,65314.41015625,37870.296875,0.6468240022659302
26.010217666625977,278.58673095703125,1.4244099855422974,1048.112548828125,3398.725341796875,120.28446960449219,26.619403839111328,79.12770080566406,03/20/2023 16:57,7.0,148.0,True,43.266517639160156,7.184176921844482,0.0,19528.828125,49703.296875,0.6475096940994263
22.104856491088867,270.58673095703125,485.8819274902344,1716.5250244140625,2335.9658203125,118.9517822265625,28.191146850585938,71.69486236572266,03/20/2023 17:03,6.0,495.0,True,27.435855865478516,6.71830415725708,0.10922347009181976,131509.78125,8995.658203125,0.6424387693405151
24.535724639892578,257.15093994140625,1.4085829257965088,0.09999799728393555,2721.73291015625,121.16121673583984,28.793230056762695,68.41239166259766,03/20/2023 16:55,7.0,34.0,True,37.643043518066406,5.874025344848633,0.0,0.0,16562.373046875,0.6668853759765625
27.574298858642578,282.40802001953125,1.4179139137268066,0.09999799728393555,1329.21533203125,121.614501953125,28.158447265625,73.12696838378906,03/20/2023 17:04,7.0,589.0,True,52.04443359375,7.539903163909912,0.0,0.0,1594.537109375,0.6644855737686157
29.28025245666504,279.689453125,1.4201985597610474,1357.449462890625,0.049999501556158066,121.926513671875,28.103525161743164,74.02374267578125,03/20/2023 17:03,6.0,536.0,True,61.8181266784668,7.310156345367432,0.0,50687.76953125,0.0,0.6657945513725281
24.889278411865234,273.1433410644531,1.4181902408599854,1431.4600830078125,0.049999501556158066,121.00028991699219,28.24848175048828,72.99388122558594,03/20/2023 17:00,6.0,330.0,True,38.498779296875,6.855306625366211,0.0,62444.234375,0.0,0.6585212349891663
25.27121353149414,280.4307861328125,1.4155904054641724,1168.062744140625,0.049999501556158066,120.3214340209961,28.127710342407227,72.42884826660156,03/20/2023 16:57,6.0,161.0,True,40.470191955566406,7.415303707122803,0.0,29256.3984375,0.0,0.653997540473938
25.600372314453125,263.66082763671875,1.413955807685852,0.09999799728393555,2375.427978515625,120.00638580322266,28.66758918762207,70.53248596191406,03/20/2023 16:56,7.0,67.0,True,42.176300048828125,6.246800422668457,0.0,0.0,9567.6865234375,0.6521993279457092
26.318471908569336,271.8832702636719,1.41666579246521,0.09999799728393555,962.2691040039062,122.33885192871094,27.913572311401367,73.32318115234375,03/20/2023 17:02,7.0,474.0,True,45.495201110839844,6.781552791595459,0.0,0.0,706.498046875,0.672220766544342
24.724185943603516,277.72247314453125,1.4178062677383423,0.09999799728393555,0.049999501556158066,121.2364273071289,28.238689422607422,72.89051818847656,03/20/2023 16:58,6.0,199.0,True,37.78387451171875,7.189915657043457,0.0,0.0,0.0,0.6610077023506165
26.06488609313965,216.43954467773438,1.4063926935195923,1487.756103515625,0.049999501556158066,121.26066589355469,29.12852668762207,66.83403015136719,03/20/2023 17:03,6.0,508.0,True,45.15167999267578,3.705373764038086,0.0,74363.8984375,0.0,0.6694098114967346
23.125789642333984,245.5935516357422,1.410707712173462,1372.90576171875,0.049999501556158066,120.39033508300781,28.666982650756836,69.44387817382812,03/20/2023 17:01,6.0,367.0,True,31.513343811035156,5.161468029022217,0.0,53927.84765625,0.0,0.6580893397331238
24.45441436767578,274.904296875,1.4183318614959717,1407.3709716796875,0.049999501556158066,120.83570861816406,28.32482147216797,72.85015106201172,03/20/2023 17:00,6.0,355.0,True,36.54875946044922,6.979560375213623,0.0,58446.4765625,0.0,0.6568804383277893
27.262943267822266,267.2725524902344,323.6590270996094,1531.920166015625,0.049999501556158066,120.86043548583984,28.147796630859375,72.35662841796875,03/20/2023 17:03,6.0,538.0,True,50.579010009765625,6.474061489105225,0.020388677716255188,82060.3515625,0.0,0.6590938568115234
29.547252655029297,249.4981689453125,1.418682336807251,1727.6802978515625,0.049999501556158066,119.0726318359375,26.588022232055664,77.30879974365234,03/20/2023 17:02,6.0,460.0,True,63.688655853271484,5.32605504989624,0.0,133899.703125,0.0,0.6402449607849121
23.000640869140625,225.0275115966797,1.4100755453109741,542.4801025390625,2478.736572265625,124.58436584472656,29.14268684387207,68.04183959960938,03/20/2023 16:55,7.0,26.0,True,31.056488037109375,4.0839667320251465,0.0,2303.537109375,11303.123046875,0.6985970735549927
20.40951156616211,235.28219604492188,1.4054089784622192,1135.3394775390625,3383.81103515625,123.58634185791016,29.03588104248047,66.73245239257812,03/20/2023 17:00,7.0,338.0,True,22.10563087463379,4.631862640380859,0.0,26938.619140625,49681.90625,0.6924378871917725
29.466522216796875,249.06637573242188,1.419259786605835,1693.330810546875,0.049999501556158066,119.72236633300781,27.767131805419922,74.55296325683594,03/20/2023 16:57,6.0,163.0,True,63.10359573364258,5.296397686004639,0.0,122866.734375,0.0,0.645861029624939
21.93990135192871,236.92919921875,1.4127312898635864,1156.947509765625,2831.410888671875,120.12690734863281,28.545570373535156,70.42715454101562,03/20/2023 17:02,6.0,470.0,True,26.903348922729492,4.669066905975342,0.0,28420.005859375,19582.541015625,0.6541872620582581
28.103214263916016,278.62640380859375,1.4191253185272217,1428.1959228515625,0.049999501556158066,120.41851806640625,27.750764846801758,74.54917907714844,03/20/2023 16:59,6.0,291.0,True,54.901954650878906,7.242674827575684,0.0,61778.2109375,0.0,0.6524274349212646
26.310232162475586,272.74285888671875,1.4206207990646362,1482.7222900390625,0.049999501556158066,120.67037200927734,28.262142181396484,73.76730346679688,03/20/2023 17:04,6.0,559.0,True,45.09166717529297,6.802781105041504,0.0,71346.2890625,0.0,0.6537298560142517
19.484350204467773,257.9732971191406,1.408597707748413,0.09999799728393555,0.049999501556158066,120.93818664550781,29.169429779052734,67.47687530517578,03/20/2023 17:03,6.0,529.0,True,19.181211471557617,5.926010608673096,0.0,0.0,0.0,0.6647627353668213
32.618492126464844,257.98828125,1.423780083656311,1729.42919921875,0.049999501556158066,123.00981140136719,26.897457122802734,78.22464752197266,03/20/2023 17:01,7.0,366.0,True,84.40337371826172,5.7967071533203125,0.0,133140.453125,0.0,0.6734448075294495
23.390125274658203,268.7517395019531,1.417954444885254,1571.0682373046875,0.049999501556158066,120.20060729980469,27.97817039489746,73.59117889404297,03/20/2023 17:00,7.0,339.0,True,32.10498809814453,6.551724910736084,0.0,90413.125,0.0,0.6512142419815063
24.04787826538086,241.7180938720703,1.4109201431274414,0.09999799728393555,3188.618408203125,121.91156005859375,29.101665496826172,68.42861938476562,03/20/2023 17:00,7.0,325.0,True,35.32248306274414,4.941606521606445,0.0,0.0,35156.2421875,0.6723192930221558
20.536914825439453,257.89862060546875,557.4984130859375,1220.9815673828125,3246.39111328125,122.91444396972656,28.91740608215332,70.08362579345703,03/20/2023 17:01,6.0,410.0,True,22.099746704101562,5.870328903198242,0.22003938257694244,34471.015625,38594.2265625,0.6792770624160767
23.447460174560547,276.8653869628906,350.8821105957031,1177.815185546875,2633.880859375,121.1483154296875,28.52290153503418,72.12139129638672,03/20/2023 17:02,6.0,474.0,True,32.35723114013672,7.128914833068848,0.027451440691947937,30032.7578125,14251.623046875,0.6603051424026489
33.27849578857422,269.0204772949219,1.4234459400177002,1690.933837890625,0.049999501556158066,121.3578872680664,27.234067916870117,77.27275085449219,03/20/2023 16:59,6.0,251.0,True,89.61474609375,6.517707824707031,0.0,121140.25,0.0,0.658164918422699
22.178319931030273,259.9642028808594,1.416664719581604,1106.107177734375,0.049999501556158066,121.44166564941406,28.30192756652832,72.3519287109375,03/20/2023 16:58,6.0,206.0,True,27.547103881835938,5.982401371002197,0.0,23996.0546875,0.0,0.6637483835220337
28.54788589477539,275.1087341308594,1.4224722385406494,1490.12451171875,0.049999501556158066,121.72486877441406,27.86878776550293,75.36405944824219,03/20/2023 16:59,6.0,280.0,True,57.111629486083984,6.952131271362305,0.0,72502.4453125,0.0,0.6622858047485352
31.60161781311035,270.37176513671875,1.4201523065567017,1660.708251953125,0.049999501556158066,120.49150085449219,27.58896827697754,75.29480743408203,03/20/2023 17:01,7.0,375.0,True,77.42730712890625,6.641972541809082,0.0,113066.671875,0.0,0.6523902416229248
18.837181091308594,278.98040771484375,1.4152110815048218,1176.24072265625,2571.237060546875,121.86161041259766,28.337646484375,71.77729797363281,03/20/2023 17:04,6.0,540.0,True,17.149791717529297,7.310628414154053,0.0,30029.484375,12965.7568359375,0.6687503457069397
23.80942726135254,265.3815612792969,1.4150187969207764,1454.3687744140625,0.049999501556158066,120.86940002441406,28.535306930541992,71.21886444091797,03/20/2023 17:02,7.0,457.0,True,34.0218505859375,6.351389408111572,0.0,66856.5234375,0.0,0.6595362424850464
32.14405059814453,267.5413513183594,1.4208686351776123,1667.43408203125,0.049999501556158066,121.84041595458984,27.79276466369629,75.02301025390625,03/20/2023 16:58,7.0,231.0,True,81.30191040039062,6.441810607910156,0.0,114825.671875,0.0,0.6645076870918274
22.966766357421875,265.32025146484375,1.4161405563354492,1269.9918212890625,2791.8056640625,121.32027435302734,28.500717163085938,71.68004608154297,03/20/2023 17:02,6.0,441.0,True,30.544713973999023,6.336872577667236,0.0,39747.69140625,18304.951171875,0.6629788279533386
18.036157608032227,261.9822998046875,1.415242075920105,0.09999799728393555,3514.303466796875,123.1983871459961,28.682037353515625,70.92665100097656,03/20/2023 16:57,6.0,150.0,True,15.108771324157715,6.125094890594482,0.0,0.0,62176.45703125,0.6814295053482056
29.511432647705078,273.85430908203125,1.4203901290893555,1465.7510986328125,0.049999501556158066,120.0670394897461,27.715240478515625,75.0580825805664,03/20/2023 16:57,7.0,126.0,True,63.24294662475586,6.883692741394043,0.0,68211.3984375,0.0,0.648276686668396
20.458057403564453,267.65087890625,1.4156430959701538,1257.4149169921875,0.049999501556158066,120.31941986083984,28.40007972717285,71.76551055908203,03/20/2023 17:01,6.0,411.0,True,21.801448822021484,6.49865198135376,0.0,38340.375,0.0,0.6539416313171387
28.731182098388672,234.19412231445312,1.4120427370071411,1209.1358642578125,0.049999501556158066,120.86075592041016,28.66260528564453,69.90343475341797,03/20/2023 17:01,6.0,362.0,True,59.438568115234375,4.530106544494629,0.0,33418.7734375,0.0,0.6615689396858215
24.66392707824707,271.8124084472656,1.4207923412322998,1393.8289794921875,2752.62158203125,120.04460144042969,27.308107376098633,76.20931243896484,03/20/2023 16:55,6.0,9.0,True,37.288917541503906,6.73583459854126,0.0,56033.42578125,17097.044921875,0.647789478302002
31.096567153930664,262.2074890136719,1.4216063022613525,1665.2882080078125,0.049999501556158066,121.96290588378906,27.934303283691406,74.91358184814453,03/20/2023 16:57,7.0,135.0,True,73.61434936523438,6.0829176902771,0.0,114045.84375,0.0,0.6651344895362854
19.369775772094727,272.5425109863281,1.412359356880188,985.5028686523438,2813.258544921875,121.34283447265625,28.97260284423828,69.23475646972656,03/20/2023 17:03,7.0,497.0,True,18.710445404052734,6.871258735656738,0.0,16128.9208984375,19036.47265625,0.6658920645713806
28.593175888061523,256.97540283203125,1.4182723760604858,1213.3856201171875,0.049999501556158066,120.77247619628906,28.338943481445312,72.79503631591797,03/20/2023 16:58,7.0,228.0,True,57.86714553833008,5.780219554901123,0.0,33439.40625,0.0,0.6563307642936707
22.404911041259766,268.04876708984375,1.4153807163238525,1500.734619140625,3328.42724609375,120.65690612792969,28.501022338867188,71.42552185058594,03/20/2023 17:01,6.0,395.0,True,28.452503204345703,6.528284549713135,0.0,75616.46875,44431.609375,0.6572862863540649
23.44468116760254,255.46096801757812,274.43243408203125,301.4576416015625,3547.6025390625,120.06903076171875,29.00264549255371,69.11756896972656,03/20/2023 17:02,6.0,442.0,True,32.70148849487305,5.7371506690979,0.011453375220298767,386.927734375,66468.265625,0.6539950966835022
21.141653060913086,257.40777587890625,1.4134113788604736,1619.060546875,3109.33349609375,120.81746673583984,28.605241775512695,70.5059585571289,03/20/2023 16:57,7.0,143.0,True,24.10741424560547,5.848627090454102,0.0,103147.359375,30683.388671875,0.6601881384849548
29.23281478881836,278.7790832519531,1.420259714126587,1548.865234375,0.049999501556158066,120.9979019165039,28.026681900024414,74.2361831665039,03/20/2023 17:00,6.0,344.0,True,61.515933990478516,7.241965293884277,0.0,84974.84375,0.0,0.6570410132408142
17.625370025634766,293.3267822265625,1.4165868759155273,0.09999799728393555,2316.646240234375,121.00782775878906,27.877182006835938,73.38782501220703,03/20/2023 17:01,6.0,403.0,True,14.089725494384766,8.426828384399414,0.0,0.0,8694.654296875,0.659725546836853
24.490568161010742,277.96490478515625,1.4186633825302124,1197.423583984375,3116.451416015625,120.43167877197266,27.786148071289062,74.30712890625,03/20/2023 17:00,7.0,316.0,True,36.682861328125,7.1987409591674805,0.0,31831.623046875,30823.966796875,0.6528733372688293
28.930994033813477,247.9939727783203,1.4161192178726196,1667.1522216796875,0.049999501556158066,120.48539733886719,28.229591369628906,72.35075378417969,03/20/2023 16:56,6.0,87.0,True,60.16503143310547,5.258365154266357,0.0,115819.234375,0.0,0.6551596522331238
23.752208709716797,273.0634765625,1.4194002151489258,1253.48095703125,2986.3857421875,121.59200286865234,28.06650733947754,73.85116577148438,03/20/2023 16:56,7.0,80.0,True,33.484832763671875,6.83755350112915,0.0,37618.40234375,24876.8984375,0.663216769695282
25.695178985595703,276.27276611328125,1.4189960956573486,1070.3697509765625,0.049999501556158066,121.8028564453125,28.050067901611328,73.7579574584961,03/20/2023 17:02,6.0,465.0,True,42.203857421875,7.0715837478637695,0.0,21255.41015625,0.0,0.6654876470565796
7.029540061950684,268.71514892578125,1.412750482559204,0.09999799728393555,3334.754638671875,122.07521057128906,28.998306274414062,69.3017578125,03/20/2023 16:56,6.0,105.0,True,0.9924392700195312,6.599327564239502,0.0,0.0,45090.9609375,0.672548770904541
23.51235580444336,250.2989959716797,1.4102139472961426,1363.9111328125,3384.738037109375,120.19720458984375,28.704416275024414,69.18414306640625,03/20/2023 17:01,7.0,385.0,True,33.11433792114258,5.4401092529296875,0.0,52639.3203125,49433.5390625,0.6566236019134521
28.329853057861328,270.6993713378906,578.5816040039062,1677.525146484375,0.049999501556158066,119.01424407958984,28.498783111572266,72.2079086303711,03/20/2023 17:02,6.0,433.0,True,56.37639236450195,6.688477039337158,0.26955467462539673,118488.53125,0.0,0.6403734087944031
27.679683685302734,267.77593994140625,1.4171741008758545,0.09999799728393555,0.049999501556158066,121.3874282836914,28.325347900390625,72.46318054199219,03/20/2023 16:57,6.0,137.0,True,52.71049499511719,6.492604732513428,0.0,0.0,0.0,0.6628755331039429
30.436786651611328,260.38983154296875,1.4164879322052002,0.09999799728393555,0.049999501556158066,120.21875,27.537193298339844,74.20478057861328,03/20/2023 17:01,6.0,377.0,True,69.81837463378906,6.0111870765686035,0.0,0.0,0.0,0.6524088978767395
24.893064498901367,275.30645751953125,1.414278507232666,1495.1314697265625,0.049999501556158066,122.04133605957031,28.671234130859375,70.6313705444336,03/20/2023 16:58,6.0,196.0,True,38.82208251953125,7.0502095222473145,0.0,74663.859375,0.0,0.6711235046386719
25.609094619750977,273.504150390625,1.4152079820632935,0.09999799728393555,3226.719482421875,121.6165542602539,28.55152130126953,71.24150085449219,03/20/2023 17:03,6.0,537.0,True,42.111534118652344,6.911013603210449,0.0,0.0,37281.38671875,0.6664373278617859
24.02646827697754,267.00421142578125,1.4153507947921753,1158.1884765625,1652.9866943359375,120.07869720458984,28.640233993530273,71.06748962402344,03/20/2023 17:00,7.0,331.0,True,34.915245056152344,6.457511901855469,0.0,28383.693359375,2930.767578125,0.6518976092338562
24.73293113708496,283.2101745605469,1.4184015989303589,1045.49560546875,2071.411865234375,120.81768798828125,28.307483673095703,72.91671752929688,03/20/2023 17:03,6.0,496.0,True,37.777610778808594,7.59591817855835,0.0,19587.0703125,5879.6015625,0.6566627621650696
24.584209442138672,276.74847412109375,1.4208186864852905,983.2252807617188,2454.57177734375,122.2794189453125,27.745403289794922,75.12481689453125,03/20/2023 16:57,6.0,179.0,True,36.93461608886719,7.087295055389404,0.0,15736.4619140625,10724.751953125,0.6686758399009705
25.29825782775879,264.2021484375,1.4192906618118286,1668.2918701171875,0.049999501556158066,121.22444915771484,27.873939514160156,74.29621124267578,03/20/2023 16:56,7.0,82.0,True,40.29482650756836,6.233794689178467,0.0,115428.796875,0.0,0.6598448157310486
23.45519256591797,217.14553833007812,1.410507321357727,1411.090576171875,0.049999501556158066,121.2804946899414,28.99521827697754,68.55587005615234,03/20/2023 17:02,6.0,441.0,True,32.85946273803711,3.7146401405334473,0.0,59963.10546875,0.0,0.666631281375885
23.81682777404785,261.5390625,1.4181770086288452,960.156982421875,2590.198486328125,123.189208984375,28.209613800048828,73.08666229248047,03/20/2023 16:58,6.0,184.0,True,33.83595657348633,6.070186614990234,0.0,14574.0166015625,13300.9384765625,0.6791995167732239
27.63907814025879,263.25665283203125,1.4209152460098267,1677.488037109375,0.049999501556158066,121.61335754394531,28.028921127319336,74.44798278808594,03/20/2023 16:59,6.0,244.0,True,52.08829116821289,6.157157897949219,0.0,117734.890625,0.0,0.6623424887657166
18.057498931884766,277.71624755859375,491.20574951171875,1461.7930908203125,3092.386962890625,120.28682708740234,28.488224029541016,71.28357696533203,03/20/2023 16:58,6.0,239.0,True,15.172639846801758,7.220520973205566,0.11486877501010895,68227.15625,29774.802734375,0.6541867256164551
25.00267791748047,259.7179870605469,393.89569091796875,1227.2965087890625,3079.734130859375,119.82472229003906,28.10611343383789,72.18203735351562,03/20/2023 17:00,7.0,321.0,True,39.292884826660156,5.983962535858154,0.04346896708011627,35117.38671875,29166.201171875,0.6499889492988586
21.840740203857422,281.27105712890625,1.4170677661895752,798.8599853515625,3633.308837890625,121.93428802490234,27.976991653442383,73.29866790771484,03/20/2023 16:59,7.0,255.0,True,26.31710433959961,7.4627275466918945,0.0,7856.244140625,77882.90625,0.6681051850318909
28.71221923828125,269.9791564941406,1.4210879802703857,1224.6138916015625,0.049999501556158066,120.31098937988281,27.38994598388672,76.10270690917969,03/20/2023 17:00,7.0,353.0,True,58.24734115600586,6.605855464935303,0.0,34400.68359375,0.0,0.6500583291053772
29.495471954345703,277.9100036621094,1.423546552658081,1255.26318359375,1031.39794921875,121.92216491699219,27.470199584960938,76.71568298339844,03/20/2023 17:04,7.0,586.0,True,62.74181365966797,7.1436381340026855,0.0,37511.4453125,828.666015625,0.6633747816085815
31.072250366210938,260.9073181152344,170.01080322265625,1533.651611328125,0.049999501556158066,119.88326263427734,27.905900955200195,73.54790496826172,03/20/2023 16:56,6.0,116.0,True,74.08859252929688,6.037408351898193,0.0024738609790802,82148.46875,0.0,0.6487276554107666
30.777416229248047,261.00433349609375,1.4200799465179443,1522.2415771484375,0.049999501556158066,121.39334869384766,27.837879180908203,74.64849090576172,03/20/2023 17:03,7.0,501.0,True,71.62704467773438,6.018992900848389,0.0,79292.4609375,0.0,0.6608701944351196
22.106586456298828,245.7289581298828,1.409780740737915,1059.5640869140625,0.049999501556158066,121.70170593261719,29.073368072509766,68.11585998535156,03/20/2023 17:03,7.0,517.0,True,27.6708984375,5.17627477645874,0.0,20882.4296875,0.0,0.6711502075195312
25.14150619506836,269.6134338378906,1.4146051406860352,0.09999799728393555,3026.25634765625,122.50785064697266,28.73785400390625,70.57415008544922,03/20/2023 16:58,7.0,227.0,True,39.943336486816406,6.643394470214844,0.0,0.0,26719.8515625,0.6753154993057251
23.82608413696289,269.4972839355469,1.4160572290420532,1480.5546875,0.049999501556158066,119.90544128417969,28.203636169433594,72.39494323730469,03/20/2023 17:02,6.0,468.0,True,34.02003860473633,6.621257781982422,0.0,71573.328125,0.0,0.6497877836227417
27.071523666381836,264.93865966796875,487.7823181152344,1289.6265869140625,0.049999501556158066,120.04022216796875,28.319725036621094,71.40249633789062,03/20/2023 16:59,6.0,275.0,True,49.69956970214844,6.331662178039551,0.11125919222831726,42273.96484375,0.0,0.6525149345397949
31.482677459716797,275.6241760253906,1.420551061630249,0.09999799728393555,2225.40576171875,124.64830017089844,26.843996047973633,77.28956604003906,03/20/2023 17:02,6.0,466.0,True,76.50831604003906,7.008695125579834,0.0,0.0,7490.9482421875,0.6913942098617554
23.852962493896484,272.26922607421875,596.3867797851562,1519.805908203125,3635.579833984375,121.01640319824219,28.52752685546875,71.55441284179688,03/20/2023 16:58,7.0,226.0,True,34.13897705078125,6.815718173980713,0.3230634927749634,79425.8203125,78350.171875,0.6602465510368347
22.241374969482422,265.8317565917969,444.979248046875,1508.388427734375,0.049999501556158066,122.46760559082031,28.701082229614258,71.359130859375,03/20/2023 17:04,6.0,559.0,True,27.775985717773438,6.366058349609375,0.07260988652706146,76964.8828125,0.0,0.6734309196472168
20.304439544677734,279.53106689453125,1.4198859930038452,1347.389892578125,3119.3583984375,120.82000732421875,27.93555450439453,74.33993530273438,03/20/2023 16:58,6.0,202.0,True,21.144697189331055,7.301700115203857,0.0,49301.3828125,30921.13671875,0.6556411385536194
28.681838989257812,272.3784484863281,1.4206480979919434,1668.0716552734375,0.049999501556158066,120.65423583984375,27.12870979309082,76.6099853515625,03/20/2023 17:04,6.0,545.0,True,58.117610931396484,6.776895523071289,0.0,115058.59375,0.0,0.6535603404045105
26.4862117767334,276.0397644042969,1.421996831893921,1710.065673828125,0.049999501556158066,119.022705078125,27.837066650390625,75.28598022460938,03/20/2023 16:57,6.0,146.0,True,45.85606384277344,7.023861885070801,0.0,127380.875,0.0,0.6375184655189514
23.974132537841797,250.2963409423828,1.414335012435913,1553.9249267578125,2762.52197265625,123.1430892944336,28.675792694091797,70.63890075683594,03/20/2023 17:01,6.0,360.0,True,34.764278411865234,5.40714693069458,0.0,87107.125,17521.18359375,0.6815654635429382
25.180017471313477,248.49240112304688,1.4156320095062256,837.96044921875,3138.44921875,120.4940185546875,28.513521194458008,71.4782485961914,03/20/2023 17:02,7.0,433.0,True,40.039772033691406,5.291072845458984,0.0,9234.69921875,32107.60546875,0.6555829644203186
28.82516098022461,267.6708068847656,1.423745036125183,1443.916259765625,0.049999501556158066,122.12115478515625,27.126943588256836,77.639404296875,03/20/2023 16:56,6.0,97.0,True,58.61005783081055,6.423568248748779,0.0,63892.2890625,0.0,0.6651009917259216
27.599720001220703,265.8536071777344,1.4140465259552002,944.1131591796875,0.049999501556158066,120.63448333740234,28.09815216064453,71.98639678955078,03/20/2023 17:00,6.0,302.0,True,52.59579849243164,6.392130374908447,0.0,13866.787109375,0.0,0.6580187082290649
25.677005767822266,266.91522216796875,1.420801043510437,1128.171875,3019.277587890625,121.42813873291016,27.177003860473633,76.53993225097656,03/20/2023 16:59,6.0,245.0,True,41.96315383911133,6.400289058685303,0.0,25545.982421875,26192.8984375,0.6606863737106323
19.512678146362305,262.21441650390625,1.4105552434921265,0.09999799728393555,3135.42041015625,121.7955551147461,29.02095603942871,68.50761413574219,03/20/2023 17:04,7.0,594.0,True,19.186166763305664,6.182577133178711,0.0,0.0,32170.6796875,0.6714812517166138
26.9499568939209,278.6571350097656,1.4221582412719727,1170.186279296875,2707.567626953125,121.80094146728516,27.812255859375,75.4014663696289,03/20/2023 17:02,7.0,462.0,True,48.2401123046875,7.212955951690674,0.0,29072.791015625,15897.19921875,0.6632217168807983
17.28355598449707,265.4270935058594,1.4154545068740845,1541.7344970703125,2789.1884765625,120.38980865478516,28.834468841552734,70.61653137207031,03/20/2023 16:56,7.0,94.0,True,13.33931827545166,6.350382328033447,0.0,84202.4609375,18246.599609375,0.6547327637672424
28.234317779541016,282.93701171875,439.93511962890625,0.09999799728393555,2168.92431640625,120.27305603027344,27.969131469726562,74.31369018554688,03/20/2023 16:58,6.0,239.0,True,55.554264068603516,7.556646347045898,0.06864258646965027,0.0,6854.7626953125,0.6504210233688354
23.08915901184082,239.93545532226562,1.412331223487854,0.09999799728393555,2367.10400390625,120.97088623046875,28.6226749420166,70.1001205444336,03/20/2023 16:56,6.0,98.0,True,31.26418685913086,4.833536148071289,0.0,0.0,9465.1474609375,0.6624013781547546
8.805265426635742,289.47052001953125,1.4146655797958374,0.09999799728393555,3434.735595703125,123.81243896484375,28.88017463684082,70.23854064941406,03/20/2023 17:00,6.0,354.0,True,1.8929548263549805,8.132991790771484,0.0,0.0,53751.99609375,0.6877294778823853
29.318603515625,254.43161010742188,1.4192405939102173,1075.910400390625,0.049999501556158066,122.97540283203125,28.05593490600586,73.8245620727539,03/20/2023 16:59,7.0,267.0,True,62.17711639404297,5.615732669830322,0.0,21637.05859375,0.0,0.6763954162597656
23.908449172973633,273.97296142578125,491.00738525390625,829.4253540039062,0.049999501556158066,119.80741119384766,28.53759765625,70.80116271972656,03/20/2023 16:59,6.0,296.0,True,34.524139404296875,6.959014415740967,0.11486375331878662,8957.05078125,0.0,0.6504585146903992
29.02496337890625,282.34857177734375,1.4227691888809204,1133.2008056640625,1974.5872802734375,121.28885650634766,27.085979461669922,77.41928100585938,03/20/2023 17:02,6.0,478.0,True,59.93232345581055,7.4821624755859375,0.0,25857.59765625,4996.357421875,0.6579958200454712
24.97838592529297,245.10952758789062,1.415226697921753,1129.2425537109375,0.049999501556158066,120.98503112792969,28.695661544799805,70.88743591308594,03/20/2023 16:58,6.0,184.0,True,39.138465881347656,5.099892616271973,0.0,25915.203125,0.0,0.6604751944541931
21.742769241333008,251.0845947265625,1.413591980934143,1506.4840087890625,3057.404052734375,119.90325927734375,28.700206756591797,70.32905578613281,03/20/2023 17:02,7.0,422.0,True,26.15682601928711,5.459909915924072,0.0,77045.46875,28156.892578125,0.6514906883239746
28.23333168029785,258.7113952636719,1.416715145111084,1498.75634765625,0.049999501556158066,120.33349609375,28.323148727416992,72.31570434570312,03/20/2023 16:56,6.0,68.0,True,55.925235748291016,5.9023637771606445,0.0,75024.3515625,0.0,0.6533212661743164
25.657733917236328,262.62408447265625,1.4159433841705322,1308.229736328125,2548.03173828125,121.13273620605469,28.514066696166992,71.58084106445312,03/20/2023 17:01,6.0,399.0,True,42.28374099731445,6.160624027252197,0.0,44436.08984375,12491.90625,0.6613550186157227
27.40435791015625,255.53170776367188,1.4148919582366943,1255.83837890625,0.049999501556158066,120.00447845458984,28.31038475036621,71.7387466430664,03/20/2023 17:00,7.0,337.0,True,51.420166015625,5.719199180603027,0.0,38218.609375,0.0,0.651525616645813
29.174057006835938,266.4830017089844,1.4210915565490723,1292.5693359375,0.049999501556158066,121.48480224609375,26.89742660522461,77.335205078125,03/20/2023 17:03,6.0,531.0,True,61.049835205078125,6.368614673614502,0.0,42043.36328125,0.0,0.6610121726989746
24.51700782775879,245.3170928955078,1.4141603708267212,1039.0753173828125,0.049999501556158066,121.0118637084961,28.50840187072754,70.99890899658203,03/20/2023 17:02,7.0,437.0,True,37.13591003417969,5.119653701782227,0.0,19328.3359375,0.0,0.6614848375320435
25.792476654052734,253.5747528076172,1.417493224143982,1275.281982421875,2443.792236328125,120.32706451416016,27.817235946655273,73.83988952636719,03/20/2023 17:04,7.0,578.0,True,42.8045768737793,5.578033924102783,0.0,40261.5,10594.205078125,0.6527161002159119
21.67984390258789,254.7388916015625,1.4095231294631958,0.09999799728393555,2610.947998046875,122.3648452758789,29.131080627441406,67.88477325439453,03/20/2023 16:56,7.0,73.0,True,26.1512393951416,5.715259552001953,0.0,0.0,13904.447265625,0.6776539087295532
26.89603042602539,291.5583190917969,1.4190607070922852,1731.353271484375,0.049999501556158066,118.75872802734375,28.13051414489746,73.57833862304688,03/20/2023 16:55,6.0,14.0,True,48.257545471191406,8.250511169433594,0.0,135013.515625,0.0,0.637090265750885
28.201435089111328,265.7073669433594,1.4186983108520508,1704.39404296875,0.049999501556158066,119.3460922241211,28.050514221191406,73.65779876708984,03/20/2023 16:55,6.0,4.0,True,55.51646041870117,6.338999271392822,0.0,126421.609375,0.0,0.6427624821662903
28.16845703125,271.18035888671875,1.4204990863800049,1750.93603515625,0.049999501556158066,122.3240966796875,27.949188232421875,74.50933837890625,03/20/2023 16:55,6.0,11.0,True,55.124839782714844,6.694659233093262,0.0,141249.375,0.0,0.6693260073661804
33.28251266479492,282.77801513671875,1.4215823411941528,1565.099609375,0.049999501556158066,122.71406555175781,27.336267471313477,76.4007339477539,03/20/2023 17:04,7.0,556.0,True,89.98397827148438,7.527765274047852,0.0,88398.890625,0.0,0.6722307205200195
28.798126220703125,254.5827178955078,1.4156875610351562,1730.8369140625,0.049999501556158066,120.98811340332031,28.29189682006836,72.05082702636719,03/20/2023 16:55,6.0,15.0,True,59.406768798828125,5.654228687286377,0.0,135738.640625,0.0,0.6601774096488953
23.454994201660156,266.44036865234375,1.4183233976364136,1601.71826171875,0.049999501556158066,120.2822494506836,27.831748962402344,74.08002471923828,03/20/2023 17:00,6.0,349.0,True,32.34235763549805,6.391541481018066,0.0,97742.765625,0.0,0.6517175436019897
28.793079376220703,256.79180908203125,1.42093825340271,1706.6190185546875,0.049999501556158066,119.47431945800781,27.967859268188477,74.60836029052734,03/20/2023 16:59,6.0,243.0,True,58.74946975708008,5.746403694152832,0.0,126562.265625,0.0,0.642407238483429
25.14979362487793,282.02081298828125,434.48724365234375,1096.920166015625,3063.605224609375,118.70225524902344,28.562347412109375,71.10104370117188,03/20/2023 17:04,7.0,558.0,True,39.960636138916016,7.543936252593994,0.06560680270195007,23375.37890625,28395.0703125,0.6394392848014832
29.177593231201172,263.7564697265625,1.4201937913894653,1557.3533935546875,0.049999501556158066,121.3506851196289,27.7833309173584,74.82268524169922,03/20/2023 17:02,6.0,421.0,True,61.18233108520508,6.196324825286865,0.0,86879.6875,0.0,0.6603897213935852
25.308565139770508,261.35284423828125,1.4109394550323486,0.09999799728393555,3479.898193359375,121.14383697509766,28.800771713256836,69.18730163574219,03/20/2023 17:04,6.0,560.0,True,41.03116226196289,6.122768402099609,0.0,0.0,58679.76953125,0.6650286912918091
21.972827911376953,254.5226287841797,269.03668212890625,1614.0482177734375,0.049999501556158066,121.1222152709961,28.772184371948242,69.43939208984375,03/20/2023 17:00,6.0,339.0,True,27.090503692626953,5.685550689697266,0.010719120502471924,102230.890625,0.0,0.6644397377967834
28.285131454467773,268.770263671875,205.67138671875,1442.330078125,0.049999501556158066,120.46873474121094,28.20384407043457,72.74625396728516,03/20/2023 16:55,6.0,24.0,True,56.18267059326172,6.561072826385498,0.004432171583175659,64450.875,0.0,0.6543062925338745
20.64182472229004,272.5318603515625,1.411786675453186,0.09999799728393555,3093.431640625,120.64913177490234,28.828750610351562,69.40214538574219,03/20/2023 17:00,6.0,328.0,True,22.554000854492188,6.876279830932617,0.0,0.0,29953.203125,0.6597582101821899
26.516836166381836,270.36468505859375,1.422480583190918,1602.75439453125,2276.37841796875,120.12413024902344,27.116174697875977,77.24832916259766,03/20/2023 17:02,7.0,449.0,True,45.967166900634766,6.6189727783203125,0.0,97206.4375,8095.94140625,0.6473580598831177
29.30810546875,280.328125,1.424852728843689,1647.39697265625,0.049999501556158066,121.10076904296875,27.41184425354004,77.29267120361328,03/20/2023 16:55,6.0,37.0,True,61.41297912597656,7.308097839355469,0.0,108347.78125,0.0,0.6547814011573792
29.77950668334961,266.35791015625,1.4147793054580688,1329.8377685546875,0.049999501556158066,120.36805725097656,28.3880558013916,71.50688934326172,03/20/2023 16:58,6.0,212.0,True,65.69219970703125,6.419213771820068,0.0,47380.1484375,0.0,0.6550039649009705
24.166685104370117,286.7849426269531,1.41958749294281,1136.56689453125,0.049999501556158066,121.89936828613281,28.281286239624023,73.37648010253906,03/20/2023 17:03,7.0,534.0,True,35.212913513183594,7.86065673828125,0.0,26298.267578125,0.0,0.6659743785858154
26.583892822265625,252.51065063476562,1.4125117063522339,1312.2679443359375,0.049999501556158066,121.66575622558594,28.910335540771484,69.44155883789062,03/20/2023 16:57,6.0,134.0,True,47.25242614746094,5.554274082183838,0.0,45259.7578125,0.0,0.6688380837440491
30.078662872314453,280.2532958984375,1.4233763217926025,1648.30126953125,0.049999501556158066,120.34028625488281,27.752349853515625,75.95409393310547,03/20/2023 16:55,7.0,27.0,True,66.49235534667969,7.318248271942139,0.0,108908.484375,0.0,0.648742139339447
23.942289352416992,261.9111022949219,1.421599268913269,1387.5059814453125,0.049999501556158066,121.33536529541016,27.495691299438477,76.00782012939453,03/20/2023 16:59,6.0,248.0,True,34.12439727783203,6.063864231109619,0.0,54973.84765625,0.0,0.6592540144920349
25.251773834228516,260.3551330566406,552.5242309570312,1628.0537109375,0.049999501556158066,119.68050384521484,28.422544479370117,70.94532012939453,03/20/2023 16:59,6.0,268.0,True,40.56184768676758,6.036563873291016,0.2099381685256958,105537.25,0.0,0.6495735049247742
26.32895278930664,262.2485656738281,1.4197019338607788,1503.580810546875,0.049999501556158066,120.55049133300781,27.6745548248291,74.93133544921875,03/20/2023 16:59,7.0,240.0,True,45.26982879638672,6.102503299713135,0.0,75544.1484375,0.0,0.6532547473907471
25.871265411376953,275.3876037597656,440.56683349609375,402.9727783203125,3503.96533203125,120.49913024902344,28.746192932128906,70.71028137207031,03/20/2023 16:58,7.0,212.0,True,43.40151596069336,7.04787015914917,0.06968703866004944,916.197265625,61004.09765625,0.6560234427452087
28.715961456298828,253.4536590576172,1.4213186502456665,1562.2664794921875,0.049999501556158066,120.4798355102539,27.7150936126709,75.36632537841797,03/20/2023 17:02,6.0,474.0,True,58.242618560791016,5.539669990539551,0.0,87798.7421875,0.0,0.6514679789543152
27.9112606048584,282.22503662109375,1.4203956127166748,1046.087646484375,0.049999501556158066,120.26210021972656,27.762619018554688,74.94142150878906,03/20/2023 17:01,7.0,390.0,True,53.66804122924805,7.498713970184326,0.0,19549.4765625,0.0,0.6500853896141052
29.020462036132812,267.3046569824219,513.685302734375,1414.0181884765625,0.049999501556158066,120.2571029663086,28.279417037963867,72.81214904785156,03/20/2023 16:57,7.0,157.0,True,60.4992790222168,6.453990936279297,0.14235225319862366,59576.0078125,0.0,0.6517951488494873
23.033349990844727,283.18035888671875,1.4174139499664307,0.09999799728393555,2991.0625,121.74169921875,28.34761619567871,72.48751068115234,03/20/2023 16:56,7.0,95.0,True,30.725452423095703,7.6046037673950195,0.0,0.0,25134.931640625,0.6660404205322266
27.459659576416016,275.8578796386719,1.4203368425369263,1671.81884765625,0.049999501556158066,120.29069519042969,27.84272003173828,74.7216567993164,03/20/2023 16:56,7.0,79.0,True,51.159698486328125,7.027744293212891,0.0,116212.234375,0.0,0.6503924131393433
22.79672622680664,255.7888641357422,1.4124977588653564,0.09999799728393555,3536.481201171875,123.88700866699219,29.002460479736328,69.20658111572266,03/20/2023 16:57,6.0,135.0,True,30.108829498291016,5.755267143249512,0.0,0.0,65063.37890625,0.690051794052124
24.232749938964844,266.75201416015625,1.4205538034439087,859.2982788085938,3314.167724609375,123.3780517578125,28.19451904296875,73.91413116455078,03/20/2023 17:02,6.0,471.0,True,35.42668151855469,6.391640663146973,0.0,9949.26953125,43029.7265625,0.6792663335800171
23.830974578857422,263.8114929199219,505.7939453125,1266.3739013671875,2865.14013671875,119.99089050292969,28.350433349609375,70.8665771484375,03/20/2023 16:58,7.0,228.0,True,34.280731201171875,6.2693376541137695,0.13302265107631683,39603.6015625,20666.1640625,0.65301513671875
31.596221923828125,277.6754455566406,1.4200211763381958,1328.2486572265625,0.049999501556158066,121.87705993652344,27.923471450805664,74.41499328613281,03/20/2023 16:55,6.0,32.0,True,77.4087905883789,7.163241386413574,0.0,46683.015625,0.0,0.66545569896698
25.725292205810547,289.5165100097656,1.4194344282150269,0.09999799728393555,2553.846435546875,120.4594497680664,27.404075622558594,75.51863861083984,03/20/2023 17:03,6.0,522.0,True,42.311767578125,8.080156326293945,0.0,0.0,12545.3076171875,0.6525930762290955
28.953746795654297,277.33966064453125,1.4213114976882935,0.09999799728393555,0.049999501556158066,121.402099609375,27.3758602142334,76.21198272705078,03/20/2023 16:55,6.0,53.0,True,59.6752815246582,7.125237941741943,0.0,0.0,0.0,0.6600820422172546
26.693471908569336,268.92547607421875,1.417598009109497,1392.9315185546875,2732.45166015625,121.51187896728516,28.366209030151367,72.50230407714844,03/20/2023 16:57,6.0,149.0,True,47.33690643310547,6.567049980163574,0.0,56245.83984375,16635.453125,0.6637448668479919
28.680688858032227,269.4195556640625,1.4141875505447388,1546.2628173828125,0.049999501556158066,119.25657653808594,28.29981803894043,71.5294418334961,03/20/2023 16:56,7.0,95.0,True,58.87483596801758,6.634034633636475,0.0,85414.265625,0.0,0.6450493931770325
23.01398468017578,276.265869140625,1.4174474477767944,0.09999799728393555,2673.713623046875,120.45188903808594,28.567363739013672,71.94928741455078,03/20/2023 16:57,6.0,123.0,True,30.647817611694336,7.087103843688965,0.0,0.0,15172.728515625,0.6539136171340942
23.406417846679688,250.92276000976562,1.4154043197631836,1712.2540283203125,0.049999501556158066,118.8648681640625,28.056005477905273,72.54594421386719,03/20/2023 17:02,6.0,437.0,True,32.3369255065918,5.43580436706543,0.0,129738.6875,0.0,0.6405757069587708
28.284337997436523,258.09210205078125,1.415809988975525,1236.514892578125,0.049999501556158066,120.93357849121094,28.46869468688965,71.64972686767578,03/20/2023 16:56,6.0,76.0,True,56.32621383666992,5.871086120605469,0.0,36020.859375,0.0,0.6595785021781921
32.80055236816406,268.3177185058594,1.4223252534866333,1455.6656494140625,0.049999501556158066,122.58760070800781,27.032466888427734,77.40623474121094,03/20/2023 17:03,7.0,493.0,True,86.05558776855469,6.48059606552124,0.0,66135.515625,0.0,0.670503556728363
20.428335189819336,272.75994873046875,314.9512939453125,1455.76806640625,0.049999501556158066,121.65592193603516,28.436511993408203,72.16636657714844,03/20/2023 16:55,6.0,41.0,True,21.64441680908203,6.838900566101074,0.018412813544273376,66832.796875,0.0,0.6654439568519592
21.009716033935547,278.1219177246094,1.4213802814483643,1532.895263671875,3214.990478515625,120.97929382324219,27.854427337646484,75.03837585449219,03/20/2023 16:57,6.0,138.0,True,23.29206657409668,7.181769371032715,0.0,81329.828125,36235.5078125,0.6560801863670349
16.150022506713867,269.9198913574219,1.412750005722046,1009.3580322265625,0.049999501556158066,121.07049560546875,28.674936294555664,70.11000061035156,03/20/2023 17:03,6.0,535.0,True,11.010307312011719,6.682799816131592,0.0,17512.310546875,0.0,0.6630418300628662
21.618112564086914,239.314697265625,1.4117963314056396,1386.045166015625,2755.7578125,121.23809814453125,28.80002212524414,69.47720336914062,03/20/2023 16:57,6.0,126.0,True,25.814613342285156,4.803576469421387,0.0,55816.43359375,17396.203125,0.6653057336807251
18.919857025146484,262.76959228515625,1.4148457050323486,1487.9307861328125,0.049999501556158066,121.11112213134766,28.284175872802734,71.78875732421875,03/20/2023 16:56,6.0,115.0,True,17.383052825927734,6.180066108703613,0.0,73167.6484375,0.0,0.6619316339492798
28.636037826538086,271.9539489746094,1.4211012125015259,1119.277099609375,2942.966552734375,121.3144302368164,27.712129592895508,75.3016357421875,03/20/2023 16:56,7.0,117.0,True,57.79193115234375,6.742692947387695,0.0,24816.484375,23137.16796875,0.6594095230102539
25.290876388549805,257.18035888671875,1.4160453081130981,1184.6175537109375,2576.683837890625,119.5150146484375,28.193639755249023,72.4159164428711,03/20/2023 17:04,6.0,583.0,True,40.525352478027344,5.811878681182861,0.0,30764.59375,13061.45703125,0.6461629271507263
30.654281616210938,275.2775573730469,1.4222334623336792,1781.8511962890625,0.049999501556158066,120.71891784667969,27.221845626831055,76.90242004394531,03/20/2023 16:57,6.0,139.0,True,70.47807312011719,6.966643810272217,0.0,151769.75,0.0,0.6530551910400391
25.463260650634766,289.10906982421875,1.4236729145050049,1335.9166259765625,0.049999501556158066,120.19532775878906,27.98211097717285,75.47769165039062,03/20/2023 16:55,6.0,10.0,True,40.709716796875,7.99779748916626,0.0,47372.6328125,0.0,0.6471932530403137
22.945716857910156,285.1128234863281,1.4184681177139282,0.09999799728393555,3334.833740234375,122.073974609375,28.366092681884766,72.79230499267578,03/20/2023 17:02,6.0,442.0,True,30.319787979125977,7.7423481941223145,0.0,0.0,44742.9375,0.6684205532073975
31.441577911376953,266.15020751953125,1.4218393564224243,1640.3896484375,0.049999501556158066,120.05401611328125,27.994726181030273,74.83971405029297,03/20/2023 16:56,6.0,78.0,True,76.01605224609375,6.339463233947754,0.0,107081.03125,0.0,0.6471520066261292
27.012048721313477,272.0915832519531,1.4203770160675049,1414.52734375,2701.685791015625,120.60493469238281,26.790571212768555,77.36540985107422,03/20/2023 16:55,6.0,37.0,True,48.74228286743164,6.759453296661377,0.0,59367.3359375,15789.615234375,0.6532902717590332
26.611419677734375,285.80657958984375,1.4159095287322998,0.09999799728393555,2685.010986328125,120.64503479003906,28.10749626159668,72.58597564697266,03/20/2023 16:58,6.0,186.0,True,47.07109832763672,7.825791358947754,0.0,0.0,15476.6796875,0.6568017601966858
12.891115188598633,299.762939453125,1.4180271625518799,0.09999799728393555,3584.4638671875,122.5050048828125,28.483793258666992,72.351318359375,03/20/2023 17:04,7.0,544.0,True,5.662418365478516,8.958316802978516,0.0,0.0,70740.390625,0.6728127598762512
26.341711044311523,286.0160827636719,435.2747497558594,1466.599609375,2213.67578125,119.917236328125,28.08120346069336,73.54945373535156,03/20/2023 17:00,7.0,335.0,True,45.435035705566406,7.811450481414795,0.06569056212902069,68606.90625,7373.1328125,0.648125410079956
24.017047882080078,271.6905822753906,1.4189262390136719,1592.2044677734375,2574.956298828125,119.99954986572266,28.19357681274414,73.37598419189453,03/20/2023 16:57,7.0,148.0,True,34.623870849609375,6.74567985534668,0.0,95280.25,12974.6806640625,0.6486661434173584
27.29949378967285,276.0860900878906,1.4189748764038086,968.0437622070312,2939.238037109375,122.78770446777344,28.031513214111328,73.79731750488281,03/20/2023 16:57,7.0,126.0,True,50.42558670043945,7.0582594871521,0.0,14967.01171875,23066.03125,0.6748073101043701
27.971725463867188,244.0251007080078,1.4160429239273071,1549.1441650390625,0.049999501556158066,120.98753356933594,28.336572647094727,72.05781555175781,03/20/2023 16:59,7.0,282.0,True,54.488033294677734,5.032728672027588,0.0,85743.3515625,0.0,0.6599202156066895
28.850427627563477,290.2385559082031,269.1903991699219,1374.8974609375,0.049999501556158066,119.98480224609375,28.118194580078125,73.68152618408203,03/20/2023 17:01,7.0,407.0,True,59.29301452636719,8.140356063842773,0.010592713952064514,53321.6171875,0.0,0.6482843160629272
29.43642234802246,261.22613525390625,1.4179303646087646,1009.3248901367188,0.049999501556158066,121.2858657836914,27.533212661743164,74.69552612304688,03/20/2023 17:03,7.0,537.0,True,63.083030700683594,6.0521931648254395,0.0,17332.80078125,0.0,0.6613838076591492
25.99503517150879,269.23797607421875,465.51995849609375,1462.735107421875,0.049999501556158066,120.49717712402344,28.32326889038086,71.7220458984375,03/20/2023 17:03,7.0,500.0,True,44.02622985839844,6.61420202255249,0.08925141394138336,68389.5703125,0.0,0.6561013460159302
24.885135650634766,260.87445068359375,494.68988037109375,1531.656005859375,0.049999501556158066,118.773681640625,27.989330291748047,73.84129333496094,03/20/2023 17:00,7.0,352.0,True,38.433387756347656,6.022006988525391,0.11803127825260162,81479.265625,0.0,0.6374127864837646
29.675582885742188,271.9094543457031,1.4169337749481201,0.09999799728393555,2659.47607421875,121.45936584472656,28.32288360595703,72.38928985595703,03/20/2023 17:02,7.0,473.0,True,64.73579406738281,6.780735015869141,0.0,0.0,14848.4775390625,0.6637234091758728
24.014118194580078,261.77337646484375,1.4133660793304443,762.8189086914062,0.049999501556158066,120.58729553222656,28.524431228637695,70.69281768798828,03/20/2023 16:59,6.0,252.0,True,35.00315856933594,6.12833833694458,0.0,6797.15234375,0.0,0.658056914806366
23.24243927001953,241.9379119873047,1.4133915901184082,1493.998046875,0.049999501556158066,122.45391845703125,28.71282196044922,70.23040771484375,03/20/2023 16:55,7.0,46.0,True,31.80736541748047,4.935858249664307,0.0,74569.78125,0.0,0.675683856010437
23.547929763793945,265.1951904296875,499.908203125,0.09999799728393555,3729.5390625,123.49723052978516,29.00096321105957,68.78953552246094,03/20/2023 16:56,7.0,103.0,True,33.19172286987305,6.374120235443115,0.1258823722600937,0.0,95258.7734375,0.6872333288192749
30.55807876586914,277.91937255859375,470.546875,1683.6827392578125,0.049999501556158066,120.91886138916016,27.834138870239258,74.86304473876953,03/20/2023 17:04,6.0,586.0,True,70.04398345947266,7.174046039581299,0.09283120930194855,119617.0625,0.0,0.6559942960739136
25.739330291748047,287.69757080078125,1.4203275442123413,1166.64013671875,0.049999501556158066,119.7315444946289,27.904130935668945,74.5650634765625,03/20/2023 17:02,6.0,455.0,True,42.303260803222656,7.924301624298096,0.0,28857.75390625,0.0,0.6452081799507141
20.547014236450195,269.5164794921875,1.4099576473236084,1491.5440673828125,0.049999501556158066,120.11235046386719,28.68090057373047,69.1565933227539,03/20/2023 17:03,7.0,533.0,True,22.335594177246094,6.68211030960083,0.0,74588.90625,0.0,0.6560078263282776
19.370664596557617,279.51641845703125,1.416078805923462,1038.4053955078125,2788.57421875,120.5798568725586,28.615846633911133,71.37162017822266,03/20/2023 17:03,6.0,526.0,True,18.57242202758789,7.341353893280029,0.0,19211.99609375,18213.201171875,0.6560721397399902
27.777835845947266,249.45352172851562,1.4138596057891846,1307.704833984375,0.049999501556158066,122.6175308227539,28.677709579467773,70.47494506835938,03/20/2023 16:57,6.0,145.0,True,53.62084197998047,5.3611555099487305,0.0,44551.29296875,0.0,0.6769006848335266
25.24502182006836,276.3993835449219,1.418381929397583,1539.878662109375,1851.780517578125,119.09515380859375,27.9930419921875,73.69625854492188,03/20/2023 17:00,6.0,321.0,True,40.12007141113281,7.087135314941406,0.0,83315.296875,4103.8994140625,0.6406593918800354
30.854045867919922,262.81964111328125,1.420232892036438,1357.5565185546875,0.049999501556158066,121.08565521240234,27.132247924804688,76.46334075927734,03/20/2023 16:55,7.0,1.0,True,72.13233947753906,6.134822368621826,0.0,50699.63671875,0.0,0.6578805446624756
27.760433197021484,265.42694091796875,1.421276569366455,1030.3717041015625,0.049999501556158066,122.5032730102539,28.039432525634766,74.54150390625,03/20/2023 16:57,6.0,149.0,True,52.725521087646484,6.296568393707275,0.0,18506.32421875,0.0,0.6704596281051636
29.00882911682129,275.927978515625,1.423351764678955,1554.9208984375,0.049999501556158066,122.32548522949219,27.956295013427734,75.43608093261719,03/20/2023 16:57,7.0,137.0,True,59.76408386230469,7.001965522766113,0.0,85801.140625,0.0,0.6673010587692261
25.661291122436523,288.80419921875,1.4217699766159058,554.095947265625,0.049999501556158066,120.83028411865234,27.946950912475586,74.93619537353516,03/20/2023 16:55,7.0,41.0,True,41.80603790283203,7.99562931060791,0.0,2405.1328125,0.0,0.6544167995452881
29.083749771118164,285.13067626953125,1.4254131317138672,1079.205810546875,0.049999501556158066,122.18377685546875,26.828832626342773,78.9349136352539,03/20/2023 17:03,7.0,522.0,True,59.97063064575195,7.665730953216553,0.0,21610.15234375,0.0,0.6645052433013916
23.26421546936035,268.595703125,1.4111948013305664,0.09999799728393555,3420.762939453125,120.48429870605469,27.93243980407715,71.44403839111328,03/20/2023 17:02,6.0,426.0,True,32.03721618652344,6.606165885925293,0.0,0.0,52662.265625,0.6586276888847351
20.48925018310547,229.65371704101562,1.4079899787902832,1083.2083740234375,0.049999501556158066,120.0496597290039,29.04635238647461,67.5794677734375,03/20/2023 17:00,6.0,337.0,True,22.241535186767578,4.324499607086182,0.0,22658.421875,0.0,0.6568116545677185
26.416217803955078,280.79217529296875,1.4185185432434082,933.7214965820312,0.049999501556158066,121.74581146240234,28.094173431396484,73.48892211914062,03/20/2023 16:59,6.0,272.0,True,45.821407318115234,7.410782814025879,0.0,13234.455078125,0.0,0.6652908325195312
24.525135040283203,263.46661376953125,1.4214814901351929,1671.32763671875,0.049999501556158066,122.1406021118164,27.94982147216797,74.83349609375,03/20/2023 17:04,6.0,560.0,True,36.62596893310547,6.165760040283203,0.0,115809.671875,0.0,0.666894793510437
26.215185165405273,284.16375732421875,1.4213978052139282,1253.89599609375,2398.588134765625,120.92510986328125,27.69866371154785,75.43357849121094,03/20/2023 16:56,7.0,70.0,True,44.54498291015625,7.635937690734863,0.0,37517.45703125,9819.2509765625,0.6555619239807129
29.026657104492188,259.2052001953125,1.4178926944732666,1689.59814453125,0.049999501556158066,120.81272888183594,27.827058792114258,73.94835662841797,03/20/2023 16:56,6.0,103.0,True,60.53536605834961,5.923428535461426,0.0,122059.875,0.0,0.6569745540618896
25.26846694946289,260.6675109863281,1.417635202407837,1096.0321044921875,3118.15966796875,121.09394836425781,28.274503707885742,72.74394226074219,03/20/2023 17:03,7.0,488.0,True,40.290283203125,6.018895149230957,0.0,23181.6484375,30955.369140625,0.6597916483879089
24.552160263061523,235.9848175048828,1.416754961013794,1415.959228515625,2746.95751953125,119.30812072753906,28.48036003112793,71.93598175048828,03/20/2023 17:04,7.0,557.0,True,37.096866607666016,4.591980934143066,0.0,60025.8359375,17039.55078125,0.6437509655952454
21.51131248474121,248.52883911132812,341.68475341796875,1477.1785888671875,0.049999501556158066,120.6234130859375,28.87173843383789,68.44629669189453,03/20/2023 17:03,6.0,483.0,True,25.57471466064453,5.342884540557861,0.02520020306110382,71886.96875,0.0,0.6613105535507202
23.437986373901367,284.19183349609375,1.4161409139633179,1079.563720703125,2141.8037109375,121.85670471191406,27.944236755371094,73.07135772705078,03/20/2023 16:59,6.0,240.0,True,32.416473388671875,7.696988582611084,0.0,22032.24609375,6600.939453125,0.6680368185043335
29.406545639038086,272.5754699707031,1.421607255935669,1703.9320068359375,0.049999501556158066,119.64105224609375,27.95536994934082,74.86123657226562,03/20/2023 16:56,7.0,110.0,True,62.429443359375,6.781239986419678,0.0,125559.140625,0.0,0.6434887647628784
30.324398040771484,271.78936767578125,1.4217183589935303,1325.09033203125,0.049999501556158066,121.4301528930664,27.68566131591797,75.57233428955078,03/20/2023 16:59,7.0,277.0,True,68.33502960205078,6.725135803222656,0.0,46110.77734375,0.0,0.6600573658943176
20.762863159179688,291.9501037597656,1.421862244606018,1210.867919921875,2687.267578125,121.12667083740234,28.02591323852539,74.76934814453125,03/20/2023 16:57,6.0,164.0,True,22.47964096069336,8.248861312866211,0.0,32952.765625,15404.845703125,0.657118022441864
24.378307342529297,229.57565307617188,423.4978942871094,1499.4822998046875,0.049999501556158066,120.31816101074219,29.00021743774414,67.57859802246094,03/20/2023 16:57,7.0,144.0,True,37.00979995727539,4.3227667808532715,0.059512972831726074,76524.71875,0.0,0.6595856547355652
32.25859451293945,236.68960571289062,1.411607265472412,899.9351806640625,0.049999501556158066,122.2785415649414,28.604339599609375,69.90288543701172,03/20/2023 17:02,6.0,432.0,True,83.7153549194336,4.6640496253967285,0.0,11833.7939453125,0.0,0.6753116846084595
31.89715576171875,275.01556396484375,1.4235597848892212,1619.364990234375,0.049999501556158066,122.25294494628906,26.708932876586914,78.62323760986328,03/20/2023 17:03,6.0,505.0,True,79.04092407226562,6.93447208404541,0.0,101191.453125,0.0,0.6664707660675049
28.217510223388672,274.27679443359375,1.4188404083251953,1410.66015625,2288.90478515625,119.0630111694336,27.654529571533203,74.69506072998047,03/20/2023 16:55,6.0,39.0,True,55.59369659423828,6.92942476272583,0.0,58918.2109375,8298.34765625,0.6400477290153503
20.060672760009766,288.01654052734375,1.42348313331604,1468.5848388671875,2847.7001953125,120.40104675292969,27.597400665283203,76.37675476074219,03/20/2023 17:00,6.0,358.0,True,20.264564514160156,7.913149356842041,0.0,68316.8359375,19800.78515625,0.6492316722869873
21.95879364013672,277.4268798828125,1.4201109409332275,1403.067138671875,0.049999501556158066,121.13041687011719,28.17133331298828,73.82514190673828,03/20/2023 17:02,6.0,444.0,True,26.571430206298828,7.144104480743408,0.0,57557.203125,0.0,0.6583853363990784
22.644405364990234,256.405029296875,1.41139817237854,1434.1510009765625,0.049999501556158066,120.14715576171875,28.625858306884766,69.77886962890625,03/20/2023 16:55,6.0,31.0,True,29.589725494384766,5.8029866218566895,0.0,63749.203125,0.0,0.6553165316581726
22.244077682495117,272.5461120605469,275.22271728515625,1175.370361328125,0.049999501556158066,119.1715316772461,28.450153350830078,71.7601547241211,03/20/2023 16:55,6.0,28.0,True,27.82402801513672,6.834927082061768,0.011489614844322205,29902.27734375,0.0,0.6430047750473022
24.98455810546875,252.7831268310547,1.4150041341781616,1396.8477783203125,0.049999501556158066,121.8763427734375,28.548553466796875,71.18081665039062,03/20/2023 17:01,6.0,371.0,True,39.18449401855469,5.550443649291992,0.0,57148.59765625,0.0,0.6690385937690735
19.95099639892578,273.33489990234375,279.5205078125,738.6140747070312,3104.9423828125,121.5150375366211,28.857234954833984,69.95246124267578,03/20/2023 16:56,7.0,102.0,True,20.34343147277832,6.914811611175537,0.01216752827167511,6113.4296875,30451.203125,0.666601836681366
26.655832290649414,254.5865478515625,1.4110994338989258,1594.198974609375,0.049999501556158066,120.987060546875,28.6872615814209,69.52494049072266,03/20/2023 17:04,6.0,555.0,True,47.76588439941406,5.6926374435424805,0.0,97254.21875,0.0,0.6634329557418823
24.49203109741211,249.9261474609375,1.4130289554595947,288.9561462402344,2119.017822265625,121.0506820678711,28.909889221191406,69.61618041992188,03/20/2023 16:58,6.0,208.0,True,37.11011505126953,5.395584583282471,0.0,340.8828125,6392.765625,0.6626560688018799
28.356298446655273,252.10488891601562,498.845947265625,1301.298583984375,2571.3681640625,121.24992370605469,28.73785972595215,68.5702133178711,03/20/2023 17:01,6.0,400.0,True,57.580787658691406,5.561334133148193,0.12515884637832642,44188.5546875,13086.802734375,0.6676849126815796
28.214656829833984,277.3581237792969,1.420954942703247,1185.5845947265625,0.049999501556158066,120.34907531738281,27.513320922851562,75.75020599365234,03/20/2023 17:02,6.0,436.0,True,55.340450286865234,7.130288600921631,0.0,30560.3046875,0.0,0.650505006313324
30.162017822265625,279.1700134277344,1.4205963611602783,1603.0084228515625,0.049999501556158066,124.06697082519531,27.90685272216797,74.64741516113281,03/20/2023 16:57,7.0,156.0,True,67.4138412475586,7.267338275909424,0.0,97629.078125,0.0,0.6857981085777283
22.497661590576172,248.7484893798828,1.4106886386871338,0.09999799728393555,2771.837646484375,121.93785095214844,28.999361038208008,68.6065444946289,03/20/2023 16:57,7.0,126.0,True,29.07391357421875,5.344611644744873,0.0,0.0,17870.509765625,0.6727369427680969
29.9167537689209,282.560302734375,1.421400785446167,866.637451171875,0.049999501556158066,123.51319885253906,27.903715133666992,74.92195129394531,03/20/2023 16:57,6.0,131.0,True,65.70361328125,7.513187885284424,0.0,10220.693359375,0.0,0.6799349784851074
29.691509246826172,234.5646209716797,463.5987243652344,1246.734130859375,2087.258544921875,120.76475524902344,28.80813980102539,68.40477752685547,03/20/2023 17:02,6.0,457.0,True,65.93426513671875,4.571979522705078,0.08855561912059784,37660.484375,6112.7275390625,0.6630702018737793
25.604877471923828,271.2479553222656,456.95013427734375,1486.9317626953125,3122.77978515625,119.48295593261719,28.240272521972656,72.25538635253906,03/20/2023 16:59,6.0,251.0,True,42.031105041503906,6.744412422180176,0.08187074959278107,72820.359375,31268.13671875,0.6459563374519348
26.57863426208496,268.5780334472656,485.9147033691406,1554.3209228515625,1808.26123046875,120.17884826660156,28.463459014892578,69.96910095214844,03/20/2023 16:58,6.0,202.0,True,47.3935432434082,6.609201431274414,0.10986328125,87813.828125,3854.796875,0.6560674905776978
21.88778305053711,265.22650146484375,557.5438232421875,0.09999799728393555,3642.692626953125,120.9559097290039,29.023895263671875,68.93225860595703,03/20/2023 16:59,6.0,276.0,True,26.76522445678711,6.370650768280029,0.22116999328136444,0.0,79908.96875,0.6626102328300476
17.170921325683594,274.3287658691406,1.4177186489105225,0.09999799728393555,2865.77490234375,124.17884826660156,28.927839279174805,71.13845825195312,03/20/2023 16:59,6.0,249.0,True,13.028020858764648,6.944514274597168,0.0,0.0,20541.11328125,0.6889873147010803
24.477218627929688,263.6293029785156,115.49658203125,1321.4344482421875,3253.835205078125,120.8165283203125,27.675090789794922,74.83381652832031,03/20/2023 17:04,6.0,588.0,True,36.56888198852539,6.195058345794678,0.0008029937744140625,45838.328125,38825.140625,0.6559411287307739
22.85250473022461,273.97808837890625,422.7200622558594,1704.5948486328125,0.049999501556158066,120.32425689697266,28.176454544067383,73.2385482788086,03/20/2023 17:03,6.0,525.0,True,29.96569061279297,6.912712574005127,0.05793558061122894,126562.359375,0.0,0.6520665884017944
23.734519958496094,287.6123962402344,1.4208346605300903,1359.2760009765625,3135.73046875,122.62126159667969,27.896024703979492,74.75355529785156,03/20/2023 17:02,7.0,474.0,True,33.31522750854492,7.911691188812256,0.0,50885.12890625,31734.1640625,0.6718912124633789
24.722383499145508,268.10986328125,1.4169305562973022,1458.9853515625,0.049999501556158066,120.5793228149414,28.17215347290039,72.76506042480469,03/20/2023 16:55,6.0,30.0,True,37.842750549316406,6.517660140991211,0.0,67438.8984375,0.0,0.6554676294326782
20.954885482788086,274.605224609375,462.531005859375,1465.4166259765625,0.049999501556158066,120.0748519897461,28.606502532958984,71.14276123046875,03/20/2023 16:57,6.0,142.0,True,23.399517059326172,6.988783359527588,0.08660031855106354,68831.5625,0.0,0.6518805027008057
28.651504516601562,264.69134521484375,1.4182888269424438,1333.2042236328125,0.049999501556158066,121.47883605957031,28.081491470336914,73.44412994384766,03/20/2023 17:04,7.0,542.0,True,58.21345901489258,6.275247573852539,0.0,47507.4296875,0.0,0.6629427075386047
19.12845802307129,255.95700073242188,1.4176816940307617,0.09999799728393555,3375.649169921875,123.12977600097656,28.778949737548828,71.49832916259766,03/20/2023 16:56,6.0,113.0,True,17.845178604125977,5.722099304199219,0.0,0.0,48140.828125,0.6789944767951965
22.509746551513672,258.87353515625,1.4077357053756714,704.702880859375,0.049999501556158066,120.89588928222656,29.132375717163086,67.27853393554688,03/20/2023 17:01,6.0,412.0,True,29.295047760009766,5.991062164306641,0.0,5309.224609375,0.0,0.6649808287620544
13.540475845336914,248.2278594970703,1.412590503692627,448.9316711425781,0.049999501556158066,122.50836181640625,28.901119232177734,69.49102783203125,03/20/2023 16:55,7.0,11.0,True,6.601879119873047,5.299263954162598,0.0,1278.318359375,0.0,0.676784873008728
30.84377670288086,244.41836547851562,1.4190713167190552,1622.6837158203125,0.049999501556158066,119.9960708618164,26.83418846130371,76.82266998291016,03/20/2023 16:57,7.0,132.0,True,72.230712890625,5.032476902008057,0.0,102948.453125,0.0,0.6485329270362854
27.3456974029541,265.6899108886719,1.417216420173645,1208.7161865234375,0.049999501556158066,121.8843765258789,28.447141647338867,72.1728286743164,03/20/2023 17:00,6.0,340.0,True,50.85737609863281,6.351579189300537,0.0,33038.1796875,0.0,0.6675275564193726
20.330156326293945,248.5144805908203,1.4140714406967163,1621.200439453125,0.049999501556158066,120.82563781738281,28.80226707458496,70.2344741821289,03/20/2023 17:04,7.0,550.0,True,21.474061965942383,5.304472923278809,0.0,103574.453125,0.0,0.6597965955734253
30.19597816467285,271.87408447265625,1.422855257987976,1727.4296875,0.049999501556158066,120.0925064086914,27.35238265991211,76.78174591064453,03/20/2023 17:01,6.0,380.0,True,67.33064270019531,6.719905376434326,0.0,132727.546875,0.0,0.6468060612678528
24.502361297607422,259.89105224609375,1.4117827415466309,0.09999799728393555,0.049999501556158066,119.11392974853516,28.846345901489258,69.3568344116211,03/20/2023 16:59,6.0,251.0,True,37.25010681152344,6.020657062530518,0.0,0.0,0.0,0.6453917622566223
22.37184715270996,281.9750061035156,1.4182322025299072,1113.776611328125,0.049999501556158066,121.60072326660156,28.19101905822754,73.15150451660156,03/20/2023 17:00,6.0,344.0,True,28.166881561279297,7.503412246704102,0.0,24520.28125,0.0,0.6641293168067932
27.647140502929688,259.9746398925781,575.7650756835938,1786.2606201171875,2466.609375,117.51792907714844,27.872554779052734,75.03599548339844,03/20/2023 16:58,7.0,235.0,True,52.070533752441406,5.9408721923828125,0.26036274433135986,153617.265625,10917.7333984375,0.6240716576576233
31.11336898803711,269.70751953125,1.4219777584075928,1538.83935546875,0.049999501556158066,121.65763854980469,27.5154972076416,76.0835952758789,03/20/2023 17:02,6.0,436.0,True,73.67665100097656,6.578642845153809,0.0,82506.125,0.0,0.6620053648948669
26.84592056274414,260.55792236328125,1.4179482460021973,1607.1124267578125,2257.4296875,120.6196060180664,28.16701316833496,73.11695098876953,03/20/2023 17:04,7.0,563.0,True,48.10175704956055,6.009122371673584,0.0,99170.296875,7907.20703125,0.6551293134689331
24.620067596435547,254.93325805664062,1.4159096479415894,904.8742065429688,0.049999501556158066,122.08541107177734,28.644567489624023,71.24334716796875,03/20/2023 17:01,7.0,379.0,True,37.46257400512695,5.673868656158447,0.0,11953.8515625,0.0,0.670365571975708
27.452041625976562,276.2063293457031,1.4191534519195557,1584.24755859375,0.049999501556158066,119.1562728881836,27.327381134033203,75.61698150634766,03/20/2023 16:57,7.0,128.0,True,51.240211486816406,7.065138816833496,0.0,93313.5625,0.0,0.6406945586204529
23.30526351928711,266.6148986816406,1.418380618095398,1634.416259765625,0.049999501556158066,121.4658203125,28.288063049316406,72.9582748413086,03/20/2023 17:04,7.0,552.0,True,31.737686157226562,6.402733325958252,0.0,106195.921875,0.0,0.6627551317214966
20.665733337402344,279.3009338378906,511.6444396972656,1385.662841796875,0.049999501556158066,119.2016372680664,28.72115707397461,69.84283447265625,03/20/2023 16:58,7.0,181.0,True,22.606908798217773,7.36595344543457,0.1409243494272232,55702.07421875,0.0,0.645849883556366
29.11441421508789,291.8877868652344,1.4210450649261475,1364.474853515625,0.049999501556158066,120.30982971191406,28.078033447265625,74.3682861328125,03/20/2023 17:04,7.0,555.0,True,60.68856430053711,8.253592491149902,0.0,51611.421875,0.0,0.6500774621963501
28.11490249633789,272.4931945800781,1.4208685159683228,1712.210693359375,0.049999501556158066,122.05999755859375,28.254247665405273,73.86923217773438,03/20/2023 16:57,7.0,168.0,True,54.77613830566406,6.782769680023193,0.0,128340.734375,0.0,0.666573166847229
23.28310203552246,268.5078125,1.4193214178085327,1392.1678466796875,0.049999501556158066,120.79547119140625,28.25354766845703,73.3573989868164,03/20/2023 16:58,7.0,180.0,True,31.589290618896484,6.522008419036865,0.0,55937.56640625,0.0,0.6558083891868591
25.45045280456543,250.6543731689453,1.415539264678955,1647.1944580078125,0.049999501556158066,120.69108581542969,28.63361930847168,71.14698791503906,03/20/2023 16:56,6.0,75.0,True,41.32266616821289,5.418806552886963,0.0,110287.796875,0.0,0.6574947834014893
33.04962921142578,235.74331665039062,1.412302851676941,486.62725830078125,0.049999501556158066,119.25199127197266,28.57032012939453,70.22147369384766,03/20/2023 16:55,7.0,33.0,True,89.80414581298828,4.6093220710754395,0.0,1637.841796875,0.0,0.6463155746459961
27.99981689453125,303.32574462890625,1.4228075742721558,1349.5255126953125,0.049999501556158066,121.71656799316406,27.62933921813965,76.07362365722656,03/20/2023 16:59,7.0,272.0,True,53.907833099365234,9.209962844848633,0.0,49316.5078125,0.0,0.6619705557823181
27.000295639038086,283.75860595703125,383.81390380859375,1576.51611328125,2828.1171875,120.12109375,27.946760177612305,74.52100372314453,03/20/2023 16:57,7.0,172.0,True,48.666343688964844,7.614567279815674,0.038752391934394836,91232.265625,19272.490234375,0.6486912965774536
25.439594268798828,279.2062072753906,1.420409917831421,1327.6029052734375,0.049999501556158066,122.06954193115234,27.723299026489258,75.04444122314453,03/20/2023 16:56,6.0,115.0,True,40.86664962768555,7.271997451782227,0.0,46561.6796875,0.0,0.6669902801513672
24.673906326293945,278.5523376464844,1.4226030111312866,1750.669189453125,0.049999501556158066,120.7632064819336,27.979768753051758,75.1298599243164,03/20/2023 16:55,7.0,20.0,True,37.19715118408203,7.2005720138549805,0.0,140576.890625,0.0,0.6532096862792969
31.121196746826172,286.64727783203125,1.424727201461792,1274.16943359375,0.049999501556158066,119.10648345947266,27.653461456298828,76.64718627929688,03/20/2023 17:02,6.0,447.0,True,73.32433319091797,7.791224002838135,0.0,39565.9140625,0.0,0.6364310383796692
27.19827651977539,275.7299499511719,1.4200427532196045,0.09999799728393555,0.049999501556158066,121.91568756103516,28.145999908447266,73.86587524414062,03/20/2023 17:03,7.0,538.0,True,49.77042007446289,7.021528244018555,0.0,0.0,0.0,0.6658036112785339
31.471744537353516,287.0848083496094,1.4196674823760986,0.09999799728393555,0.049999501556158066,122.1857681274414,27.3983211517334,75.61045837402344,03/20/2023 17:04,7.0,559.0,True,76.56631469726562,7.8834075927734375,0.0,0.0,0.0,0.6686163544654846
26.748050689697266,258.3173522949219,1.4173482656478882,1618.46484375,0.049999501556158066,120.30601501464844,28.260129928588867,72.6843490600586,03/20/2023 17:02,7.0,477.0,True,47.645957946777344,5.8720526695251465,0.0,102196.984375,0.0,0.6526211500167847
21.023727416992188,268.53271484375,1.4207795858383179,1435.0550537109375,3195.26708984375,120.2977523803711,27.513004302978516,75.6928482055664,03/20/2023 16:59,6.0,292.0,True,23.36577606201172,6.5098347663879395,0.0,62738.21875,35073.19140625,0.6501498818397522
32.01799774169922,261.82391357421875,1.4246952533721924,1435.722412109375,0.049999501556158066,123.51091003417969,27.17418098449707,77.83489990234375,03/20/2023 17:00,6.0,329.0,True,79.74644470214844,6.030993461608887,0.0,62372.32421875,0.0,0.6775246858596802
26.248550415039062,272.02777099609375,1.4175169467926025,1425.4461669921875,0.049999501556158066,120.05716705322266,28.075042724609375,73.20323944091797,03/20/2023 17:03,6.0,491.0,True,45.06343078613281,6.783267498016357,0.0,61510.6875,0.0,0.6501832008361816
24.254308700561523,265.13861083984375,1.4136306047439575,1015.044189453125,0.049999501556158066,121.645751953125,28.525619506835938,70.77845764160156,03/20/2023 16:57,6.0,142.0,True,36.01997375488281,6.348052501678467,0.0,17827.6484375,0.0,0.6678441166877747
19.352108001708984,273.4795227050781,490.3028259277344,0.09999799728393555,3857.88525390625,122.28105163574219,28.220382690429688,70.92359924316406,03/20/2023 17:02,7.0,438.0,True,18.682327270507812,6.94398832321167,0.11447900533676147,0.0,125147.6015625,0.6752038598060608
19.81332015991211,258.1134033203125,1.4113552570343018,1193.921630859375,2863.75634765625,120.73320007324219,28.95273780822754,68.94721984863281,03/20/2023 16:59,6.0,258.0,True,20.029014587402344,5.910914897918701,0.0,31948.857421875,20655.79296875,0.6608566641807556
32.1405029296875,275.91668701171875,1.4231473207473755,1017.9357299804688,0.049999501556158066,123.06295013427734,28.12396812438965,74.94928741455078,03/20/2023 17:01,7.0,394.0,True,80.90299987792969,7.003238677978516,0.0,17672.296875,0.0,0.6744027137756348
28.537145614624023,271.78997802734375,1.4205180406570435,0.09999799728393555,1780.4547119140625,122.30384826660156,27.822111129760742,74.83332061767578,03/20/2023 16:56,7.0,76.0,True,57.27360916137695,6.736964702606201,0.0,0.0,3628.13671875,0.6691213250160217
29.125442504882812,265.28033447265625,1.419732928276062,1689.1346435546875,0.049999501556158066,119.80670166015625,27.908676147460938,74.35628509521484,03/20/2023 17:03,6.0,506.0,True,60.91736602783203,6.301032066345215,0.0,121479.9375,0.0,0.64631587266922
25.382450103759766,264.4577941894531,1.4135428667068481,859.08056640625,3035.37841796875,119.89469909667969,28.324132919311523,71.25276184082031,03/20/2023 17:04,7.0,551.0,True,41.16563415527344,6.303445339202881,0.0,10078.673828125,27160.84375,0.6514450907707214
29.235620498657227,283.7120056152344,1.4189932346343994,1654.1834716796875,0.049999501556158066,120.11357116699219,28.238250732421875,73.28656768798828,03/20/2023 17:00,7.0,333.0,True,61.69084167480469,7.627927780151367,0.0,111483.890625,0.0,0.6496797800064087
21.12875747680664,262.4512939453125,1.4156880378723145,0.09999799728393555,2103.1298828125,122.75862884521484,28.661949157714844,71.12590789794922,03/20/2023 17:02,6.0,446.0,True,23.953720092773438,6.151641845703125,0.0,0.0,6209.595703125,0.6769135594367981
26.47928810119629,264.9981689453125,1.4141991138458252,0.09999799728393555,1601.126708984375,120.5365982055664,28.548412322998047,70.91185760498047,03/20/2023 17:03,7.0,506.0,True,46.54865264892578,6.333383560180664,0.0,0.0,2677.04296875,0.6569923758506775
26.73872947692871,274.64178466796875,343.1519775390625,1749.4071044921875,0.049999501556158066,120.54878234863281,28.195558547973633,72.92372131347656,03/20/2023 17:04,7.0,556.0,True,47.574684143066406,6.968344688415527,0.025234773755073547,141530.125,0.0,0.6547242403030396
27.513662338256836,269.8599548339844,1.4180270433425903,1226.9072265625,0.049999501556158066,121.24224853515625,27.83953285217285,73.96188354492188,03/20/2023 16:59,7.0,283.0,True,51.69673538208008,6.627213954925537,0.0,34847.09765625,0.0,0.6609060764312744
24.000354766845703,269.91156005859375,1.418611764907837,1651.8223876953125,0.049999501556158066,119.74051666259766,28.327112197875977,72.93751525878906,03/20/2023 17:01,6.0,406.0,True,34.575340270996094,6.6251115798950195,0.0,110907.515625,0.0,0.6464782357215881
21.873043060302734,260.6695251464844,486.8753967285156,1163.198974609375,3286.343505859375,120.98820495605469,29.050537109375,68.49822235107422,03/20/2023 17:03,6.0,508.0,True,26.77190399169922,6.080103874206543,0.11090420186519623,29093.455078125,41556.58203125,0.6636959910392761
21.6644344329834,249.35122680664062,1.4119908809661865,1378.278076171875,3115.8681640625,119.60740661621094,28.03253746032715,71.46125793457031,03/20/2023 16:56,6.0,94.0,True,25.966421127319336,5.3698410987854,0.0,54603.28125,31078.90234375,0.6498479843139648
25.164958953857422,282.84661865234375,1.422486424446106,1467.94580078125,2842.10888671875,125.06126403808594,28.006900787353516,75.02340698242188,03/20/2023 16:57,6.0,153.0,True,39.42005920410156,7.523069381713867,0.0,68333.0078125,19652.384765625,0.6939218044281006
29.564096450805664,265.73297119140625,1.419111967086792,1883.1690673828125,0.049999501556158066,121.1010513305664,28.092697143554688,73.68988037109375,03/20/2023 17:02,6.0,451.0,True,63.74039840698242,6.3368754386901855,0.0,194640.765625,0.0,0.6588148474693298
25.034040451049805,273.83526611328125,1.4186182022094727,1500.16162109375,0.049999501556158066,121.11334228515625,28.33957862854004,72.90849304199219,03/20/2023 16:58,6.0,226.0,True,39.12553405761719,6.900171279907227,0.0,75023.15625,0.0,0.6592786908149719
30.907495498657227,276.802978515625,1.423072099685669,1408.77099609375,0.049999501556158066,122.47691345214844,27.516826629638672,76.44239807128906,03/20/2023 17:00,6.0,355.0,True,72.08789825439453,7.068000316619873,0.0,58129.375,0.0,0.6689256429672241
22.986154556274414,256.0290222167969,1.4158374071121216,1307.88134765625,1444.5118408203125,121.30680084228516,27.992902755737305,72.84834289550781,03/20/2023 16:55,6.0,20.0,True,30.63907241821289,5.742018699645996,0.0,44400.8359375,2001.470703125,0.6630678772926331
24.324583053588867,273.8013000488281,1.417012095451355,0.09999799728393555,2781.80419921875,120.76506042480469,28.377809524536133,72.27808380126953,03/20/2023 17:00,6.0,300.0,True,36.078895568847656,6.913969039916992,0.0,0.0,17996.169921875,0.6571488380432129
23.148067474365234,293.0727233886719,1.4232518672943115,1422.887451171875,2408.42529296875,120.80712890625,27.829750061035156,75.7193832397461,03/20/2023 16:57,7.0,158.0,True,30.81061363220215,8.324277877807617,0.0,60399.88671875,9945.984375,0.6531658172607422
26.656124114990234,250.4486083984375,1.410024881362915,978.3466186523438,3029.803955078125,121.1343994140625,28.726747512817383,69.06465911865234,03/20/2023 17:02,6.0,423.0,True,47.87184524536133,5.4505414962768555,0.0,15799.9560546875,27045.8203125,0.6655951142311096
24.084049224853516,262.54443359375,1.4184911251068115,0.09999799728393555,3004.01220703125,122.69178771972656,28.35138511657715,72.83673095703125,03/20/2023 17:00,6.0,310.0,True,34.93842315673828,6.132526874542236,0.0,0.0,25631.1953125,0.6742475032806396
24.328603744506836,220.5577850341797,1.4116592407226562,1340.82373046875,0.049999501556158066,121.8574447631836,28.71994972229004,69.63135528564453,03/20/2023 16:56,6.0,105.0,True,36.490055084228516,3.8637917041778564,0.0,49183.33984375,0.0,0.6712704300880432
28.68691635131836,266.1159362792969,1.4210186004638672,1419.1644287109375,0.049999501556158066,121.4677963256836,27.679166793823242,75.35667419433594,03/20/2023 17:03,6.0,512.0,True,58.10447692871094,6.344770908355713,0.0,60050.33203125,0.0,0.6609044671058655
27.1273193359375,280.02716064453125,1.4165031909942627,1499.2662353515625,0.049999501556158066,121.00396728515625,28.223793029785156,72.49336242675781,03/20/2023 17:00,6.0,356.0,True,49.7441520690918,7.37505578994751,0.0,75157.0234375,0.0,0.6597484350204468
31.407379150390625,268.2240295410156,1.4232842922210693,1464.4549560546875,0.049999501556158066,123.63521575927734,27.499771118164062,76.55513763427734,03/20/2023 16:57,7.0,167.0,True,75.55189514160156,6.465207099914551,0.0,67590.453125,0.0,0.6797254085540771
25.790035247802734,249.9132080078125,1.4146392345428467,1569.979248046875,0.049999501556158066,120.2187271118164,28.176393508911133,71.9891586303711,03/20/2023 16:55,6.0,46.0,True,43.04057693481445,5.382099151611328,0.0,90748.8125,0.0,0.6537051200866699
32.20146179199219,266.84857177734375,499.6993713378906,1480.7547607421875,0.049999501556158066,119.94612884521484,28.03209114074707,74.3709716796875,03/20/2023 17:04,7.0,554.0,True,81.7584457397461,6.396693229675293,0.12354151904582977,70960.984375,0.0,0.6469350457191467
30.767993927001953,262.1368713378906,1.4184458255767822,933.626708984375,2773.22900390625,119.60125732421875,27.79981803894043,74.2005615234375,03/20/2023 17:00,6.0,308.0,True,71.79890441894531,6.1064677238464355,0.0,13231.7568359375,17719.041015625,0.6453008651733398
25.151683807373047,281.84954833984375,1.4217976331710815,0.09999799728393555,3302.740478515625,123.50022888183594,27.99284553527832,74.83063507080078,03/20/2023 16:58,7.0,210.0,True,39.41373825073242,7.454973220825195,0.0,0.0,42109.5,0.6795233488082886
25.715356826782227,275.16485595703125,1.4221733808517456,1374.9715576171875,0.049999501556158066,121.8260269165039,27.399246215820312,76.43900299072266,03/20/2023 16:57,6.0,145.0,True,42.03095245361328,6.959178924560547,0.0,53030.96875,0.0,0.663446307182312
28.77459716796875,261.13140869140625,1.4125645160675049,1323.3218994140625,0.049999501556158066,119.91242980957031,28.419883728027344,70.68534851074219,03/20/2023 17:02,6.0,461.0,True,59.6402702331543,6.0938005447387695,0.0,46710.984375,0.0,0.6522969007492065
25.611907958984375,272.4642639160156,1.4124066829681396,1263.3045654296875,0.049999501556158066,120.25362396240234,28.53417205810547,70.34671020507812,03/20/2023 17:01,6.0,377.0,True,42.36500549316406,6.86521577835083,0.0,39261.53515625,0.0,0.6556037068367004
21.694448471069336,255.69284057617188,1.4162894487380981,1592.1064453125,2348.083740234375,120.87115478515625,28.402395248413086,71.97554016113281,03/20/2023 16:56,6.0,83.0,True,25.84561538696289,5.717446327209473,0.0,95750.875,9137.4658203125,0.6586534976959229
27.4991397857666,264.1025695800781,1.4150278568267822,1326.32470703125,0.049999501556158066,120.13094329833984,28.081953048706055,72.355224609375,03/20/2023 16:59,7.0,280.0,True,51.93069839477539,6.266190528869629,0.0,46885.1796875,0.0,0.6526118516921997
23.90579605102539,253.6887969970703,1.4162395000457764,1523.959228515625,2904.807861328125,120.531005859375,28.132387161254883,72.63387298583984,03/20/2023 16:59,7.0,299.0,True,34.34197998046875,5.595192909240723,0.0,80253.515625,21907.7734375,0.6555017828941345
26.31912612915039,269.6850891113281,1.411872386932373,0.09999799728393555,2478.21923828125,120.41043853759766,28.781375885009766,69.54935455322266,03/20/2023 16:57,7.0,148.0,True,45.942630767822266,6.675060749053955,0.0,0.0,11265.953125,0.6574531197547913
23.32440757751465,249.4013671875,1.4105308055877686,1481.7645263671875,0.049999501556158066,120.79280090332031,28.798213958740234,69.05630493164062,03/20/2023 17:02,7.0,450.0,True,32.32415008544922,5.384332656860352,0.0,72590.5390625,0.0,0.6620059013366699
20.728313446044922,279.9696044921875,1.414142370223999,1238.3651123046875,3243.45849609375,121.6911849975586,28.362123489379883,71.35860443115234,03/20/2023 17:03,7.0,505.0,True,22.722320556640625,7.396266460418701,0.0,36339.40625,38418.875,0.6679063439369202
27.301015853881836,254.6631317138672,1.4113905429840088,0.09999799728393555,2562.390869140625,120.90742492675781,28.681447982788086,69.63731384277344,03/20/2023 17:04,7.0,546.0,True,51.214481353759766,5.694922924041748,0.0,0.0,12855.609375,0.662473738193512
25.001955032348633,257.18072509765625,1.4183886051177979,1283.9124755859375,2406.246826171875,121.85140228271484,27.953702926635742,73.79684448242188,03/20/2023 16:55,7.0,43.0,True,38.996673583984375,5.792016506195068,0.0,41216.3984375,9978.6650390625,0.6663782596588135
31.939998626708984,271.218994140625,347.8426208496094,1566.0416259765625,0.049999501556158066,122.1491470336914,28.15082359313965,74.07131958007812,03/20/2023 17:04,6.0,583.0,True,79.81393432617188,6.69539737701416,0.026416167616844177,88768.03125,0.0,0.6675341129302979
27.11471939086914,253.55838012695312,1.4198262691497803,1443.573974609375,0.049999501556158066,120.6205825805664,27.19515609741211,76.17111206054688,03/20/2023 16:58,6.0,201.0,True,49.34375762939453,5.558060169219971,0.0,64324.75390625,0.0,0.6538213491439819
25.04783821105957,266.1259460449219,1.4201768636703491,1592.1612548828125,0.049999501556158066,121.35465240478516,27.534278869628906,75.439697265625,03/20/2023 17:01,6.0,403.0,True,39.0656852722168,6.353236198425293,0.0,95036.34375,0.0,0.6604387760162354
28.978687286376953,261.50347900390625,407.4933776855469,1550.0062255859375,3227.357421875,119.13987731933594,27.268943786621094,75.55716705322266,03/20/2023 17:04,6.0,540.0,True,60.163108825683594,6.064723014831543,0.049636662006378174,85516.25,37151.21484375,0.6409681439399719
22.08305549621582,290.1342468261719,1.4149324893951416,0.09999799728393555,3155.5361328125,122.8338394165039,28.691041946411133,70.80066680908203,03/20/2023 16:57,6.0,147.0,True,27.297941207885742,8.18376636505127,0.0,0.0,33070.03125,0.6781793236732483
28.835205078125,255.7640838623047,1.4200222492218018,1544.864990234375,0.049999501556158066,121.42155456542969,27.81492042541504,74.68675994873047,03/20/2023 17:04,7.0,550.0,True,59.112098693847656,5.690710067749023,0.0,84134.078125,0.0,0.661175549030304
25.022289276123047,274.4696350097656,1.4152629375457764,1154.756591796875,0.049999501556158066,121.32972717285156,28.608041763305664,71.11859130859375,03/20/2023 16:57,6.0,125.0,True,39.337745666503906,6.979644775390625,0.0,28085.552734375,0.0,0.6636929512023926
25.4774169921875,265.1754150390625,173.63095092773438,0.09999799728393555,3012.265380859375,119.49189758300781,28.63237953186035,71.67852783203125,03/20/2023 16:55,6.0,21.0,True,41.318695068359375,6.318121910095215,0.0026362836360931396,0.0,26026.75390625,0.6452017426490784
26.112939834594727,258.4151611328125,1.415748119354248,1421.43408203125,0.049999501556158066,120.0820541381836,27.988534927368164,72.82945251464844,03/20/2023 16:57,7.0,153.0,True,44.542137145996094,5.89199161529541,0.0,61052.40625,0.0,0.6516507863998413
27.48981285095215,262.44415283203125,1.4209470748901367,1684.8377685546875,2434.265869140625,119.34681701660156,27.57468605041504,75.59419250488281,03/20/2023 16:58,6.0,238.0,True,51.261940002441406,6.10407829284668,0.0,119903.0,10388.3486328125,0.6412234306335449
30.101465225219727,271.1173400878906,1.417927861213684,1516.6343994140625,0.049999501556158066,119.19950866699219,28.184450149536133,73.06661224365234,03/20/2023 17:01,7.0,405.0,True,67.37762451171875,6.715447902679443,0.0,78462.9921875,0.0,0.6419363617897034
25.23408317565918,285.1781005859375,1.4190330505371094,0.09999799728393555,0.049999501556158066,122.85221099853516,28.262577056884766,73.23900604248047,03/20/2023 17:03,6.0,508.0,True,40.01641845703125,7.741042137145996,0.0,0.0,0.0,0.6753767728805542
12.635042190551758,258.29541015625,1.411588191986084,0.09999799728393555,3307.5615234375,122.9387435913086,29.101821899414062,68.65274810791016,03/20/2023 17:02,7.0,462.0,True,5.412688255310059,5.920438289642334,0.0,0.0,43066.1484375,0.6816264986991882
22.717891693115234,264.11566162109375,1.4177978038787842,1193.043701171875,0.049999501556158066,122.27510833740234,28.444656372070312,72.37276458740234,03/20/2023 17:00,7.0,305.0,True,29.486862182617188,6.241702556610107,0.0,31461.71875,0.0,0.670802116394043
16.614456176757812,278.10992431640625,1.4174537658691406,1382.26708984375,2932.73974609375,122.07618713378906,28.577608108520508,71.92579650878906,03/20/2023 16:55,7.0,36.0,True,11.843376159667969,7.2221832275390625,0.0,54622.3046875,22873.984375,0.6691687107086182
25.416873931884766,286.299072265625,1.4196202754974365,1144.655029296875,0.049999501556158066,119.45782470703125,28.179555892944336,73.64164733886719,03/20/2023 16:59,6.0,252.0,True,40.82463073730469,7.822052955627441,0.0,26976.830078125,0.0,0.6431615948677063
26.404743194580078,272.8522033691406,1.4149556159973145,878.9334716796875,2332.56640625,121.72969818115234,28.619102478027344,70.98822021484375,03/20/2023 16:56,7.0,76.0,True,46.093994140625,6.867125988006592,0.0,10853.7890625,8934.4677734375,0.6676868796348572
26.828563690185547,278.2306823730469,1.4248536825180054,622.99658203125,0.049999501556158066,125.03926849365234,27.57379722595215,76.88812255859375,03/20/2023 17:03,6.0,489.0,True,47.34657669067383,7.153472900390625,0.0,3458.4453125,0.0,0.6919592618942261
23.470705032348633,273.6277160644531,1.4164975881576538,1292.76708984375,3349.44580078125,120.0560531616211,28.214717864990234,72.51419830322266,03/20/2023 17:03,7.0,504.0,True,32.525718688964844,6.9067864418029785,0.0,42448.41796875,46033.109375,0.650884211063385
26.75644874572754,268.44305419921875,372.41485595703125,0.09999799728393555,1929.34326171875,121.64764404296875,28.528854370117188,71.46047973632812,03/20/2023 16:56,7.0,96.0,True,47.84984588623047,6.55225944519043,0.034679219126701355,0.0,4684.68359375,0.6663832068443298
28.40451431274414,273.3312683105469,1.4207810163497925,1741.913330078125,0.049999501556158066,119.9081039428711,27.756057739257812,75.08570861816406,03/20/2023 16:55,6.0,12.0,True,56.46350860595703,6.842703342437744,0.0,138089.515625,0.0,0.6465311646461487
30.682796478271484,285.039306640625,1.42524254322052,1536.7847900390625,0.049999501556158066,122.64570617675781,27.315574645996094,77.6618423461914,03/20/2023 17:01,7.0,389.0,True,70.24490356445312,7.660584449768066,0.0,81542.4296875,0.0,0.6689648032188416
25.745880126953125,267.68182373046875,470.3450622558594,1724.7969970703125,0.049999501556158066,119.8893814086914,28.390125274658203,71.28558349609375,03/20/2023 16:59,6.0,267.0,True,42.868499755859375,6.515152931213379,0.09372757375240326,134147.46875,0.0,0.6509819626808167
28.940038681030273,270.4918518066406,552.0943603515625,1332.415283203125,3176.358642578125,118.81028747558594,27.406190872192383,75.79220581054688,03/20/2023 17:03,6.0,531.0,True,59.71693801879883,6.649095058441162,0.20651358366012573,47216.734375,33995.6953125,0.6367376446723938
27.962871551513672,271.67071533203125,1.4201171398162842,1513.011474609375,0.049999501556158066,120.50596618652344,27.950286865234375,74.37986755371094,03/20/2023 17:00,6.0,304.0,True,53.99088668823242,6.732570648193359,0.0,77385.0625,0.0,0.6525496244430542
22.114877700805664,232.1762237548828,1.4104832410812378,960.6600952148438,0.049999501556158066,123.46974182128906,28.97360610961914,68.60175323486328,03/20/2023 16:58,6.0,210.0,True,27.661731719970703,4.4363603591918945,0.0,14823.099609375,0.0,0.6875333786010742
26.151697158813477,275.6046447753906,1.4216747283935547,1535.07958984375,0.049999501556158066,120.48046875,28.179502487182617,74.32327270507812,03/20/2023 16:55,6.0,6.0,True,44.20417785644531,6.9958109855651855,0.0,81748.4375,0.0,0.6512259840965271
26.826181411743164,276.5316467285156,1.418467402458191,1200.0262451171875,0.049999501556158066,121.9969253540039,27.862001419067383,74.05231475830078,03/20/2023 17:00,6.0,333.0,True,47.94755935668945,7.09587287902832,0.0,32097.703125,0.0,0.6676940321922302
27.11394691467285,271.73602294921875,1.420087456703186,1632.364990234375,0.049999501556158066,121.70549011230469,27.8984317779541,74.4996337890625,03/20/2023 17:01,6.0,370.0,True,49.31362533569336,6.737429141998291,0.0,105293.578125,0.0,0.6637949347496033
22.249683380126953,266.43206787109375,1.4142358303070068,1644.0889892578125,0.049999501556158066,121.84893798828125,28.56643295288086,70.87910461425781,03/20/2023 17:01,6.0,395.0,True,27.94430923461914,6.4293341636657715,0.0,109709.6875,0.0,0.6693316698074341
28.836612701416016,260.4680480957031,432.1533203125,0.09999799728393555,3802.688720703125,121.09501647949219,28.997013092041016,67.65869903564453,03/20/2023 17:02,6.0,431.0,True,60.59626770019531,6.092885494232178,0.06489379703998566,0.0,111586.5546875,0.666778564453125
26.669551849365234,259.6258850097656,1.4144619703292847,1648.0645751953125,0.049999501556158066,119.49896240234375,28.471424102783203,71.19227600097656,03/20/2023 17:03,6.0,511.0,True,47.513004302978516,5.980081558227539,0.0,110764.0625,0.0,0.6471131443977356
29.364791870117188,266.5356750488281,1.4204660654067993,1565.4017333984375,0.049999501556158066,121.79825592041016,27.781261444091797,74.91815185546875,03/20/2023 17:04,7.0,576.0,True,62.31187438964844,6.377955913543701,0.0,88661.671875,0.0,0.6643977761268616
21.10869026184082,268.401123046875,1.4120768308639526,941.0653076171875,0.049999501556158066,121.20902252197266,28.821958541870117,69.51653289794922,03/20/2023 17:03,7.0,511.0,True,24.062788009643555,6.584210395812988,0.0,13767.3408203125,0.0,0.6648300886154175
26.272314071655273,287.3050842285156,1.419937252998352,1395.55224609375,0.049999501556158066,121.7863540649414,28.174270629882812,73.76012420654297,03/20/2023 16:55,6.0,12.0,True,44.96300506591797,7.897715091705322,0.0,56395.44140625,0.0,0.6646619439125061
28.59322166442871,282.2012939453125,1.4198524951934814,0.09999799728393555,0.049999501556158066,121.42816162109375,28.280746459960938,73.46588134765625,03/20/2023 17:04,6.0,573.0,True,57.68301010131836,7.502854824066162,0.0,0.0,0.0,0.6613577008247375
27.312915802001953,263.0384521484375,1.4191696643829346,1598.1864013671875,0.049999501556158066,121.14213562011719,28.206058502197266,73.42569732666016,03/20/2023 17:00,6.0,340.0,True,50.47866439819336,6.1586174964904785,0.0,96703.921875,0.0,0.6591590642929077
21.010265350341797,242.6595001220703,1.4149494171142578,0.09999799728393555,3585.793701171875,123.57057189941406,29.023317337036133,69.97559356689453,03/20/2023 17:04,6.0,551.0,True,23.598552703857422,4.964543342590332,0.0,0.0,71222.953125,0.6852020621299744
26.72837257385254,283.95989990234375,1.4215065240859985,1321.096435546875,0.049999501556158066,120.75975036621094,27.919963836669922,74.91633605957031,03/20/2023 17:02,7.0,426.0,True,47.14552307128906,7.6190385818481445,0.0,45606.515625,0.0,0.653943657875061
27.267681121826172,273.190673828125,1.4208042621612549,1543.6566162109375,0.049999501556158066,119.69832611083984,28.093053817749023,74.25090026855469,03/20/2023 17:03,7.0,526.0,True,50.067779541015625,6.832533359527588,0.0,83741.234375,0.0,0.6445714235305786
23.476421356201172,266.6717529296875,1.4169620275497437,1695.3433837890625,0.049999501556158066,120.36309814453125,28.14946937561035,72.83226013183594,03/20/2023 16:58,6.0,208.0,True,32.51835632324219,6.419857025146484,0.0,124040.15625,0.0,0.6534245014190674
20.830732345581055,273.28460693359375,1.4147617816925049,1385.205322265625,3148.9228515625,122.18929290771484,28.68631935119629,70.75534057617188,03/20/2023 16:59,7.0,279.0,True,23.02296257019043,6.899860858917236,0.0,55362.14453125,32713.666015625,0.6721774935722351
29.764318466186523,276.68475341796875,1.4202226400375366,1560.1619873046875,0.049999501556158066,119.6708984375,27.349716186523438,75.91626739501953,03/20/2023 16:59,6.0,246.0,True,64.87556457519531,7.088831424713135,0.0,87509.375,0.0,0.6447188258171082
25.271770477294922,269.41387939453125,445.42987060546875,1324.6949462890625,2768.21923828125,121.72274017333984,27.72435188293457,74.65690612792969,03/20/2023 16:59,7.0,255.0,True,40.17436981201172,6.584681987762451,0.07260565459728241,46282.03125,17560.02734375,0.6645521521568298
28.20502281188965,276.0959167480469,1.4203414916992188,1011.0750122070312,0.049999501556158066,121.77901458740234,27.833877563476562,74.74533081054688,03/20/2023 16:59,6.0,270.0,True,55.353294372558594,7.044903755187988,0.0,17355.44921875,0.0,0.664305567741394
28.670297622680664,275.8708801269531,1.4214603900909424,0.09999799728393555,0.049999501556158066,122.86381530761719,27.038272857666016,77.10531616210938,03/20/2023 17:00,7.0,350.0,True,57.95374298095703,7.017173767089844,0.0,0.0,0.0,0.6737343668937683
26.50253677368164,276.5875549316406,1.4213610887527466,1454.9375,2555.883544921875,120.2783203125,27.63838768005371,75.57215881347656,03/20/2023 17:01,7.0,410.0,True,45.99803924560547,7.070013046264648,0.0,66130.578125,12551.96875,0.6495649218559265
32.448795318603516,256.72174072265625,1.4217721223831177,1712.1514892578125,0.049999501556158066,121.8324203491211,26.743070602416992,77.94658660888672,03/20/2023 17:00,6.0,326.0,True,83.44886779785156,5.735091209411621,0.0,128095.140625,0.0,0.6637910008430481
20.033119201660156,268.5526123046875,158.3197784423828,1635.57080078125,0.049999501556158066,118.91447448730469,28.210519790649414,71.88180541992188,03/20/2023 16:58,7.0,225.0,True,20.54991912841797,6.570542812347412,0.0020105838775634766,107306.078125,0.0,0.6416076421737671
24.540050506591797,280.3301086425781,1.4200210571289062,1682.0157470703125,0.049999501556158066,120.02622985839844,27.970523834228516,74.29734802246094,03/20/2023 17:03,6.0,487.0,True,36.79957580566406,7.359888076782227,0.0,119279.828125,0.0,0.6481537222862244
27.189624786376953,265.42919921875,390.07183837890625,1389.3385009765625,0.049999501556158066,119.37939453125,28.397268295288086,71.557373046875,03/20/2023 16:57,7.0,149.0,True,50.2335205078125,6.354758262634277,0.04176102578639984,55974.2734375,0.0,0.645628035068512
26.072153091430664,278.3353576660156,1.4182980060577393,1403.8427734375,0.049999501556158066,120.96992492675781,28.3802547454834,72.70032501220703,03/20/2023 16:59,6.0,294.0,True,44.11003112792969,7.2299089431762695,0.0,57885.7421875,0.0,0.6581608057022095
25.615436553955078,253.3459014892578,1.4111672639846802,1390.6070556640625,0.049999501556158066,120.08597564697266,28.71494483947754,69.47845458984375,03/20/2023 16:55,6.0,56.0,True,42.4889030456543,5.616018772125244,0.0,56596.984375,0.0,0.6549057960510254
26.522720336914062,268.76409912109375,529.2180786132812,1650.8433837890625,2410.479248046875,119.0120620727539,28.12908363342285,73.07086181640625,03/20/2023 17:03,6.0,506.0,True,46.459495544433594,6.55668830871582,0.165807843208313,110871.203125,10056.8115234375,0.6404796242713928
27.157405853271484,259.80767822265625,559.4253540039062,1033.4969482421875,0.049999501556158066,119.2347640991211,28.849185943603516,67.51615142822266,03/20/2023 16:56,7.0,92.0,True,50.946678161621094,6.063615322113037,0.22752127051353455,19261.7890625,0.0,0.6503210067749023
20.391191482543945,283.02117919921875,1.4160363674163818,695.8238525390625,3392.301025390625,120.78275299072266,28.233877182006836,72.31231689453125,03/20/2023 17:03,6.0,535.0,True,21.576828002929688,7.607695579528809,0.0,5013.26953125,49704.09765625,0.6580032706260681
21.479515075683594,274.5060119628906,1.4101588726043701,0.09999799728393555,3286.353271484375,120.11283874511719,28.87567901611328,68.7374496459961,03/20/2023 16:58,6.0,208.0,True,25.418140411376953,7.03474760055542,0.0,0.0,41591.15625,0.6558699607849121
29.475582122802734,279.40728759765625,1.4233320951461792,0.09999799728393555,2656.417236328125,120.20135498046875,26.9123477935791,78.0394287109375,03/20/2023 16:57,7.0,163.0,True,62.64423751831055,7.255941390991211,0.0,0.0,14648.064453125,0.6474848389625549
25.15774154663086,284.535400390625,1.4137741327285767,1168.0634765625,0.049999501556158066,121.33577728271484,28.617252349853516,70.59741973876953,03/20/2023 16:58,6.0,182.0,True,40.08652877807617,7.750521183013916,0.0,29361.23046875,0.0,0.6648128628730774
26.908395767211914,251.4078826904297,1.4187145233154297,1452.4158935546875,0.049999501556158066,121.30204010009766,28.02472686767578,73.7276840209961,03/20/2023 16:57,6.0,135.0,True,48.356590270996094,5.438288688659668,0.0,66024.171875,0.0,0.6609801650047302
24.407655715942383,285.62347412109375,1.4221714735031128,1493.3385009765625,0.049999501556158066,124.18635559082031,27.9632568359375,75.02837371826172,03/20/2023 16:58,6.0,220.0,True,36.06372833251953,7.7402729988098145,0.0,73167.046875,0.0,0.6857824325561523
23.288957595825195,269.6779479980469,450.0235290527344,1001.7373657226562,2997.508544921875,120.78471374511719,28.583242416381836,71.12141418457031,03/20/2023 17:02,7.0,475.0,True,31.88448715209961,6.643182754516602,0.0765552669763565,16978.236328125,25481.0234375,0.6586936116218567
18.07955551147461,216.3050079345703,1.41188645362854,1394.2210693359375,0.049999501556158066,122.43798828125,28.866147994995117,69.34214782714844,03/20/2023 16:55,7.0,53.0,True,15.318803787231445,3.669555187225342,0.0,57084.7734375,0.0,0.6766272783279419
25.360210418701172,285.38018798828125,1.4192962646484375,1291.393310546875,0.049999501556158066,121.439208984375,28.323606491088867,73.17388916015625,03/20/2023 16:57,6.0,127.0,True,40.58464050292969,7.753819942474365,0.0,42047.859375,0.0,0.6618554592132568
32.97040557861328,262.88232421875,226.9019317626953,812.9003295898438,2801.889404296875,118.24198150634766,27.43085479736328,74.39608764648438,03/20/2023 16:55,7.0,37.0,True,88.45599365234375,6.174610614776611,0.006060421466827393,8336.376953125,18596.181640625,0.6342372298240662
26.766742706298828,277.8089599609375,360.7701110839844,1165.5706787109375,0.049999501556158066,118.90071868896484,28.389137268066406,71.7920913696289,03/20/2023 17:00,6.0,336.0,True,47.90910720825195,7.219117164611816,0.03064483404159546,29027.833984375,0.0,0.6407450437545776
26.855581283569336,286.6004638671875,511.04119873046875,0.09999799728393555,2711.931640625,120.34261322021484,28.583742141723633,70.9762191772461,03/20/2023 17:02,7.0,468.0,True,48.474586486816406,7.902933120727539,0.13951224088668823,0.0,16172.75390625,0.6548529863357544
24.684005737304688,281.9325866699219,1.4240683317184448,1612.461669921875,0.049999501556158066,121.5220947265625,27.656078338623047,76.4233627319336,03/20/2023 17:00,6.0,350.0,True,37.13209533691406,7.436612129211426,0.0,99332.5,0.0,0.6592612862586975
27.044225692749023,279.94342041015625,1.4204241037368774,1419.104736328125,0.049999501556158066,121.73543548583984,28.111024856567383,74.07984161376953,03/20/2023 16:58,6.0,187.0,True,48.908546447753906,7.326675891876221,0.0,60110.5,0.0,0.6638372540473938
21.610811233520508,270.05194091796875,1.41709566116333,1368.22900390625,0.049999501556158066,121.29832458496094,28.51194190979004,71.9705810546875,03/20/2023 17:02,7.0,477.0,True,25.51370620727539,6.649529933929443,0.0,52562.4296875,0.0,0.6620935201644897
27.623035430908203,285.5476379394531,1.4230775833129883,943.9393920898438,0.049999501556158066,123.05604553222656,27.487749099731445,76.51686096191406,03/20/2023 17:01,6.0,389.0,True,51.773277282714844,7.724168300628662,0.0,13614.5947265625,0.0,0.6743872165679932
24.698017120361328,261.0369567871094,1.4183151721954346,1285.5665283203125,2953.05517578125,120.63768005371094,27.81597137451172,74.11672973632812,03/20/2023 16:59,6.0,285.0,True,37.62799835205078,6.036625385284424,0.0,41421.390625,23606.748046875,0.655040442943573
23.603382110595703,286.26861572265625,1.4206799268722534,1245.1656494140625,2756.537353515625,120.8929443359375,27.20125389099121,76.43917083740234,03/20/2023 16:57,6.0,166.0,True,32.789039611816406,7.807574272155762,0.0,36609.87890625,17205.556640625,0.655765175819397
26.875732421875,288.16375732421875,1.4199943542480469,1581.7027587890625,0.049999501556158066,119.87705993652344,28.1838321685791,73.75520324707031,03/20/2023 16:56,6.0,98.0,True,48.059898376464844,7.9652228355407715,0.0,92552.5703125,0.0,0.646787703037262
30.01840591430664,275.4917907714844,1.421419620513916,792.7435302734375,0.049999501556158066,121.37007904052734,27.370643615722656,76.26092529296875,03/20/2023 16:55,6.0,9.0,True,66.3614501953125,6.990298271179199,0.0,7594.015625,0.0,0.6597058176994324
22.39419937133789,273.53753662109375,466.9479064941406,823.79833984375,3339.65625,121.35200500488281,28.528690338134766,71.10114288330078,03/20/2023 17:03,7.0,485.0,True,28.456680297851562,6.919381618499756,0.09056729078292847,8741.96875,45363.859375,0.6643635630607605
24.571592330932617,278.8670654296875,1.4159916639328003,1068.7557373046875,0.049999501556158066,121.21063232421875,28.217018127441406,72.3396224975586,03/20/2023 16:55,6.0,35.0,True,37.240501403808594,7.293835639953613,0.0,21267.390625,0.0,0.6620531678199768
29.421367645263672,259.5220947265625,515.8272094726562,1557.239013671875,0.049999501556158066,120.9075698852539,28.50624656677246,70.43390655517578,03/20/2023 16:59,6.0,263.0,True,63.68986511230469,5.991029262542725,0.14676430821418762,88184.578125,0.0,0.6617138385772705
27.179851531982422,263.89068603515625,1.4189128875732422,1732.9573974609375,0.049999501556158066,120.88545227050781,28.255983352661133,73.21556091308594,03/20/2023 17:04,7.0,556.0,True,49.784786224365234,6.216739654541016,0.0,135585.65625,0.0,0.6569366455078125
27.447933197021484,257.0151062011719,1.4170029163360596,1432.63037109375,2945.7158203125,119.29167175292969,27.505401611328125,74.45604705810547,03/20/2023 17:04,7.0,574.0,True,51.44075012207031,5.793436050415039,0.0,62789.5703125,23371.3046875,0.6434274911880493
19.48679542541504,280.728271484375,1.4146438837051392,1275.1214599609375,3280.48681640625,120.58665466308594,28.296070098876953,71.69154357910156,03/20/2023 16:59,7.0,277.0,True,18.954124450683594,7.448084831237793,0.0,40468.63671875,40916.703125,0.6571477055549622
26.773813247680664,259.1404113769531,1.4124431610107422,788.7808837890625,0.049999501556158066,120.42866516113281,28.34063720703125,70.84282684326172,03/20/2023 17:01,6.0,377.0,True,48.25804901123047,5.966761112213135,0.0,7602.283203125,0.0,0.6572204232215881
23.084087371826172,271.04949951171875,1.4205787181854248,1487.8314208984375,0.049999501556158066,120.13045501708984,27.162925720214844,76.5014419555664,03/20/2023 16:59,7.0,263.0,True,30.727020263671875,6.684785842895508,0.0,72329.46875,0.0,0.6487346887588501
27.11507225036621,269.572265625,430.22735595703125,1542.916015625,0.049999501556158066,119.08088684082031,28.481483459472656,72.24439239501953,03/20/2023 17:04,7.0,568.0,True,49.55919647216797,6.610640048980713,0.06255409121513367,84092.15625,0.0,0.6410036683082581
26.38799476623535,259.22467041015625,1.4171781539916992,1163.1849365234375,0.049999501556158066,119.9546890258789,28.116146087646484,72.9875717163086,03/20/2023 16:59,6.0,253.0,True,45.801666259765625,5.930856704711914,0.0,28726.15625,0.0,0.649465024471283
26.85813331604004,274.53765869140625,1.4198440313339233,1412.495849609375,0.049999501556158066,121.59891510009766,28.507596969604492,72.89588928222656,03/20/2023 17:03,7.0,487.0,True,47.98202896118164,6.937907695770264,0.0,59099.28515625,0.0,0.6629665493965149
26.57610511779785,242.10964965820312,1.4138615131378174,1127.70166015625,0.049999501556158066,119.27931213378906,28.715150833129883,70.3819580078125,03/20/2023 17:01,7.0,382.0,True,47.08271026611328,4.941958904266357,0.0,25857.83984375,0.0,0.6454868316650391
18.520265579223633,284.1390075683594,1.4218528270721436,1055.1414794921875,3484.26220703125,124.05793762207031,28.18694496154785,74.36361694335938,03/20/2023 16:59,6.0,299.0,True,16.104597091674805,7.628965377807617,0.0,20094.064453125,58270.68359375,0.684790849685669
21.43990135192871,267.0875549316406,1.4141019582748413,1592.1092529296875,1006.5316162109375,120.5356216430664,28.420392990112305,71.19938659667969,03/20/2023 17:00,7.0,322.0,True,25.079837799072266,6.4749956130981445,0.0,96164.40625,790.80078125,0.657051682472229
27.488391876220703,276.1526794433594,1.4191473722457886,1300.7080078125,0.049999501556158066,119.7203369140625,28.182201385498047,73.47792053222656,03/20/2023 16:59,6.0,271.0,True,51.440650939941406,7.0613112449646,0.0,43210.01171875,0.0,0.6459200382232666
27.406513214111328,277.2163391113281,555.5284423828125,1334.0035400390625,3020.268310546875,118.33094787597656,28.24028205871582,73.22377014160156,03/20/2023 16:56,6.0,65.0,True,51.025081634521484,7.142172336578369,0.21416188776493073,47565.90625,26306.822265625,0.6333186626434326
27.016948699951172,271.68975830078125,1.4175835847854614,1661.622314453125,0.049999501556158066,121.36270904541016,27.926677703857422,73.59637451171875,03/20/2023 16:57,7.0,147.0,True,49.04424285888672,6.758874893188477,0.0,113898.578125,0.0,0.6623520851135254
23.360654830932617,268.3785705566406,1.4135757684707642,0.09999799728393555,2815.97314453125,120.39266204833984,28.250335693359375,71.44829559326172,03/20/2023 17:04,7.0,559.0,True,32.271453857421875,6.568197250366211,0.0,0.0,19086.435546875,0.6560825705528259
27.161144256591797,256.77032470703125,1.4142746925354004,1534.6531982421875,0.049999501556158066,120.17539978027344,28.521934509277344,71.00334167480469,03/20/2023 17:01,7.0,386.0,True,50.15254592895508,5.801326274871826,0.0,82852.40625,0.0,0.6535558104515076
28.00986671447754,266.7119140625,1.421164631843567,1399.9617919921875,0.049999501556158066,121.6218490600586,27.361406326293945,76.19947814941406,03/20/2023 17:01,7.0,411.0,True,54.143768310546875,6.383261203765869,0.0,56948.9921875,0.0,0.662245512008667
25.239824295043945,250.6096954345703,1.4142546653747559,1411.8524169921875,0.049999501556158066,120.59275817871094,28.37787628173828,71.35677337646484,03/20/2023 17:04,7.0,591.0,True,40.4321174621582,5.426359176635742,0.0,59646.4296875,0.0,0.6574799418449402
13.846270561218262,235.4726104736328,1.41232168674469,0.09999799728393555,1932.9324951171875,121.9984130859375,29.02889060974121,69.0813980102539,03/20/2023 16:59,7.0,299.0,True,7.047567367553711,4.594975471496582,0.0,0.0,4734.423828125,0.6721296906471252
24.384258270263672,259.53155517578125,1.4121661186218262,1127.4854736328125,2975.20703125,121.1382064819336,28.6543025970459,69.96565246582031,03/20/2023 16:57,6.0,142.0,True,36.69754409790039,5.994203567504883,0.0,25926.505859375,24675.419921875,0.6640976667404175
23.356731414794922,252.9915771484375,1.409624457359314,1786.2982177734375,2114.730712890625,118.90633392333984,28.313234329223633,69.96356201171875,03/20/2023 16:55,6.0,28.0,True,32.51536560058594,5.607140064239502,0.0,157264.546875,6379.109375,0.6449589133262634
23.43556022644043,286.6266784667969,1.4179645776748657,1071.3897705078125,2521.4111328125,121.55546569824219,28.519092559814453,72.24220275878906,03/20/2023 17:03,6.0,489.0,True,32.287330627441406,7.866818428039551,0.0,21370.37109375,11950.326171875,0.6638939380645752
22.767499923706055,223.2745819091797,1.4127647876739502,1357.7088623046875,2844.14697265625,120.97813415527344,28.755760192871094,69.91292572021484,03/20/2023 16:58,6.0,181.0,True,29.979732513427734,3.984408378601074,0.0,51471.2421875,19981.953125,0.6621606349945068
27.74072265625,285.82928466796875,1.4154020547866821,0.09999799728393555,0.049999501556158066,122.74287414550781,28.45429039001465,71.54949188232422,03/20/2023 17:02,7.0,435.0,True,53.24373245239258,7.8333940505981445,0.0,0.0,0.0,0.6769716739654541
30.752283096313477,289.910888671875,1.4213906526565552,528.3580932617188,0.049999501556158066,120.65364837646484,27.315847396850586,76.38826751708984,03/20/2023 16:57,6.0,124.0,True,71.26593780517578,8.088861465454102,0.0,2075.234375,0.0,0.6530359387397766
26.835697174072266,277.3502197265625,1.4181342124938965,1583.0076904296875,0.049999501556158066,120.05694580078125,28.45501136779785,72.45890808105469,03/20/2023 16:56,7.0,74.0,True,48.02989959716797,7.159140586853027,0.0,93203.015625,0.0,0.6497509479522705
22.82244110107422,241.73147583007812,1.4125354290008545,0.09999799728393555,0.049999501556158066,121.44677734375,29.090126037597656,69.0,03/20/2023 16:59,6.0,292.0,True,30.2060489654541,4.930640697479248,0.0,0.0,0.0,0.6667485237121582
18.580707550048828,272.42230224609375,500.865478515625,865.7736206054688,3293.0986328125,123.32951354980469,29.034671783447266,68.92176818847656,03/20/2023 17:03,6.0,517.0,True,16.589258193969727,6.86745023727417,0.12692128121852875,10378.6640625,41979.53125,0.6851476430892944
24.386667251586914,248.64462280273438,605.2173461914062,1460.0625,3053.4814453125,119.37129974365234,28.480365753173828,70.72876739501953,03/20/2023 17:04,6.0,560.0,True,36.63536071777344,5.3192973136901855,0.3549145460128784,68140.21875,27993.52734375,0.6468409299850464
28.629985809326172,264.81878662109375,1.4171448945999146,1467.61376953125,0.049999501556158066,118.44368743896484,27.81325340270996,73.73373413085938,03/20/2023 16:59,6.0,264.0,True,58.219295501708984,6.294210910797119,0.0,68991.03125,0.0,0.6354949474334717
25.85867691040039,236.90029907226562,1.4089900255203247,1469.6995849609375,0.049999501556158066,120.96464538574219,28.890430450439453,68.30674743652344,03/20/2023 16:57,6.0,146.0,True,43.87809371948242,4.69326114654541,0.0,70501.375,0.0,0.664731502532959
22.016117095947266,286.1767578125,1.4262953996658325,1361.548828125,3297.631103515625,121.82806396484375,27.450605392456055,77.67098999023438,03/20/2023 16:58,6.0,235.0,True,26.443424224853516,7.736849308013916,0.0,50666.87109375,41480.59765625,0.6605528593063354
22.907978057861328,271.4471740722656,1.4152796268463135,1057.8489990234375,1147.0452880859375,120.5893325805664,28.546411514282227,71.27827453613281,03/20/2023 16:57,6.0,131.0,True,30.3692626953125,6.764650344848633,0.0,20539.642578125,1092.357421875,0.6567240953445435
20.585161209106445,279.95452880859375,1.4182673692703247,865.4830932617188,2409.950927734375,122.22225189208984,27.98986053466797,73.66605377197266,03/20/2023 17:02,7.0,450.0,True,22.081884384155273,7.350616455078125,0.0,10237.693359375,10038.2451171875,0.6699648499488831
25.3375301361084,242.3260040283203,1.412909746170044,1298.6463623046875,3397.39697265625,120.38819885253906,28.41813850402832,70.8055419921875,03/20/2023 16:58,6.0,199.0,True,41.004798889160156,4.9608659744262695,0.0,43483.265625,50376.328125,0.6565107107162476
22.747989654541016,240.6951904296875,400.0534362792969,1226.3848876953125,2246.3837890625,120.91158294677734,29.09065818786621,68.95594024658203,03/20/2023 16:58,7.0,222.0,True,29.926252365112305,4.87450647354126,0.04650038480758667,35179.171875,7830.42578125,0.6617876291275024
13.822799682617188,267.83746337890625,1.412065863609314,1016.5065307617188,1739.3685302734375,121.31817626953125,28.69402503967285,69.83272552490234,03/20/2023 17:03,6.0,532.0,True,7.016604423522949,6.545599937438965,0.0,17972.73828125,3421.63671875,0.6658692955970764
28.665283203125,295.5785827636719,1.4252490997314453,0.09999799728393555,3196.338623046875,123.24958801269531,27.43120574951172,77.37494659423828,03/20/2023 16:56,7.0,77.0,True,57.483699798583984,8.508042335510254,0.0,0.0,34921.94140625,0.6746533513069153
28.854328155517578,269.93359375,1.4230390787124634,1783.7037353515625,0.049999501556158066,120.82215881347656,27.35085105895996,76.84635162353516,03/20/2023 17:02,6.0,440.0,True,58.86848068237305,6.58397102355957,0.0,152212.5625,0.0,0.6534541249275208
24.101877212524414,267.9295959472656,1.4158427715301514,0.09999799728393555,0.049999501556158066,120.34629821777344,28.702680587768555,71.07572937011719,03/20/2023 17:00,7.0,325.0,True,35.20231628417969,6.515737533569336,0.0,0.0,0.0,0.6540528535842896
23.15800666809082,228.9513702392578,1.4108339548110962,0.09999799728393555,0.049999501556158066,120.25181579589844,28.773218154907227,69.22073364257812,03/20/2023 17:04,7.0,588.0,True,31.63397216796875,4.2714009284973145,0.0,0.0,0.0,0.6566980481147766
22.740474700927734,257.4071044921875,1.4159414768218994,643.3163452148438,0.049999501556158066,121.79960632324219,28.63912582397461,71.26757049560547,03/20/2023 16:58,7.0,194.0,True,29.68399429321289,5.826945781707764,0.0,3897.939453125,0.0,0.6676403880119324
17.63031578063965,250.32760620117188,1.412770390510559,1544.0618896484375,2183.80029296875,120.71529388427734,28.65398406982422,70.16920471191406,03/20/2023 17:04,7.0,567.0,True,14.210691452026367,5.421420574188232,0.0,85163.4921875,7089.3583984375,0.6596822738647461
23.83574867248535,260.03814697265625,1.4186594486236572,1219.468017578125,2675.39794921875,120.28410339355469,27.58042335510254,74.82011413574219,03/20/2023 17:02,7.0,446.0,True,33.881744384765625,5.969689846038818,0.0,34033.4921875,15187.4755859375,0.6515003442764282
25.772979736328125,251.1532440185547,514.0413818359375,1513.025390625,2335.88427734375,121.05342102050781,28.808256149291992,69.92607879638672,03/20/2023 16:58,7.0,201.0,True,43.082923889160156,5.467185020446777,0.1440361738204956,78447.703125,9002.89453125,0.662563145160675
29.50667953491211,256.70703125,1.4229023456573486,1516.15576171875,0.049999501556158066,121.11383056640625,26.408672332763672,79.15663146972656,03/20/2023 16:57,6.0,130.0,True,62.89361572265625,5.724745273590088,0.0,77603.96875,0.0,0.6562681794166565
22.670137405395508,248.6011199951172,1.4131256341934204,1308.3487548828125,0.049999501556158066,120.31648254394531,28.299760818481445,71.17387390136719,03/20/2023 17:03,6.0,483.0,True,29.584354400634766,5.316901206970215,0.0,44698.5234375,0.0,0.6556859016418457
25.815658569335938,283.4918518066406,1.4199485778808594,1434.9599609375,0.049999501556158066,119.36204528808594,28.01534080505371,74.16122436523438,03/20/2023 17:03,7.0,485.0,True,42.70527267456055,7.600376605987549,0.0,62824.25390625,0.0,0.6420499086380005
23.384525299072266,273.23126220703125,373.67498779296875,931.7544555664062,3154.964599609375,123.5518798828125,28.88576316833496,70.4615249633789,03/20/2023 17:00,6.0,330.0,True,32.2503776550293,6.889871597290039,0.03516310453414917,13220.83984375,33018.25390625,0.684710681438446
26.419301986694336,283.7014465332031,1.422910451889038,1516.8505859375,0.049999501556158066,122.36949157714844,27.931228637695312,75.35287475585938,03/20/2023 17:03,7.0,481.0,True,45.43281936645508,7.583652496337891,0.0,77744.75,0.0,0.66802978515625
27.417993545532227,287.92059326171875,1.423763632774353,1781.996337890625,0.049999501556158066,120.41217041015625,27.9561767578125,75.57247161865234,03/20/2023 17:00,7.0,320.0,True,50.58119583129883,7.902326583862305,0.0,151369.40625,0.0,0.6491402983665466
32.284751892089844,259.292236328125,1.420544147491455,1472.576904296875,0.049999501556158066,121.13932800292969,27.161529541015625,76.4934310913086,03/20/2023 17:03,7.0,518.0,True,82.41194915771484,5.906027793884277,0.0,69449.515625,0.0,0.6581633687019348
18.731632232666016,267.08245849609375,1.4125759601593018,479.3115539550781,3333.496337890625,123.2719955444336,29.06940460205078,69.0654525756836,03/20/2023 16:58,6.0,194.0,True,16.96147918701172,6.4891557693481445,0.0,1562.408203125,45002.33203125,0.684090256690979
24.805822372436523,263.1344909667969,1.417069673538208,1377.3363037109375,1694.9510498046875,122.13033294677734,28.254043579101562,72.60668182373047,03/20/2023 16:56,6.0,94.0,True,38.20783233642578,6.183836460113525,0.0,53918.6171875,3146.794921875,0.6699564456939697
25.099956512451172,241.4344024658203,1.4123260974884033,0.09999799728393555,2757.227294921875,120.07186126708984,28.580307006835938,70.20433044433594,03/20/2023 16:56,7.0,92.0,True,39.93407440185547,4.915746688842773,0.0,0.0,17423.78125,0.6539568305015564
26.269184112548828,225.2570343017578,1.4156346321105957,649.5023803710938,0.049999501556158066,122.25445556640625,28.39128875732422,71.78470611572266,03/20/2023 17:04,7.0,559.0,True,45.339881896972656,4.061767101287842,0.0,4021.30078125,0.0,0.6721649765968323
31.532745361328125,260.32623291015625,1.4221522808074951,1388.8070068359375,0.049999501556158066,122.8747787475586,27.51310920715332,76.1473388671875,03/20/2023 16:55,7.0,8.0,True,76.62042236328125,5.9576215744018555,0.0,55112.796875,0.0,0.6733397841453552
27.538333892822266,265.4164733886719,1.4225999116897583,1482.6005859375,0.049999501556158066,124.595458984375,27.75176239013672,75.6988525390625,03/20/2023 16:59,7.0,249.0,True,51.357120513916016,6.283740520477295,0.0,71047.25,0.0,0.6893755197525024
27.019235610961914,259.3119201660156,1.4177175760269165,1482.985107421875,0.049999501556158066,118.95933532714844,27.621967315673828,74.40275573730469,03/20/2023 17:01,6.0,369.0,True,49.04315185546875,5.931711673736572,0.0,71804.0390625,0.0,0.6398602724075317
24.864620208740234,276.693359375,1.416129469871521,1015.8213500976562,0.049999501556158066,118.93936920166016,28.422433853149414,71.8720703125,03/20/2023 16:55,6.0,42.0,True,38.547332763671875,7.131997585296631,0.0,17787.634765625,0.0,0.6407663822174072
24.08501625061035,254.59207153320312,465.67266845703125,1501.7364501953125,3092.629150390625,120.1594467163086,28.832443237304688,69.6418685913086,03/20/2023 17:00,7.0,338.0,True,35.36695098876953,5.681048393249512,0.08976809680461884,76244.1953125,29882.841796875,0.6546350121498108
21.160503387451172,269.0558776855469,1.4179470539093018,1247.8583984375,0.049999501556158066,123.1048583984375,28.537275314331055,72.19092559814453,03/20/2023 16:59,6.0,246.0,True,23.949365615844727,6.572640419006348,0.0,37102.265625,0.0,0.678564190864563
28.767581939697266,271.0389709472656,1.4227608442306519,1767.0421142578125,0.049999501556158066,122.67720031738281,27.838626861572266,75.534912109375,03/20/2023 16:59,6.0,246.0,True,58.381534576416016,6.662821292877197,0.0,146257.375,0.0,0.6710365414619446
23.547391891479492,260.9620056152344,1.4162232875823975,628.823974609375,2786.971923828125,120.90828704833984,28.32836151123047,72.13854217529297,03/20/2023 16:59,6.0,270.0,True,32.85622787475586,6.050292491912842,0.0,3623.060546875,18163.5,0.6590484380722046
27.658584594726562,249.03085327148438,440.90521240234375,1301.429931640625,0.049999501556158066,121.76417541503906,28.551342010498047,71.42449188232422,03/20/2023 17:03,6.0,492.0,True,52.743675231933594,5.32153844833374,0.06983844935894012,43589.7109375,0.0,0.6674399375915527
23.952905654907227,260.8060607910156,1.415891408920288,1448.9727783203125,1958.161865234375,120.8056640625,28.286235809326172,72.133056640625,03/20/2023 16:57,7.0,139.0,True,34.56501388549805,6.043184757232666,0.0,65777.078125,4910.25,0.6583204865455627
24.709674835205078,278.0603332519531,1.4189506769180298,1441.240478515625,0.049999501556158066,120.48580169677734,28.165687561035156,73.45378875732422,03/20/2023 16:57,7.0,141.0,True,37.63176345825195,7.202744483947754,0.0,64029.30078125,0.0,0.6531770825386047
22.789318084716797,239.68911743164062,1.4082034826278687,971.7691040039062,2768.684814453125,120.30281829833984,29.159082412719727,67.36971282958984,03/20/2023 16:59,6.0,252.0,True,30.343843460083008,4.849462509155273,0.0,15491.7763671875,17843.1328125,0.6590442061424255
26.835681915283203,279.8407897949219,1.4203765392303467,1623.736328125,0.049999501556158066,120.17264556884766,28.17621612548828,73.90113067626953,03/20/2023 16:55,6.0,57.0,True,47.81281661987305,7.319529056549072,0.0,102959.703125,0.0,0.6492670178413391
26.75421714782715,278.1688537597656,1.4184951782226562,0.09999799728393555,3473.86083984375,125.13480377197266,28.526689529418945,72.39983367919922,03/20/2023 17:02,6.0,427.0,True,47.567832946777344,7.215539932250977,0.0,0.0,57429.07421875,0.6976007223129272
21.808942794799805,290.0726013183594,1.42128586769104,1167.9840087890625,0.049999501556158066,120.98863220214844,28.006790161132812,74.62621307373047,03/20/2023 16:55,7.0,44.0,True,25.982938766479492,8.103140830993652,0.0,28924.138671875,0.0,0.656233549118042
28.723506927490234,265.6983337402344,1.4195516109466553,1560.0020751953125,0.049999501556158066,121.93513488769531,27.600337982177734,75.06685638427734,03/20/2023 16:59,7.0,274.0,True,58.49588394165039,6.330499649047852,0.0,87588.328125,0.0,0.6663369536399841
24.021501541137695,270.6780700683594,1.4145647287368774,942.3798217773438,0.049999501556158066,120.60091400146484,28.518287658691406,71.10951232910156,03/20/2023 16:59,6.0,276.0,True,34.94969177246094,6.717846870422363,0.0,13765.697265625,0.0,0.6573373675346375
27.494781494140625,255.58193969726562,430.14959716796875,1449.938232421875,0.049999501556158066,120.7096176147461,28.508914947509766,70.65315246582031,03/20/2023 17:03,6.0,490.0,True,52.10629653930664,5.737082004547119,0.06301110982894897,66307.90625,0.0,0.6593721508979797
24.748096466064453,282.30694580078125,1.4224908351898193,1611.16015625,0.049999501556158066,120.17799377441406,27.417343139648438,76.49879455566406,03/20/2023 16:55,7.0,24.0,True,37.53462219238281,7.482043266296387,0.0,99309.984375,0.0,0.6478504538536072
29.51656723022461,268.5740966796875,1.4183034896850586,1497.1351318359375,0.049999501556158066,122.35462951660156,27.91228675842285,73.87202453613281,03/20/2023 16:59,6.0,287.0,True,63.54256820678711,6.536238193511963,0.0,74470.0703125,0.0,0.6711905002593994
18.607606887817383,279.881591796875,1.41545832157135,0.09999799728393555,3193.549560546875,122.1121826171875,28.48110580444336,71.50119018554688,03/20/2023 16:56,6.0,74.0,True,16.539262771606445,7.375411033630371,0.0,0.0,35228.6953125,0.6709442734718323
27.878549575805664,275.2891540527344,1.4186606407165527,1299.0245361328125,0.049999501556158066,119.77400207519531,27.479530334472656,75.07276153564453,03/20/2023 16:57,6.0,157.0,True,53.67085266113281,7.0038957595825195,0.0,43041.38671875,0.0,0.646755039691925
26.36105728149414,266.1044006347656,366.49169921875,1432.6220703125,2519.56494140625,121.1417007446289,27.957551956176758,73.60335540771484,03/20/2023 16:59,7.0,297.0,True,45.603721618652344,6.3735504150390625,0.03244723379611969,62685.47265625,11918.05859375,0.6600974202156067
21.38622283935547,275.36920166015625,1.4186861515045166,1607.0048828125,2402.242919921875,119.6310806274414,27.616348266601562,74.73918914794922,03/20/2023 17:04,6.0,593.0,True,24.666854858398438,7.009406089782715,0.0,98999.59375,9912.3779296875,0.6454112529754639
24.580177307128906,253.8035125732422,347.6006774902344,0.09999799728393555,2836.0078125,118.92530822753906,29.037864685058594,68.76468658447266,03/20/2023 17:01,7.0,380.0,True,37.62382507324219,5.641674995422363,0.02678118646144867,0.0,19761.14453125,0.6438708305358887
29.17230796813965,265.0934753417969,1.418623685836792,1413.376953125,0.049999501556158066,120.86905670166016,27.87207794189453,74.0791015625,03/20/2023 17:01,6.0,376.0,True,61.3438606262207,6.29883337020874,0.0,59384.25,0.0,0.6569870114326477
20.848278045654297,243.8105010986328,1.4127004146575928,1213.4820556640625,2392.32373046875,120.22454833984375,28.503435134887695,70.52210998535156,03/20/2023 17:02,7.0,454.0,True,23.17630958557129,5.04536247253418,0.0,33817.734375,9840.8359375,0.6551239490509033
25.935617446899414,275.18927001953125,292.356201171875,1750.78662109375,0.049999501556158066,120.8166732788086,28.394441604614258,73.56289672851562,03/20/2023 17:04,6.0,593.0,True,43.19868469238281,6.972829818725586,0.01403491199016571,141058.78125,0.0,0.6548277735710144
28.906551361083984,265.76416015625,497.30218505859375,1307.5823974609375,3257.68798828125,118.31610107421875,26.851932525634766,76.17550659179688,03/20/2023 17:02,6.0,470.0,True,59.87704849243164,6.356135368347168,0.12141445279121399,44238.71484375,39198.7890625,0.6342416405677795
28.7910099029541,254.057373046875,1.4193235635757446,1600.69970703125,0.049999501556158066,122.03204345703125,27.587907791137695,75.02217864990234,03/20/2023 17:03,7.0,503.0,True,58.92875671386719,5.592330455780029,0.0,97297.703125,0.0,0.6674128770828247
23.377361297607422,282.58746337890625,1.4226086139678955,1296.388427734375,3366.52685546875,122.36319732666016,27.121734619140625,77.27679443359375,03/20/2023 17:03,7.0,531.0,True,31.75408363342285,7.502034664154053,0.0,42385.17578125,47047.5390625,0.6681860089302063
25.780261993408203,268.8951416015625,532.0794067382812,1342.6640625,2175.427001953125,119.02154541015625,28.352821350097656,71.6313247680664,03/20/2023 16:58,7.0,192.0,True,42.97105407714844,6.591056823730469,0.17131447792053223,49126.890625,6975.404296875,0.6423830986022949
22.686620712280273,281.38177490234375,1.4198577404022217,916.7493286132812,0.049999501556158066,121.9854736328125,28.05650520324707,74.02816772460938,03/20/2023 16:55,6.0,22.0,True,29.24627685546875,7.4407172203063965,0.0,12399.0673828125,0.0,0.666592538356781
29.211517333984375,265.421630859375,1.423647165298462,1272.926025390625,0.049999501556158066,121.23748779296875,26.131549835205078,80.09552001953125,03/20/2023 16:56,6.0,77.0,True,60.966331481933594,6.2745041847229,0.0,39505.3828125,0.0,0.6568995118141174
27.80476951599121,272.94927978515625,1.4192863702774048,773.0479736328125,1969.9014892578125,118.3084945678711,28.187538146972656,73.51080322265625,03/20/2023 17:04,6.0,570.0,True,53.186771392822266,6.830616474151611,0.0,7018.974609375,4982.0634765625,0.632796049118042
26.03420066833496,265.9219055175781,423.3186950683594,1384.6365966796875,0.049999501556158066,120.42806243896484,28.654356002807617,71.72496032714844,03/20/2023 16:59,6.0,241.0,True,43.9991455078125,6.365139007568359,0.0583847314119339,54985.953125,0.0,0.6537054777145386
29.670001983642578,266.4615478515625,1.4181751012802124,1598.9422607421875,0.049999501556158066,121.0967788696289,28.201889038085938,73.10531616210938,03/20/2023 16:58,6.0,194.0,True,64.53776550292969,6.394351005554199,0.0,97080.265625,0.0,0.6594363451004028
29.577077865600586,273.71551513671875,1.4208033084869385,1451.7476806640625,0.049999501556158066,119.7647476196289,28.220518112182617,73.93191528320312,03/20/2023 17:01,6.0,395.0,True,63.60542678833008,6.869694709777832,0.0,65635.8671875,0.0,0.645187497138977
24.410966873168945,272.0218200683594,1.4144835472106934,1525.1044921875,2851.09765625,119.77005767822266,27.70624351501465,73.11244201660156,03/20/2023 17:03,7.0,528.0,True,36.64291763305664,6.8130388259887695,0.0,80773.453125,20156.205078125,0.6496239304542542
26.25457191467285,285.06756591796875,1.4202616214752197,1044.59521484375,3042.845947265625,121.78033447265625,27.835468292236328,74.71485137939453,03/20/2023 17:02,6.0,458.0,True,44.84449768066406,7.7185773849487305,0.0,19456.73828125,27241.302734375,0.6643747091293335
25.05307388305664,238.4982147216797,1.41524338722229,1407.7371826171875,0.049999501556158066,121.13531494140625,28.46030044555664,71.4814224243164,03/20/2023 16:56,6.0,72.0,True,39.481468200683594,4.735446453094482,0.0,58861.5,0.0,0.6618766784667969
22.011716842651367,289.9781799316406,1.4212467670440674,849.1365356445312,0.049999501556158066,122.3716049194336,28.15261459350586,74.24871063232422,03/20/2023 16:55,7.0,47.0,True,26.697921752929688,8.095982551574707,0.0,9547.27734375,0.0,0.6692386865615845
25.734081268310547,276.52606201171875,1.4207546710968018,0.09999799728393555,3199.553466796875,122.84873962402344,28.120637893676758,74.16548919677734,03/20/2023 17:01,7.0,406.0,True,42.241519927978516,7.071809768676758,0.0,0.0,35329.64453125,0.674100399017334
30.21860122680664,266.98004150390625,1.4225400686264038,1367.4671630859375,0.049999501556158066,122.57352447509766,28.0163631439209,75.01757049560547,03/20/2023 16:59,6.0,289.0,True,67.52235412597656,6.388427257537842,0.0,51893.58203125,0.0,0.6702167391777039
18.642946243286133,285.67474365234375,1.41543710231781,0.09999799728393555,3586.484619140625,121.70423889160156,28.144737243652344,72.3350830078125,03/20/2023 16:55,6.0,41.0,True,16.63170623779297,7.820834636688232,0.0,0.0,71269.65625,0.6671010851860046
25.400362014770508,248.87051391601562,1.413356900215149,1610.7286376953125,0.049999501556158066,119.6073226928711,28.262643814086914,71.34420776367188,03/20/2023 17:03,6.0,525.0,True,41.26648712158203,5.330865383148193,0.0,100995.90625,0.0,0.6488926410675049
29.476354598999023,274.3211669921875,1.4229981899261475,1596.4183349609375,0.049999501556158066,119.99711608886719,27.623903274536133,76.15023040771484,03/20/2023 17:04,7.0,591.0,True,62.69121551513672,6.89067268371582,0.0,95548.328125,0.0,0.6458241939544678
23.837507247924805,274.7613220214844,1.4178239107131958,1359.27685546875,0.049999501556158066,120.08770751953125,28.156536102294922,73.10175323486328,03/20/2023 17:02,7.0,421.0,True,33.946327209472656,6.974468231201172,0.0,51186.6328125,0.0,0.6502535343170166
28.19234848022461,268.3446350097656,1.4224250316619873,1791.2890625,0.049999501556158066,119.93559265136719,27.542404174804688,76.16438293457031,03/20/2023 16:57,6.0,168.0,True,55.04839324951172,6.481477737426758,0.0,155219.59375,0.0,0.6456500291824341
26.366470336914062,258.201416015625,1.41752290725708,1225.642333984375,0.049999501556158066,119.86714935302734,27.926959991455078,73.57543182373047,03/20/2023 17:03,6.0,505.0,True,45.66016387939453,5.863259315490723,0.0,34749.31640625,0.0,0.6484104990959167
27.669506072998047,247.74337768554688,1.4101027250289917,0.09999799728393555,2850.818603515625,120.89491271972656,29.0485782623291,68.28630828857422,03/20/2023 16:58,6.0,236.0,True,53.41376495361328,5.290345191955566,0.0,0.0,20269.66015625,0.6632754802703857
26.919174194335938,271.27752685546875,1.4184904098510742,1383.752197265625,0.049999501556158066,120.2410888671875,27.261445999145508,75.56133270263672,03/20/2023 16:56,6.0,99.0,True,48.43548583984375,6.721104145050049,0.0,54736.6796875,0.0,0.6512175798416138
28.326852798461914,263.635009765625,1.4167237281799316,1604.4132080078125,0.049999501556158066,121.52506256103516,28.10491943359375,72.8641128540039,03/20/2023 17:02,7.0,420.0,True,56.471248626708984,6.219832420349121,0.0,98727.09375,0.0,0.6644917726516724
23.140901565551758,269.45538330078125,1.4117618799209595,881.5964965820312,3188.2705078125,120.1781997680664,28.82876968383789,69.39372253417969,03/20/2023 17:04,6.0,548.0,True,31.50616455078125,6.6601762771606445,0.0,11034.337890625,35094.71875,0.6553512811660767
26.458471298217773,274.3143310546875,1.4149510860443115,1227.8265380859375,0.049999501556158066,120.07667541503906,28.410804748535156,71.50748443603516,03/20/2023 16:58,6.0,181.0,True,46.370506286621094,6.971662998199463,0.0,35155.27734375,0.0,0.6521583795547485
25.704559326171875,274.34466552734375,1.419635534286499,1250.0850830078125,3065.052978515625,120.37113952636719,27.548442840576172,75.22452545166016,03/20/2023 17:02,7.0,426.0,True,42.194602966308594,6.9262285232543945,0.0,37224.66796875,28276.404296875,0.6516298651695251
24.965347290039062,277.64190673828125,1.420365333557129,1032.3250732421875,0.049999501556158066,121.822509765625,27.313146591186523,76.05509185791016,03/20/2023 17:02,6.0,442.0,True,38.67472839355469,7.157188415527344,0.0,18662.78515625,0.0,0.6646972894668579
28.598941802978516,275.65264892578125,1.4215285778045654,1210.82080078125,0.049999501556158066,121.308349609375,27.781967163085938,75.26871490478516,03/20/2023 16:58,6.0,232.0,True,57.52217102050781,7.000758171081543,0.0,32969.59765625,0.0,0.6590511798858643
26.752727508544922,236.0994415283203,1.4172416925430298,1539.996826171875,0.049999501556158066,121.720947265625,28.331275939941406,72.4709243774414,03/20/2023 17:02,7.0,421.0,True,47.68073272705078,4.594712734222412,0.0,83527.828125,0.0,0.6659678220748901
24.207271575927734,221.7594757080078,1.4086843729019165,1402.9630126953125,0.049999501556158066,120.0707778930664,28.895662307739258,68.19056701660156,03/20/2023 16:55,7.0,28.0,True,36.17717742919922,3.9368133544921875,0.0,58849.4609375,0.0,0.656518280506134
25.369035720825195,284.9762268066406,1.4183218479156494,1639.8306884765625,0.049999501556158066,120.33382415771484,28.325658798217773,72.84475708007812,03/20/2023 17:01,7.0,405.0,True,40.70613479614258,7.733358860015869,0.0,107670.015625,0.0,0.6521994471549988
27.399578094482422,278.51910400390625,433.6199645996094,1416.4573974609375,2036.2711181640625,120.57208251953125,27.999465942382812,73.90763854980469,03/20/2023 16:55,6.0,21.0,True,50.9617805480957,7.2353715896606445,0.06455950438976288,59835.72265625,5550.849609375,0.6539014577865601
24.82536506652832,265.8030700683594,1.4126172065734863,1460.136962890625,0.049999501556158066,119.01969909667969,28.5804443359375,70.30164337158203,03/20/2023 17:04,7.0,564.0,True,38.643150329589844,6.402139186859131,0.0,68224.75,0.0,0.643936276435852
16.337202072143555,278.7843933105469,470.52386474609375,1091.3970947265625,3195.3291015625,119.2191390991211,28.589855194091797,70.5434799194336,03/20/2023 16:59,6.0,285.0,True,11.370342254638672,7.315319061279297,0.09401324391365051,23025.302734375,35434.95703125,0.6452417969703674
20.57568359375,264.8930969238281,354.6962890625,1549.0137939453125,3065.561279296875,117.87396240234375,27.982646942138672,72.93610382080078,03/20/2023 17:04,7.0,559.0,True,22.152507781982422,6.30949068069458,0.02868904173374176,85717.625,28441.171875,0.6310167908668518
27.338947296142578,250.171142578125,500.6309509277344,1238.8697509765625,0.049999501556158066,120.1756591796875,28.89717674255371,68.9671630859375,03/20/2023 16:55,6.0,7.0,True,51.464656829833984,5.426215171813965,0.12683013081550598,36620.1640625,0.0,0.6558642983436584
27.79306411743164,251.1016845703125,1.417614221572876,1519.6253662109375,0.049999501556158066,121.693359375,28.212379455566406,72.89236450195312,03/20/2023 16:57,6.0,125.0,True,53.30068588256836,5.428859233856201,0.0,79131.234375,0.0,0.6654416918754578
26.929302215576172,280.19134521484375,1.4232418537139893,1515.3865966796875,0.049999501556158066,121.0609130859375,26.90454864501953,78.02912902832031,03/20/2023 17:04,7.0,541.0,True,48.02656555175781,7.315071105957031,0.0,77395.609375,0.0,0.6555366516113281
29.72503662109375,249.49380493164062,1.4153878688812256,1711.864990234375,0.049999501556158066,120.00669860839844,28.010028839111328,72.65542602539062,03/20/2023 17:01,6.0,402.0,True,65.25813293457031,5.351528644561768,0.0,129618.265625,0.0,0.6511994004249573
30.468677520751953,261.16552734375,512.5319213867188,1676.0152587890625,2463.384521484375,118.12382507324219,27.701650619506836,75.32091522216797,03/20/2023 17:04,7.0,590.0,True,69.38772583007812,6.020538330078125,0.13996323943138123,117265.21875,10869.3427734375,0.629891037940979
30.00864601135254,253.8185577392578,1.4212086200714111,1401.412353515625,3287.117431640625,119.9051513671875,26.901626586914062,77.3635482788086,03/20/2023 17:04,6.0,542.0,True,66.32608795166016,5.562541484832764,0.0,57172.2890625,41016.28515625,0.6462081074714661
28.3582763671875,269.07464599609375,1.4192532300949097,1412.640869140625,2554.8349609375,120.16072845458984,27.440933227539062,75.36625671386719,03/20/2023 17:02,7.0,456.0,True,56.3669548034668,6.561392784118652,0.0,59191.34375,12567.8115234375,0.6499375700950623
26.66689682006836,251.49014282226562,204.9541015625,1663.6466064453125,2746.64111328125,118.6759033203125,28.374588012695312,71.39423370361328,03/20/2023 16:56,6.0,102.0,True,47.510650634765625,5.478115081787109,0.00440552830696106,115209.515625,17087.849609375,0.6395574808120728
25.776729583740234,251.7414093017578,1.416993498802185,1554.322509765625,0.049999501556158066,120.34584045410156,28.054058074951172,73.081298828125,03/20/2023 16:59,6.0,240.0,True,42.77110290527344,5.471868515014648,0.0,86742.359375,0.0,0.6532411575317383
30.865737915039062,267.56744384765625,1.4203605651855469,1415.0145263671875,0.049999501556158066,120.49769592285156,27.526079177856445,75.52118682861328,03/20/2023 17:04,6.0,595.0,True,72.19442749023438,6.44835090637207,0.0,59448.53125,0.0,0.6523023247718811
31.138362884521484,278.2513122558594,1.4243080615997314,1546.41552734375,0.049999501556158066,121.0555648803711,27.71240234375,76.3615951538086,03/20/2023 16:59,7.0,271.0,True,73.50574493408203,7.1606645584106445,0.0,83768.65625,0.0,0.6547411680221558
29.390060424804688,256.04248046875,1.4140104055404663,0.09999799728393555,0.049999501556158066,122.81134033203125,28.50139808654785,70.96623992919922,03/20/2023 16:56,7.0,118.0,True,63.290855407714844,5.758242607116699,0.0,0.0,0.0,0.6786373257637024
21.83985137939453,271.6446838378906,1.418656587600708,1239.0045166015625,1895.0382080078125,120.81365966796875,28.326522827148438,72.95391845703125,03/20/2023 17:03,7.0,485.0,True,26.22960090637207,6.745126724243164,0.0,36087.18359375,4408.64453125,0.6564458012580872
19.51258659362793,262.01019287109375,1.4144287109375,1218.5423583984375,3428.385986328125,120.22371673583984,28.830486297607422,70.28350067138672,03/20/2023 16:55,7.0,11.0,True,19.03570556640625,6.134213447570801,0.0,34221.97265625,53154.640625,0.6538996696472168
26.1130313873291,280.6132507324219,1.4193286895751953,1425.683349609375,0.049999501556158066,119.87434387207031,27.52001190185547,75.19367980957031,03/20/2023 16:57,6.0,120.0,True,44.22130584716797,7.388572692871094,0.0,61332.0234375,0.0,0.6472236514091492
28.03131675720215,271.4248352050781,1.4219130277633667,1532.796875,0.049999501556158066,121.78971099853516,27.662330627441406,75.69512939453125,03/20/2023 16:58,6.0,233.0,True,54.18405532836914,6.697846412658691,0.0,81224.078125,0.0,0.6632901430130005
27.41840171813965,265.93951416015625,598.7139282226562,0.09999799728393555,0.049999501556158066,119.4497299194336,28.851240158081055,69.66822052001953,03/20/2023 16:55,7.0,1.0,True,51.72212219238281,6.410110950469971,0.33260518312454224,0.0,0.0,0.6478487253189087
30.08597183227539,268.8896484375,1.420235514640808,1576.1390380859375,0.049999501556158066,120.88096618652344,27.67460823059082,75.10832214355469,03/20/2023 16:59,6.0,273.0,True,66.96263122558594,6.539343357086182,0.0,91193.8046875,0.0,0.655965268611908
22.58565902709961,239.3998260498047,1.4126137495040894,1274.0811767578125,2508.15869140625,121.32731628417969,28.814441680908203,69.71553039550781,03/20/2023 16:55,6.0,47.0,True,29.29326057434082,4.80242919921875,0.0,40507.20703125,11792.533203125,0.6655633449554443
22.682697296142578,290.0938415527344,1.4163720607757568,0.09999799728393555,3465.948974609375,119.80416107177734,28.159339904785156,72.61076354980469,03/20/2023 17:02,6.0,446.0,True,29.43811798095703,8.163249969482422,0.0,0.0,56766.4609375,0.6486250758171082
22.316818237304688,256.73858642578125,1.4118080139160156,1287.3570556640625,2302.4765625,122.23677062988281,28.607650756835938,69.96202087402344,03/20/2023 16:58,7.0,183.0,True,28.33088493347168,5.820367336273193,0.0,42174.21484375,8559.7705078125,0.6747680306434631
29.616674423217773,251.40267944335938,1.4166181087493896,1642.9984130859375,0.049999501556158066,120.35543060302734,28.17416000366211,72.65583038330078,03/20/2023 16:56,6.0,67.0,True,64.39888000488281,5.454677104949951,0.0,108897.21875,0.0,0.6535940766334534
26.178258895874023,280.33209228515625,1.4144256114959717,0.09999799728393555,2438.673583984375,122.171630859375,28.484468460083008,71.14752960205078,03/20/2023 17:03,7.0,513.0,True,44.990509033203125,7.4205145835876465,0.0,0.0,10554.4501953125,0.6722525358200073
26.030048370361328,256.270263671875,476.6534729003906,497.0086364746094,3136.982666015625,121.40425109863281,28.66234588623047,70.32421875,03/20/2023 17:02,7.0,452.0,True,44.34803009033203,5.778458118438721,0.09987165033817291,1744.572265625,32132.64453125,0.6658019423484802
21.935070037841797,280.2109680175781,299.7626953125,0.09999799728393555,3670.278564453125,121.41426086425781,28.98523712158203,69.26358032226562,03/20/2023 17:01,6.0,360.0,True,26.896503448486328,7.43190860748291,0.015557125210762024,0.0,84324.578125,0.6664382219314575
28.890457153320312,254.4793243408203,395.18426513671875,1768.3033447265625,0.049999501556158066,119.04127502441406,28.65191650390625,70.83180236816406,03/20/2023 16:55,6.0,41.0,True,60.08547592163086,5.655803680419922,0.04404723644256592,149036.0625,0.0,0.6426729559898376
24.452476501464844,258.8321228027344,1.414869785308838,1548.3912353515625,0.049999501556158066,121.44749450683594,28.268810272216797,71.83522033691406,03/20/2023 16:58,7.0,235.0,True,36.79712677001953,5.925985336303711,0.0,85773.328125,0.0,0.6650837659835815
22.1114444732666,267.7381591796875,388.49041748046875,1328.9293212890625,2940.815185546875,122.26548767089844,28.867708206176758,69.84780883789062,03/20/2023 17:04,7.0,598.0,True,27.485660552978516,6.525959014892578,0.04119803011417389,47385.671875,23302.935546875,0.6738820672035217
26.350582122802734,277.0416564941406,1.4200475215911865,1545.537109375,1633.79736328125,121.1301040649414,28.134624481201172,73.89588165283203,03/20/2023 17:02,7.0,426.0,True,45.3475227355957,7.116631031036377,0.0,84277.265625,2814.76171875,0.6584270596504211
25.33902931213379,251.9940643310547,339.54656982421875,1744.410400390625,0.049999501556158066,120.08064270019531,27.80828857421875,73.1329574584961,03/20/2023 17:00,7.0,343.0,True,40.813079833984375,5.500518798828125,0.024351999163627625,140437.296875,0.0,0.6519456505775452
23.9736328125,278.56048583984375,1.419866919517517,0.09999799728393555,3047.71533203125,121.63072204589844,27.25213050842285,76.04219055175781,03/20/2023 16:55,7.0,25.0,True,34.37539291381836,7.2299652099609375,0.0,0.0,27474.345703125,0.663249135017395
23.486661911010742,260.78656005859375,1.4124927520751953,1189.833984375,2706.880615234375,123.30067443847656,28.678592681884766,70.01453399658203,03/20/2023 17:04,6.0,593.0,True,32.856056213378906,6.072107791900635,0.0,31480.728515625,16092.9296875,0.6844262480735779
32.034339904785156,255.19442749023438,1.4198344945907593,1590.8045654296875,0.049999501556158066,120.9315185546875,27.31146240234375,75.88307189941406,03/20/2023 16:57,6.0,124.0,True,80.65284729003906,5.657358169555664,0.0,94770.09375,0.0,0.6567193865776062
29.252710342407227,278.51318359375,1.4238600730895996,1373.09765625,0.049999501556158066,121.35765075683594,26.546817779541016,79.12770080566406,03/20/2023 16:59,6.0,242.0,True,61.1937141418457,7.184527397155762,0.0,52580.671875,0.0,0.657871663570404
25.368534088134766,240.94558715820312,493.6202697753906,0.09999799728393555,2715.385986328125,122.48628234863281,28.710588455200195,69.55192565917969,03/20/2023 16:57,7.0,130.0,True,41.28242492675781,4.895821571350098,0.11834906041622162,0.0,16335.1484375,0.6774762272834778
28.1571044921875,237.8218231201172,1.4130438566207886,998.4684448242188,2708.74169921875,119.84281158447266,28.839794158935547,69.7964096069336,03/20/2023 17:04,7.0,583.0,True,55.8961181640625,4.714471817016602,0.0,16854.09765625,16127.755859375,0.6513097882270813
25.99245262145996,258.5852355957031,1.4157710075378418,1758.14404296875,0.049999501556158066,120.25035095214844,28.47127914428711,71.63026428222656,03/20/2023 16:56,7.0,67.0,True,43.939231872558594,5.902541160583496,0.0,145097.109375,0.0,0.6532063484191895
26.979217529296875,271.92327880859375,436.46826171875,0.09999799728393555,3180.63916015625,119.4583740234375,28.558788299560547,71.10839080810547,03/20/2023 16:55,7.0,18.0,True,49.112709045410156,6.802285671234131,0.06691943109035492,0.0,34497.7890625,0.6464559435844421
26.10354232788086,271.56597900390625,1.4190099239349365,1064.148193359375,2982.75439453125,121.91568756103516,28.31202507019043,73.10770416259766,03/20/2023 17:01,7.0,413.0,True,44.20258331298828,6.736142635345459,0.0,20821.375,24744.177734375,0.6665404438972473
20.671024322509766,233.74240112304688,1.4091582298278809,0.09999799728393555,3067.131103515625,121.40252685546875,28.954912185668945,68.2022705078125,03/20/2023 16:56,7.0,73.0,True,22.76859474182129,4.525836944580078,0.0,0.0,28786.56640625,0.6687590479850769
27.605026245117188,275.08642578125,1.4219119548797607,1582.58740234375,1983.33349609375,123.00907897949219,27.659936904907227,75.70073699951172,03/20/2023 16:58,7.0,223.0,True,51.795536041259766,6.95621395111084,0.0,92415.453125,5074.103515625,0.6747833490371704
0.011386308819055557,270.98553466796875,1.4145796298980713,498.5499572753906,3466.947265625,121.6202392578125,28.90978240966797,70.1357421875,03/20/2023 17:03,6.0,539.0,True,0.0,6.739204406738281,0.0,1756.880859375,57011.328125,0.6669221520423889
26.545913696289062,249.2838897705078,1.4096908569335938,1640.8585205078125,0.049999501556158066,119.97027587890625,28.93007469177246,68.44383239746094,03/20/2023 17:02,6.0,452.0,True,47.32470703125,5.384036064147949,0.0,109799.5,0.0,0.6548620462417603
27.631750106811523,274.93792724609375,1.418518304824829,686.1766967773438,2536.870849609375,120.41294860839844,27.788515090942383,74.25297546386719,03/20/2023 16:59,7.0,268.0,True,52.30012512207031,6.980075836181641,0.0,4769.193359375,12232.74609375,0.6527999639511108
21.845643997192383,273.27239990234375,1.4191076755523682,1473.9893798828125,0.049999501556158066,121.30001068115234,28.043561935424805,73.81130981445312,03/20/2023 17:01,7.0,405.0,True,26.226036071777344,6.85526704788208,0.0,69909.109375,0.0,0.660682737827301
29.49538230895996,264.50372314453125,291.7886047363281,1079.3321533203125,2901.803466796875,121.6374282836914,28.37331771850586,71.6696548461914,03/20/2023 16:58,6.0,225.0,True,63.81331253051758,6.291610240936279,0.014084413647651672,22058.169921875,21835.212890625,0.6666716933250427
22.898754119873047,275.26202392578125,1.4178097248077393,0.09999799728393555,3230.492431640625,121.15030670166016,28.390527725219727,72.51213073730469,03/20/2023 16:59,7.0,280.0,True,30.178586959838867,7.010652542114258,0.0,0.0,37387.6015625,0.660196840763092
22.08173942565918,239.7718505859375,1.4074923992156982,1462.42724609375,3481.311279296875,121.10009765625,29.206302642822266,67.01150512695312,03/20/2023 17:02,7.0,420.0,True,27.70870590209961,4.859072685241699,0.0,69344.1328125,59114.55078125,0.6670909523963928
26.085514068603516,261.351806640625,428.4969787597656,1361.1954345703125,2779.99365234375,121.0031509399414,28.407440185546875,71.54924011230469,03/20/2023 16:56,6.0,99.0,True,44.46761703491211,6.085883140563965,0.06176464259624481,51744.328125,17993.36328125,0.6607703566551208
18.54208755493164,266.9066162109375,1.41374671459198,0.09999799728393555,3381.873046875,123.6760025024414,28.631731033325195,70.5521240234375,03/20/2023 17:02,7.0,438.0,True,16.426944732666016,6.466082572937012,0.0,0.0,48942.03125,0.6870994567871094
21.938657760620117,276.71502685546875,1.4144482612609863,896.8238525390625,3212.3525390625,119.442626953125,28.800092697143555,70.3660659790039,03/20/2023 16:58,6.0,192.0,True,26.805416107177734,7.15117073059082,0.0,11630.4296875,36419.5546875,0.6465985774993896
27.475582122802734,268.3346862792969,1.418753981590271,1441.798583984375,0.049999501556158066,119.9962158203125,28.23990821838379,73.20286560058594,03/20/2023 16:59,6.0,296.0,True,51.411033630371094,6.515613079071045,0.0,64150.953125,0.0,0.6487548351287842
23.839826583862305,227.5968017578125,1.4073430299758911,1029.708984375,0.049999501556158066,121.01082611083984,29.021949768066406,67.4218978881836,03/20/2023 16:59,7.0,272.0,True,34.68581008911133,4.226041793823242,0.0,18978.10546875,0.0,0.6663520336151123
23.851980209350586,256.98541259765625,558.2068481445312,1262.042724609375,2903.124267578125,121.1988296508789,28.743133544921875,70.83170318603516,03/20/2023 17:01,6.0,361.0,True,34.17290496826172,5.805061340332031,0.2212151139974594,38884.859375,21873.62890625,0.6623521447181702
27.447948455810547,245.15121459960938,1.410273551940918,0.09999799728393555,3413.537353515625,120.66868591308594,28.951759338378906,68.58582305908203,03/20/2023 17:02,6.0,442.0,True,52.1474723815918,5.139472007751465,0.0,0.0,52047.09375,0.6610190272331238
26.40740394592285,262.74285888671875,535.746826171875,1662.90087890625,0.049999501556158066,119.83500671386719,28.688796997070312,68.92108917236328,03/20/2023 16:59,7.0,292.0,True,46.63831329345703,6.228657245635986,0.17934229969978333,116139.609375,0.0,0.6538565158843994
23.212745666503906,246.57058715820312,1.4127267599105835,0.09999799728393555,544.2764282226562,119.90373229980469,28.83747673034668,69.69583892822266,03/20/2023 16:56,6.0,62.0,True,31.731273651123047,5.202183723449707,0.0,0.0,192.9609375,0.6521016955375671
23.02686309814453,263.0378723144531,1.4167025089263916,1245.183349609375,0.049999501556158066,121.6028060913086,28.414173126220703,72.08393096923828,03/20/2023 17:04,6.0,571.0,True,30.744335174560547,6.180830001831055,0.0,36898.671875,0.0,0.6652393937110901
12.702995300292969,263.78594970703125,1.4108343124389648,0.09999799728393555,3633.74755859375,122.58674621582031,29.03347396850586,68.57020568847656,03/20/2023 16:59,6.0,286.0,True,5.5059003829956055,6.283795356750488,0.0,0.0,78624.0,0.6788142919540405
25.63370132446289,295.89898681640625,1.4254957437515259,1474.6939697265625,0.049999501556158066,123.41893005371094,27.90875244140625,76.26229858398438,03/20/2023 17:04,7.0,547.0,True,41.362823486328125,8.531868934631348,0.0,69170.671875,0.0,0.676076352596283
27.96584129333496,264.17333984375,1.417848825454712,1511.0400390625,2200.777587890625,119.22459411621094,27.947031021118164,73.63383483886719,03/20/2023 17:03,6.0,525.0,True,54.25576400756836,6.2450408935546875,0.0,77327.359375,7231.748046875,0.6422230005264282
23.435108184814453,288.3851318359375,1.419691562652588,0.09999799728393555,1950.7635498046875,122.15848541259766,28.145469665527344,73.75054931640625,03/20/2023 17:02,6.0,441.0,True,32.17308044433594,7.986400604248047,0.0,0.0,4825.7802734375,0.6683419942855835
28.439355850219727,273.8727722167969,1.4195178747177124,0.09999799728393555,0.049999501556158066,120.27645111083984,27.36536979675293,75.64315795898438,03/20/2023 16:58,6.0,191.0,True,56.81227493286133,6.893777847290039,0.0,0.0,0.0,0.650830090045929
25.928476333618164,273.3699951171875,1.4148023128509521,1207.526123046875,1219.1004638671875,120.39373779296875,28.724985122680664,70.6722412109375,03/20/2023 17:02,7.0,465.0,True,43.70805358886719,6.905540466308594,0.0,33075.6953125,1277.125,0.6552281975746155
27.0846004486084,251.0588836669922,1.415496826171875,1630.0899658203125,0.049999501556158066,121.30623626708984,28.542253494262695,71.3612060546875,03/20/2023 17:03,6.0,537.0,True,49.61518859863281,5.443159580230713,0.0,105637.34375,0.0,0.6633051037788391
23.029542922973633,270.960693359375,290.75408935546875,1656.2913818359375,0.049999501556158066,119.7005615234375,28.614421844482422,71.17137908935547,03/20/2023 16:59,7.0,297.0,True,30.831714630126953,6.728693962097168,0.01390296220779419,112854.09375,0.0,0.6482893824577332
29.877094268798828,272.3182678222656,1.4195530414581299,1531.118408203125,0.049999501556158066,119.81571960449219,28.1168155670166,73.77616882324219,03/20/2023 17:00,7.0,306.0,True,65.69159698486328,6.783504486083984,0.0,81243.0546875,0.0,0.6465243101119995
20.533855438232422,248.9706268310547,194.76463317871094,1308.981689453125,2310.394287109375,120.48997497558594,28.827072143554688,69.39471435546875,03/20/2023 16:59,6.0,266.0,True,22.21272850036621,5.349316596984863,0.00377732515335083,44901.38671875,8667.466796875,0.658285915851593
24.169414520263672,263.4006042480469,1.4229623079299927,1498.8892822265625,3421.81201171875,121.4328842163086,27.023696899414062,77.63883209228516,03/20/2023 17:01,7.0,397.0,True,34.985687255859375,6.1481709480285645,0.0,74137.1328125,51913.4375,0.6592060923576355
26.42868995666504,277.8687744140625,1.4197814464569092,1421.666259765625,2423.28955078125,120.9056396484375,28.215106964111328,73.60635375976562,03/20/2023 16:57,6.0,149.0,True,45.768104553222656,7.179935455322266,0.0,60609.21875,10228.212890625,0.6565148234367371
26.509979248046875,257.85150146484375,1.4089528322219849,0.09999799728393555,3291.223388671875,121.66624450683594,28.936288833618164,68.17955780029297,03/20/2023 16:57,7.0,129.0,True,47.2075080871582,5.9151787757873535,0.0,0.0,42013.69140625,0.671412467956543
30.044757843017578,286.4141540527344,1.4216147661209106,1535.8453369140625,0.049999501556158066,119.69571685791016,27.219079971313477,76.7044677734375,03/20/2023 17:00,6.0,318.0,True,66.50721740722656,7.808335781097412,0.0,81921.7734375,0.0,0.643988847732544
21.51018714904785,240.8292694091797,450.8603515625,1238.0965576171875,0.049999501556158066,120.22877502441406,28.946563720703125,68.13450622558594,03/20/2023 16:58,7.0,230.0,True,25.590042114257812,4.907124996185303,0.07804509997367859,36687.9921875,0.0,0.6578550338745117
18.420040130615234,281.189208984375,1.4130357503890991,1211.177978515625,0.049999501556158066,121.42417907714844,28.854522705078125,69.75687408447266,03/20/2023 16:58,7.0,218.0,True,16.13701820373535,7.500701904296875,0.0,33560.50390625,0.0,0.6661760210990906
27.65073585510254,281.60845947265625,1.4219893217086792,947.4111328125,0.049999501556158066,122.26750183105469,27.370344161987305,76.45035552978516,03/20/2023 17:00,7.0,329.0,True,52.04011154174805,7.434696197509766,0.0,13816.4326171875,0.0,0.667726993560791
30.410785675048828,268.9053649902344,1.4226070642471313,1455.760986328125,0.049999501556158066,121.92140197753906,27.459861755371094,76.43093872070312,03/20/2023 16:56,6.0,114.0,True,68.78750610351562,6.517839431762695,0.0,66116.0078125,0.0,0.6640337109565735
27.014217376708984,275.90643310546875,1.4227186441421509,1591.3494873046875,0.049999501556158066,120.85196685791016,27.519704818725586,76.31822967529297,03/20/2023 17:00,6.0,338.0,True,48.52419662475586,7.006874084472656,0.0,94367.9375,0.0,0.6539556384086609
28.676513671875,256.06024169921875,1.4205888509750366,1597.39599609375,0.049999501556158066,121.1338119506836,27.15689468383789,76.51983642578125,03/20/2023 17:04,6.0,540.0,True,58.0927734375,5.70419979095459,0.0,96240.515625,0.0,0.6580804586410522
16.78996467590332,269.85491943359375,1.4158179759979248,1523.6663818359375,3139.87646484375,121.9098892211914,28.58917999267578,71.3511962890625,03/20/2023 16:57,6.0,168.0,True,12.251541137695312,6.648317337036133,0.0,80258.3515625,32175.921875,0.6687710881233215
31.037311553955078,274.8499450683594,1.4214441776275635,1386.97509765625,1474.260986328125,122.39215087890625,27.695850372314453,75.45600891113281,03/20/2023 17:00,6.0,308.0,True,73.22503662109375,6.944033622741699,0.0,54909.640625,2100.763671875,0.6692911386489868
22.166072845458984,265.46649169921875,1.4152841567993164,0.09999799728393555,3250.099365234375,122.4925537109375,28.54987335205078,71.2711181640625,03/20/2023 17:00,6.0,300.0,True,27.579578399658203,6.354602336883545,0.0,0.0,38797.19921875,0.6746776700019836
20.275226593017578,278.4329528808594,1.4170080423355103,1464.4801025390625,0.049999501556158066,122.09877014160156,28.30096435546875,72.46883392333984,03/20/2023 16:55,7.0,51.0,True,21.178794860839844,7.250786304473877,0.0,68431.84375,0.0,0.6697022318840027
18.464412689208984,253.61709594726562,1.4083330631256104,1480.936767578125,3295.58349609375,119.34083557128906,28.461830139160156,69.15654754638672,03/20/2023 17:00,6.0,359.0,True,16.406593322753906,5.656100273132324,0.0,72745.59375,42369.0625,0.6499183177947998
27.358373641967773,288.89056396484375,435.86181640625,1416.87353515625,0.049999501556158066,120.17176818847656,28.394792556762695,72.4271469116211,03/20/2023 17:03,6.0,530.0,True,50.88860321044922,8.051555633544922,0.06619581580162048,60078.08203125,0.0,0.6512022018432617
23.56684112548828,279.7571105957031,1.4217337369918823,1589.9068603515625,0.049999501556158066,121.00624084472656,27.56188201904297,75.88687133789062,03/20/2023 17:04,6.0,574.0,True,32.57126235961914,7.298828125,0.0,94201.046875,0.0,0.6560835838317871
21.794830322265625,283.48748779296875,1.4134609699249268,0.09999799728393555,3060.737060546875,120.04598236083984,28.53142738342285,70.70709991455078,03/20/2023 17:00,6.0,349.0,True,26.347389221191406,7.67252779006958,0.0,0.0,28316.552734375,0.6529168486595154
23.850858688354492,291.64447021484375,1.4153774976730347,0.09999799728393555,3751.0703125,123.048095703125,28.46603775024414,71.51188659667969,03/20/2023 16:58,6.0,223.0,True,34.17078399658203,8.302172660827637,0.0,0.0,99032.046875,0.6798964738845825
27.181015014648438,276.20794677734375,1.411605715751648,1425.4002685546875,0.049999501556158066,119.7576675415039,28.794269561767578,69.42756652832031,03/20/2023 17:02,7.0,470.0,True,50.533294677734375,7.143786907196045,0.0,62222.6171875,0.0,0.6515220999717712
27.712993621826172,235.89987182617188,1.4106261730194092,953.076171875,0.049999501556158066,121.41426086425781,28.930667877197266,68.75720977783203,03/20/2023 16:59,7.0,276.0,True,53.60405349731445,4.6289472579956055,0.0,14420.576171875,0.0,0.667812705039978
24.286602020263672,266.75994873046875,514.3123779296875,1476.123046875,3021.61767578125,119.73957824707031,28.54302215576172,70.87277221679688,03/20/2023 16:56,6.0,117.0,True,36.13059616088867,6.453341484069824,0.1442018747329712,71012.421875,26539.0078125,0.6496476531028748
25.819019317626953,233.8749542236328,1.4166135787963867,813.9935913085938,0.049999501556158066,121.19390869140625,28.411256790161133,72.06155395507812,03/20/2023 17:04,7.0,540.0,True,43.01048278808594,4.483419418334961,0.0,8367.91796875,0.0,0.6614543795585632
29.223094940185547,283.7478332519531,1.42037034034729,1581.117431640625,0.049999501556158066,119.95356750488281,28.004413604736328,74.32858276367188,03/20/2023 16:57,6.0,127.0,True,61.44198226928711,7.615356922149658,0.0,92345.296875,0.0,0.6472371816635132
25.941354751586914,281.6119384765625,1.4183285236358643,893.5103149414062,3453.459228515625,123.03292083740234,28.529544830322266,72.33723449707031,03/20/2023 17:03,6.0,536.0,True,43.460662841796875,7.474790096282959,0.0,11398.30078125,55334.640625,0.6776031255722046
26.501779556274414,277.7288513183594,1.419908046722412,757.653564453125,824.6804809570312,123.21632385253906,28.10736083984375,73.91773223876953,03/20/2023 17:00,7.0,356.0,True,46.12921905517578,7.168339729309082,0.0,6562.5078125,487.66796875,0.6781987547874451
24.606334686279297,241.25650024414062,392.5181579589844,623.7515869140625,2251.632080078125,122.14268493652344,29.01228904724121,68.58100128173828,03/20/2023 17:01,6.0,366.0,True,37.7978630065918,4.917604446411133,0.043158382177352905,3569.55078125,7914.033203125,0.6746712327003479
25.663753509521484,251.68838500976562,1.4147971868515015,1630.3438720703125,0.049999501556158066,121.42147064208984,28.505434036254883,71.21939086914062,03/20/2023 17:04,6.0,549.0,True,42.41120147705078,5.486317157745361,0.0,105850.8125,0.0,0.6648901700973511
21.68813705444336,291.9178466796875,1.4165656566619873,622.8707885742188,2752.9306640625,121.4809799194336,28.496400833129883,71.83271789550781,03/20/2023 16:55,6.0,18.0,True,25.809207916259766,8.310266494750977,0.0,3512.81640625,17205.17578125,0.6641892194747925
27.806140899658203,263.89495849609375,1.4170794486999512,1341.0557861328125,0.049999501556158066,120.07252502441406,28.376745223999023,72.30317687988281,03/20/2023 16:57,7.0,146.0,True,53.432281494140625,6.233707904815674,0.0,48693.421875,0.0,0.6506315469741821
29.479190826416016,252.47537231445312,1.4195616245269775,1472.113525390625,2263.0458984375,119.81596374511719,27.628765106201172,74.99919128417969,03/20/2023 17:03,6.0,489.0,True,63.145057678222656,5.495138645172119,0.0,69497.234375,7959.7431640625,0.6465206146240234
24.65091323852539,270.10980224609375,1.419944405555725,1511.605712890625,0.049999501556158066,120.2041244506836,28.045074462890625,74.08548736572266,03/20/2023 16:57,7.0,124.0,True,37.29500961303711,6.62589693069458,0.0,77125.0703125,0.0,0.6498603224754333
25.454286575317383,259.0730285644531,1.4170879125595093,0.09999799728393555,2425.27978515625,121.2102279663086,27.819028854370117,73.70030212402344,03/20/2023 16:58,6.0,223.0,True,41.21157455444336,5.922022819519043,0.0,0.0,10298.1689453125,0.6612710356712341
22.926490783691406,292.08197021484375,1.4167596101760864,1187.00146484375,3106.65625,121.8992691040039,28.467395782470703,71.96989440917969,03/20/2023 16:55,6.0,35.0,True,30.350122451782227,8.321443557739258,0.0,30947.33203125,30406.65234375,0.6679953932762146
28.55282211303711,269.1453552246094,1.4240992069244385,1642.4517822265625,0.049999501556158066,121.85588073730469,28.008285522460938,75.55296325683594,03/20/2023 16:56,7.0,79.0,True,56.95382308959961,6.520003318786621,0.0,107164.34375,0.0,0.6623626351356506
23.632190704345703,261.9798278808594,1.4147217273712158,1719.662841796875,0.049999501556158066,120.27397155761719,28.143856048583984,72.09810638427734,03/20/2023 16:59,6.0,286.0,True,33.305171966552734,6.129602432250977,0.0,132308.953125,0.0,0.6541640162467957
21.7984676361084,288.4183044433594,469.39031982421875,1325.150390625,0.049999501556158066,123.09503173828125,28.150545120239258,74.79705810546875,03/20/2023 17:03,6.0,530.0,True,25.862838745117188,7.951900005340576,0.09142760932445526,46013.25390625,0.0,0.6748929619789124
25.210407257080078,270.57464599609375,1.4083389043807983,0.09999799728393555,3542.197509765625,120.94319152832031,28.99101448059082,67.83561706542969,03/20/2023 17:04,6.0,592.0,True,40.78095245361328,6.7722625732421875,0.0,0.0,66148.3828125,0.664995551109314
28.734798431396484,294.89593505859375,1.4218719005584717,1337.626953125,0.049999501556158066,120.81907653808594,27.41441535949707,76.30130004882812,03/20/2023 17:00,7.0,309.0,True,58.290130615234375,8.492652893066406,0.0,47771.21875,0.0,0.6542409658432007
19.079931259155273,251.3619842529297,514.6644287109375,1556.81787109375,3242.223876953125,122.18975830078125,28.60080337524414,71.06716918945312,03/20/2023 17:04,6.0,567.0,True,17.807872772216797,5.46474552154541,0.14443975687026978,87639.1171875,38289.5546875,0.6719702482223511
21.700204849243164,261.05975341796875,1.4167635440826416,1243.8751220703125,1997.678466796875,122.44222259521484,28.45819854736328,71.9942398071289,03/20/2023 17:00,7.0,350.0,True,25.840866088867188,6.051806449890137,0.0,36750.96875,5230.88671875,0.6731299161911011
24.192304611206055,232.1988067626953,1.411956787109375,1335.77978515625,0.049999501556158066,119.80192565917969,28.75731086730957,69.63786315917969,03/20/2023 16:56,7.0,112.0,True,35.872314453125,4.427921772003174,0.0,48456.21875,0.0,0.651689887046814
25.056682586669922,263.0896301269531,1.4168941974639893,625.8181762695312,3122.58984375,121.18727111816406,28.493682861328125,71.94908142089844,03/20/2023 16:55,6.0,53.0,True,39.36639404296875,6.1824870109558105,0.0,3563.591796875,31216.01171875,0.6611927151679993
22.93520736694336,269.1103515625,1.420161247253418,1369.4320068359375,2734.9833984375,122.69114685058594,27.71009635925293,74.99496459960938,03/20/2023 16:57,6.0,161.0,True,30.17580223083496,6.555140495300293,0.0,52423.234375,16643.0625,0.6730365753173828
25.775991439819336,286.1178283691406,1.4191396236419678,1501.401611328125,2518.250732421875,121.59312438964844,28.304838180541992,73.16877746582031,03/20/2023 17:02,7.0,461.0,True,42.582374572753906,7.813310623168945,0.0,75192.8125,11872.330078125,0.6634125709533691
27.674510955810547,266.2135925292969,1.4194799661636353,1210.97412109375,1537.086669921875,121.13057708740234,27.685670852661133,74.82977294921875,03/20/2023 17:04,7.0,593.0,True,52.436622619628906,6.365567207336426,0.0,33117.609375,2366.564453125,0.6588316559791565
32.17896270751953,233.31893920898438,1.4216984510421753,1600.2020263671875,0.049999501556158066,122.06099700927734,25.738435745239258,80.43377685546875,03/20/2023 16:58,7.0,190.0,True,81.42674255371094,4.421918869018555,0.0,96722.84375,0.0,0.6659912467002869
28.932992935180664,243.50796508789062,1.4126639366149902,1153.650634765625,0.049999501556158066,121.56854248046875,28.593698501586914,70.28421020507812,03/20/2023 17:03,6.0,490.0,True,60.60009002685547,5.028637409210205,0.0,28132.037109375,0.0,0.6678081750869751
26.466150283813477,266.63360595703125,1.418563723564148,1248.476318359375,1975.19677734375,120.92506408691406,28.24775505065918,73.11994934082031,03/20/2023 17:04,7.0,557.0,True,46.07213592529297,6.402279853820801,0.0,37125.4140625,5030.3251953125,0.6575533747673035
27.17362403869629,279.4286193847656,1.4245191812515259,1412.2757568359375,1871.2564697265625,121.28653717041016,27.719701766967773,76.41300201416016,03/20/2023 17:04,7.0,580.0,True,49.192161560058594,7.24498987197876,0.0,58525.5546875,4203.884765625,0.6567457318305969
27.564834594726562,289.9060363769531,1.4209767580032349,1605.7322998046875,431.7464294433594,121.56951904296875,27.592498779296875,75.5594711303711,03/20/2023 16:57,6.0,169.0,True,51.6713981628418,8.093353271484375,0.0,98236.703125,115.6796875,0.6618876457214355
29.087427139282227,263.9158935546875,1.4200400114059448,1539.12646484375,0.049999501556158066,118.87239837646484,27.443143844604492,75.6220932006836,03/20/2023 16:58,7.0,182.0,True,60.64585494995117,6.208172798156738,0.0,82881.984375,0.0,0.6374691724777222
29.286060333251953,264.5229187011719,1.4207829236984253,1453.7603759765625,0.049999501556158066,122.39079284667969,27.246870040893555,76.35928344726562,03/20/2023 17:03,6.0,505.0,True,61.78137969970703,6.241333484649658,0.0,65995.8125,0.0,0.6697519421577454
31.1080322265625,261.57452392578125,1.418444275856018,942.1004638671875,0.049999501556158066,120.321044921875,27.579965591430664,74.74968719482422,03/20/2023 16:55,6.0,1.0,True,74.16632080078125,6.07010555267334,0.0,13647.275390625,0.0,0.6519948244094849
27.310619354248047,264.84307861328125,1.4197744131088257,1333.61279296875,0.049999501556158066,122.65245056152344,26.722841262817383,77.33468627929688,03/20/2023 17:04,6.0,559.0,True,50.404605865478516,6.271677494049072,0.0,47424.203125,0.0,0.6729490160942078
23.595600128173828,267.4452209472656,1.4156864881515503,0.09999799728393555,3590.24755859375,121.04313659667969,28.52170753479004,71.47599029541016,03/20/2023 17:02,7.0,439.0,True,33.089599609375,6.484251499176025,0.0,0.0,71763.0625,0.6606951951980591
23.256053924560547,259.3892822265625,332.718994140625,1301.9305419921875,0.049999501556158066,120.46453857421875,28.733051300048828,70.17728424072266,03/20/2023 16:56,6.0,103.0,True,31.86244010925293,5.974414348602295,0.022655129432678223,43856.84765625,0.0,0.6568920612335205
32.30956268310547,259.4590148925781,1.4190256595611572,1746.18994140625,0.049999501556158066,120.81449890136719,28.266517639160156,73.22666931152344,03/20/2023 16:59,6.0,271.0,True,82.8528823852539,5.929699420928955,0.0,140023.796875,0.0,0.6561940908432007
28.1352596282959,241.98867797851562,501.57708740234375,1436.3214111328125,0.049999501556158066,118.20503997802734,28.399930953979492,71.6391830444336,03/20/2023 16:57,7.0,150.0,True,55.51827621459961,4.92513370513916,0.1270461082458496,63639.8046875,0.0,0.6345786452293396
20.82970428466797,255.7948760986328,1.4143986701965332,1352.3843994140625,0.049999501556158066,121.19808197021484,28.5954647064209,70.86100006103516,03/20/2023 17:02,6.0,455.0,True,23.036575317382812,5.739617347717285,0.0,50542.8359375,0.0,0.6630685925483704
23.275991439819336,285.85284423828125,1.4145177602767944,1532.904052734375,2629.385009765625,120.78138732910156,28.512149810791016,71.10913848876953,03/20/2023 17:00,7.0,350.0,True,31.86919403076172,7.845407485961914,0.0,82434.875,14212.6171875,0.6590644121170044
25.994583129882812,254.87991333007812,1.4171531200408936,1520.192138671875,2766.806640625,121.56292724609375,28.564678192138672,71.85795593261719,03/20/2023 16:58,6.0,185.0,True,43.82704544067383,5.660285472869873,0.0,79321.0078125,17571.59375,0.6645422577857971
30.299083709716797,257.5698547363281,1.4186577796936035,0.09999799728393555,3119.375732421875,120.13511657714844,27.7484188079834,74.39959716796875,03/20/2023 16:55,6.0,54.0,True,68.5892562866211,5.813999652862549,0.0,0.0,30974.326171875,0.6501138210296631
20.57048225402832,273.83905029296875,404.2680358886719,1473.0736083984375,2944.056640625,120.2301025390625,28.444236755371094,71.60796356201172,03/20/2023 16:56,6.0,116.0,True,22.15953826904297,6.93196964263916,0.048286616802215576,70233.765625,23357.201171875,0.6532059907913208
30.0690860748291,261.8767395019531,1.4236940145492554,1039.067138671875,0.049999501556158066,122.61930084228516,27.009841918945312,77.915283203125,03/20/2023 16:55,6.0,48.0,True,66.38748168945312,6.043178081512451,0.0,18969.640625,0.0,0.6698224544525146
26.4626407623291,281.9080505371094,1.419101595878601,1232.2855224609375,2981.344970703125,119.5750961303711,28.261837005615234,73.26362609863281,03/20/2023 17:00,6.0,320.0,True,46.00418472290039,7.488803863525391,0.0,35338.96484375,24684.611328125,0.6446051597595215
27.528894424438477,277.8290710449219,1.4179013967514038,1575.9049072265625,0.049999501556158066,121.94405364990234,28.130334854125977,73.19309997558594,03/20/2023 16:56,6.0,106.0,True,51.79408645629883,7.19675874710083,0.0,91557.109375,0.0,0.6676003336906433
21.785400390625,274.423583984375,1.411681056022644,0.09999799728393555,3425.0615234375,120.08543395996094,28.73843765258789,69.59245300292969,03/20/2023 17:02,6.0,470.0,True,26.409263610839844,7.013076305389404,0.0,0.0,53037.01171875,0.6545384526252747
29.241718292236328,282.69097900390625,1.4237643480300903,1479.512939453125,0.049999501556158066,120.18050384521484,27.648996353149414,76.34065246582031,03/20/2023 17:01,6.0,377.0,True,61.13775634765625,7.497264862060547,0.0,70304.2421875,0.0,0.6469929814338684
26.10564613342285,276.6029052734375,1.419079303741455,1521.532470703125,2419.109619140625,120.24449157714844,28.072219848632812,73.73026275634766,03/20/2023 17:00,6.0,303.0,True,44.20684051513672,7.094715118408203,0.0,79300.375,10171.490234375,0.6508383750915527
20.90412139892578,270.25897216796875,1.4152315855026245,0.09999799728393555,3330.736083984375,121.32515716552734,28.46495246887207,71.4658203125,03/20/2023 17:01,6.0,367.0,True,23.238618850708008,6.682087421417236,0.0,0.0,44621.0,0.6636724472045898
20.188383102416992,267.62481689453125,1.4111607074737549,0.09999799728393555,3615.001708984375,122.4097671508789,28.954565048217773,68.87722778320312,03/20/2023 17:03,7.0,518.0,True,21.164358139038086,6.539726257324219,0.0,0.0,75759.640625,0.6768872141838074
29.71539306640625,260.3537902832031,1.4169865846633911,1699.5263671875,0.049999501556158066,120.79582214355469,28.284936904907227,72.50172424316406,03/20/2023 17:03,6.0,512.0,True,64.98518371582031,6.004492282867432,0.0,125327.390625,0.0,0.6574551463127136
29.53759765625,246.8943328857422,1.4127823114395142,1559.1990966796875,0.049999501556158066,122.50291442871094,28.64624786376953,70.19253540039062,03/20/2023 17:02,6.0,443.0,True,64.39187622070312,5.220412254333496,0.0,88577.15625,0.0,0.6765933036804199
25.10158920288086,287.7591857910156,1.4232031106948853,1581.56689453125,0.049999501556158066,122.61695861816406,27.63412094116211,76.19241333007812,03/20/2023 17:00,6.0,344.0,True,39.07305145263672,7.896019458770752,0.0,91940.75,0.0,0.6701515913009644
27.575021743774414,258.09222412109375,1.4181368350982666,1527.8372802734375,0.049999501556158066,121.03692626953125,28.499126434326172,72.34951782226562,03/20/2023 17:04,6.0,579.0,True,52.02501678466797,5.851142406463623,0.0,80772.1171875,0.0,0.6589022874832153
23.048503875732422,242.95458984375,1.4151278734207153,1595.7281494140625,0.049999501556158066,121.04786682128906,28.358104705810547,71.69828796386719,03/20/2023 17:01,7.0,384.0,True,30.927425384521484,4.979644775390625,0.0,96863.84375,0.0,0.6611360311508179
18.12965202331543,256.4386291503906,1.4151651859283447,1634.3819580078125,0.049999501556158066,123.891357421875,28.682537078857422,70.89966583251953,03/20/2023 16:55,7.0,36.0,True,15.34047794342041,5.7731032371521,0.0,106859.75,0.0,0.688117265701294
23.823007583618164,267.3655090332031,1.4158939123153687,0.09999799728393555,3312.8173828125,122.54621887207031,28.39263916015625,71.86790466308594,03/20/2023 16:57,6.0,175.0,True,34.018402099609375,6.476869106292725,0.0,0.0,43204.7578125,0.674745500087738
28.775890350341797,265.29071044921875,1.4202913045883179,1259.15869140625,0.049999501556158066,121.62799072265625,27.4447078704834,75.70162200927734,03/20/2023 16:57,7.0,168.0,True,58.72282409667969,6.296583652496338,0.0,38188.19140625,0.0,0.6629222631454468
27.77663230895996,278.70635986328125,1.4224607944488525,1497.2015380859375,0.049999501556158066,123.14146423339844,27.547006607055664,76.16470336914062,03/20/2023 16:58,7.0,226.0,True,52.69013977050781,7.213400840759277,0.0,73878.765625,0.0,0.6756406426429749
27.138813018798828,292.8107604980469,1.4252121448516846,1392.340087890625,0.049999501556158066,121.58392333984375,27.64115333557129,76.83789825439453,03/20/2023 16:56,7.0,104.0,True,48.93885803222656,8.279060363769531,0.0,55322.671875,0.0,0.6590343713760376
28.576778411865234,282.12762451171875,1.421703577041626,1282.7913818359375,2611.44580078125,120.43336486816406,27.624950408935547,75.71920776367188,03/20/2023 16:55,7.0,50.0,True,57.37080383300781,7.477039813995361,0.0,40815.85546875,13683.421875,0.6507679224014282
15.096664428710938,257.6747131347656,1.4100359678268433,0.09999799728393555,3654.414794921875,120.8825454711914,29.020626068115234,68.33368682861328,03/20/2023 16:57,6.0,143.0,True,9.100370407104492,5.89456844329834,0.0,0.0,81987.296875,0.6632064580917358
14.86584186553955,278.8505554199219,1.4127428531646729,1181.7232666015625,3033.259033203125,119.36187744140625,28.65156364440918,70.16604614257812,03/20/2023 16:56,7.0,78.0,True,8.654386520385742,7.3274078369140625,0.0,30690.58203125,27096.84375,0.6470328569412231
25.152368545532227,291.9866638183594,229.9211883544922,1222.508544921875,2097.26806640625,120.4280014038086,28.450735092163086,72.03749084472656,03/20/2023 16:55,6.0,46.0,True,39.81367111206055,8.312637329101562,0.006317436695098877,34469.765625,6141.8544921875,0.6541183590888977
29.189041137695312,264.3472595214844,1.4204511642456055,1254.2769775390625,0.049999501556158066,122.70758056640625,27.86232566833496,74.7105712890625,03/20/2023 16:57,6.0,163.0,True,61.2213020324707,6.232787609100342,0.0,37629.51171875,0.0,0.6729832291603088
14.941720962524414,285.02313232421875,1.4106855392456055,0.09999799728393555,3275.597900390625,119.73734283447266,28.650341033935547,69.47802734375,03/20/2023 17:02,6.0,422.0,True,8.820070266723633,7.824082374572754,0.0,0.0,40795.2265625,0.6519777774810791
29.450475692749023,238.740478515625,1.411178469657898,1429.0526123046875,0.049999501556158066,121.47157287597656,28.399438858032227,70.27105712890625,03/20/2023 17:04,6.0,579.0,True,64.04190063476562,4.776838779449463,0.0,62898.1796875,0.0,0.6679580807685852
26.58734130859375,268.51129150390625,1.4170712232589722,1636.256103515625,1537.566162109375,118.49989318847656,27.911733627319336,73.46300506591797,03/20/2023 17:02,7.0,431.0,True,46.835845947265625,6.543732166290283,0.0,106965.328125,2376.51171875,0.6360628604888916
24.569522857666016,263.4677734375,1.4154421091079712,402.4089660644531,2885.082275390625,122.94761657714844,28.59761619567871,71.20452880859375,03/20/2023 16:55,6.0,41.0,True,37.27276611328125,6.220495700836182,0.0,911.66796875,21250.5234375,0.6788917779922485
23.781566619873047,262.19635009765625,1.4149024486541748,0.09999799728393555,2598.37890625,122.14725494384766,28.362321853637695,71.61238098144531,03/20/2023 17:00,7.0,308.0,True,33.91332244873047,6.142085552215576,0.0,0.0,13532.966796875,0.67167729139328
24.72415542602539,239.65579223632812,1.4139748811721802,1358.518310546875,0.049999501556158066,120.0526123046875,28.55673599243164,70.81595611572266,03/20/2023 17:01,7.0,403.0,True,38.077911376953125,4.806715965270996,0.0,51465.6796875,0.0,0.6526181697845459
23.279043197631836,252.4303436279297,1.4149131774902344,1147.61669921875,0.049999501556158066,122.00071716308594,28.65570068359375,70.88253021240234,03/20/2023 17:04,7.0,554.0,True,31.855899810791016,5.529915809631348,0.0,27482.3515625,0.0,0.6702812910079956
28.283248901367188,272.23358154296875,1.4194486141204834,1496.669921875,0.049999501556158066,119.28703308105469,27.52768898010254,75.21429443359375,03/20/2023 17:00,6.0,331.0,True,55.90704345703125,6.778591156005859,0.0,74211.3671875,0.0,0.6417001485824585
25.235227584838867,253.02676391601562,1.416533350944519,1296.73828125,0.049999501556158066,122.2066650390625,28.20351791381836,72.55413055419922,03/20/2023 17:00,7.0,334.0,True,40.2244873046875,5.55272102355957,0.0,42936.62109375,0.0,0.6710644364356995
24.959369659423828,249.904052734375,1.4142271280288696,1240.9832763671875,0.049999501556158066,121.07462310791016,28.496463775634766,71.05111694335938,03/20/2023 16:55,6.0,39.0,True,39.13026809692383,5.384807586669922,0.0,36618.109375,0.0,0.6620280146598816
25.964351654052734,253.02005004882812,1.416728138923645,1638.267578125,0.049999501556158066,120.4048080444336,27.981739044189453,73.17356872558594,03/20/2023 16:56,6.0,105.0,True,43.71513366699219,5.550732135772705,0.0,107582.375,0.0,0.6539783477783203
24.338842391967773,237.64431762695312,1.4097044467926025,449.8545227050781,996.6162109375,119.79595947265625,28.9361515045166,68.4332046508789,03/20/2023 16:55,6.0,57.0,True,36.680477142333984,4.728121757507324,0.0,1293.70703125,776.6484375,0.6532173156738281
28.652673721313477,251.1175994873047,1.4153015613555908,0.09999799728393555,0.049999501556158066,119.6596450805664,28.55245590209961,71.27046966552734,03/20/2023 16:58,7.0,183.0,True,58.57331085205078,5.448211193084717,0.0,0.0,0.0,0.64802485704422
25.497159957885742,247.0474395751953,1.4123008251190186,1424.54833984375,1786.0960693359375,120.30741882324219,28.597213745117188,70.15361022949219,03/20/2023 17:02,7.0,432.0,True,41.819252014160156,5.232947826385498,0.0,61993.14453125,3704.826171875,0.6561830639839172
29.184911727905273,279.9015808105469,1.4215480089187622,1506.764892578125,0.049999501556158066,119.65165710449219,28.023345947265625,74.67169189453125,03/20/2023 17:04,6.0,564.0,True,61.060546875,7.311554431915283,0.0,75907.3671875,0.0,0.643627405166626
27.348180770874023,275.9126281738281,447.0130920410156,1589.185302734375,0.049999501556158066,119.14991760253906,28.266149520874023,72.14459228515625,03/20/2023 16:58,7.0,237.0,True,51.01948165893555,7.078739166259766,0.07421103119850159,95132.671875,0.0,0.6429605484008789
28.463626861572266,266.37725830078125,508.6588439941406,1471.2845458984375,0.049999501556158066,122.5130386352539,28.175458908081055,72.81686401367188,03/20/2023 17:02,7.0,464.0,True,57.23284149169922,6.398643493652344,0.13571026921272278,69677.53125,0.0,0.673550546169281
32.388328552246094,277.58050537109375,1.4226915836334229,1165.794921875,0.049999501556158066,120.62351989746094,27.27177619934082,76.92911529541016,03/20/2023 17:01,7.0,404.0,True,82.83642578125,7.128469467163086,0.0,28649.08203125,0.0,0.6518481969833374
20.233966827392578,268.1578063964844,1.4134814739227295,742.0690307617188,3303.8642578125,121.04154968261719,28.772180557250977,70.11212158203125,03/20/2023 16:58,6.0,208.0,True,21.204082489013672,6.553953170776367,0.0,6209.169921875,42677.984375,0.6622475981712341
28.0854434967041,275.1625061035156,1.4202996492385864,1383.024169921875,0.049999501556158066,122.39225769042969,27.504390716552734,75.55514526367188,03/20/2023 17:02,6.0,457.0,True,54.67011642456055,6.978053092956543,0.0,54432.55859375,0.0,0.6701122522354126
30.335256576538086,254.84146118164062,1.4202275276184082,1644.2584228515625,0.049999501556158066,119.7489242553711,27.225305557250977,76.22891235351562,03/20/2023 16:58,6.0,237.0,True,68.61323547363281,5.632575035095215,0.0,108472.34375,0.0,0.6454383134841919
20.693180084228516,277.6607666015625,1.4155837297439575,0.09999799728393555,3257.823486328125,122.5342788696289,28.310043334960938,71.97077941894531,03/20/2023 16:56,7.0,106.0,True,22.54409408569336,7.2087812423706055,0.0,0.0,39298.640625,0.6748567819595337
23.627532958984375,254.3946075439453,1.4103443622589111,0.09999799728393555,2860.52490234375,120.70527648925781,29.08026123046875,68.28842163085938,03/20/2023 17:01,6.0,373.0,True,33.5828857421875,5.687127113342285,0.0,0.0,20578.48046875,0.6613134145736694
22.909217834472656,241.4113311767578,1.4099209308624268,1294.29638671875,0.049999501556158066,120.6867904663086,28.816200256347656,68.80603790283203,03/20/2023 16:59,6.0,276.0,True,30.706104278564453,4.9318671226501465,0.0,43193.0078125,0.0,0.6614409685134888
25.274791717529297,262.731689453125,1.4106228351593018,0.09999799728393555,3282.8759765625,121.53410339355469,28.746583938598633,69.21629333496094,03/20/2023 16:58,6.0,218.0,True,40.89698028564453,6.215977191925049,0.0,0.0,41315.09375,0.6689509153366089
25.580636978149414,255.2607879638672,1.4161336421966553,1429.185791015625,0.049999501556158066,120.13392639160156,28.335294723510742,72.09127807617188,03/20/2023 17:04,6.0,554.0,True,41.89572525024414,5.692127704620361,0.0,62310.0078125,0.0,0.6518650650978088
28.4537410736084,272.482421875,1.4230061769485474,1708.4854736328125,0.049999501556158066,121.21894836425781,27.35528564453125,76.82440185546875,03/20/2023 16:59,7.0,278.0,True,56.49813461303711,6.760913372039795,0.0,126633.953125,0.0,0.6571763753890991
28.64937400817871,269.6618957519531,1.421265721321106,1627.8878173828125,0.049999501556158066,119.23081970214844,27.148988723754883,76.76400756835938,03/20/2023 16:56,7.0,62.0,True,57.85200881958008,6.5823469161987305,0.0,103867.375,0.0,0.6399349570274353
24.94290542602539,255.57861328125,1.4197081327438354,1313.3775634765625,0.049999501556158066,123.906982421875,27.838817596435547,74.52267456054688,03/20/2023 16:55,6.0,12.0,True,38.6240348815918,5.68193244934082,0.0,44766.37890625,0.0,0.6849220991134644
31.79157066345215,258.81182861328125,1.4178550243377686,1491.9569091796875,0.049999501556158066,119.7588119506836,27.443626403808594,74.8943862915039,03/20/2023 16:58,7.0,233.0,True,79.1764907836914,5.898869514465332,0.0,73518.6484375,0.0,0.6471726298332214
24.260425567626953,267.00445556640625,1.416501760482788,1471.3636474609375,0.049999501556158066,120.86517333984375,28.04509735107422,72.9395980834961,03/20/2023 17:02,7.0,470.0,True,35.837623596191406,6.446658134460449,0.0,69775.765625,0.0,0.6584473252296448
29.322872161865234,260.12408447265625,1.4210102558135986,1722.659912109375,0.049999501556158066,119.82576751708984,27.47799301147461,75.8568115234375,03/20/2023 17:04,6.0,580.0,True,61.98203659057617,5.954694747924805,0.0,131653.71875,0.0,0.6456096768379211
19.304868698120117,289.9991149902344,1.4221405982971191,1209.6412353515625,2719.057373046875,126.29425048828125,28.490737915039062,73.69943237304688,03/20/2023 16:56,6.0,107.0,True,18.165245056152344,8.087124824523926,0.0,32812.60546875,16187.2236328125,0.7060649394989014
28.881698608398438,264.79046630859375,1.4210941791534424,1184.5091552734375,3286.9833984375,119.4963607788086,26.7051944732666,77.81668853759766,03/20/2023 16:59,6.0,276.0,True,59.26493453979492,6.256134510040283,0.0,30451.115234375,41013.2109375,0.6425038576126099
25.02884864807129,246.92568969726562,1.4134681224822998,1231.0186767578125,0.049999501556158066,123.0538558959961,28.600679397583008,70.53640747070312,03/20/2023 17:01,6.0,398.0,True,39.51142120361328,5.216970920562744,0.0,35597.1328125,0.0,0.6813481450080872
31.338342666625977,252.99447631835938,1.4194614887237549,1551.6593017578125,0.049999501556158066,118.9929428100586,27.496877670288086,75.29556274414062,03/20/2023 17:02,7.0,439.0,True,75.6434555053711,5.527067184448242,0.0,85728.328125,0.0,0.6389756798744202
22.444604873657227,275.6902160644531,1.4203569889068604,1575.869873046875,2422.717529296875,118.8544692993164,27.85584831237793,74.69558715820312,03/20/2023 17:01,7.0,387.0,True,28.314010620117188,7.015438079833984,0.0,91108.890625,10210.9990234375,0.6370877027511597
29.60919761657715,274.18426513671875,1.420639157295227,1649.6431884765625,0.049999501556158066,121.02156829833984,27.700054168701172,75.17866516113281,03/20/2023 16:55,6.0,57.0,True,63.8303337097168,6.904660224914551,0.0,109863.859375,0.0,0.6569954752922058
26.110462188720703,262.74530029296875,1.4158790111541748,0.09999799728393555,0.049999501556158066,121.31632995605469,28.325899124145508,72.0298080444336,03/20/2023 16:57,6.0,130.0,True,44.51792907714844,6.169129371643066,0.0,0.0,0.0,0.6631280779838562
24.88184356689453,274.9735107421875,1.417147159576416,1443.9453125,0.049999501556158066,119.57234954833984,27.675127029418945,74.07982635498047,03/20/2023 17:04,6.0,591.0,True,38.54627227783203,6.996646881103516,0.0,64728.91015625,0.0,0.645931601524353
25.83001708984375,267.7955017089844,1.4143983125686646,959.2717895507812,0.049999501556158066,121.68892669677734,28.931337356567383,70.02120971679688,03/20/2023 16:55,6.0,25.0,True,43.25789260864258,6.520380973815918,0.0,14636.1474609375,0.0,0.667701244354248
24.056814193725586,251.7737274169922,1.4148615598678589,1414.7022705078125,2975.742431640625,119.4469985961914,28.513629913330078,71.22044372558594,03/20/2023 17:00,6.0,350.0,True,35.07938766479492,5.490907669067383,0.0,60042.62890625,24605.029296875,0.6463519930839539
29.791555404663086,262.45062255859375,1.4187581539154053,1425.656494140625,0.049999501556158066,123.08609771728516,27.962804794311523,73.89701080322266,03/20/2023 16:58,7.0,237.0,True,65.24333190917969,6.124038219451904,0.0,61396.20703125,0.0,0.6777965426445007
21.058597564697266,290.7840270996094,1.4186334609985352,756.4889526367188,0.049999501556158066,122.0533218383789,28.31410789489746,72.97728729248047,03/20/2023 17:04,6.0,595.0,True,23.581148147583008,8.192380905151367,0.0,6545.861328125,0.0,0.6681072115898132
17.21505355834961,268.2870178222656,1.4146801233291626,1420.396728515625,1680.435302734375,121.17857360839844,28.641454696655273,70.84019470214844,03/20/2023 17:03,6.0,501.0,True,13.206687927246094,6.551296710968018,0.0,61007.55859375,3078.25390625,0.6626845598220825
26.04342269897461,267.3384704589844,1.4197269678115845,1424.82470703125,0.049999501556158066,120.69303131103516,27.713518142700195,74.84222412109375,03/20/2023 16:57,7.0,120.0,True,43.840736389160156,6.43884801864624,0.0,61140.7109375,0.0,0.6545671224594116
29.094173431396484,268.23541259765625,1.4170818328857422,1358.492431640625,0.049999501556158066,120.5952377319336,28.33197021484375,72.41593170166016,03/20/2023 16:57,7.0,159.0,True,61.051090240478516,6.524782180786133,0.0,51148.4296875,0.0,0.6555102467536926
27.74786949157715,271.29486083984375,1.4203732013702393,1054.913818359375,2510.81884765625,119.58634948730469,27.922393798828125,74.53453063964844,03/20/2023 17:00,7.0,345.0,True,52.75135803222656,6.703854560852051,0.0,20137.080078125,11715.58203125,0.643832266330719
29.19307518005371,276.3892517089844,1.419650912284851,1237.35986328125,0.049999501556158066,121.38236999511719,28.151905059814453,73.72096252441406,03/20/2023 16:59,7.0,267.0,True,61.345218658447266,7.073273658752441,0.0,35840.54296875,0.0,0.6610709428787231
20.12918472290039,276.53045654296875,1.4160165786743164,1499.744140625,2508.735595703125,121.13736724853516,28.42994499206543,71.81562042236328,03/20/2023 17:00,6.0,345.0,True,20.778099060058594,7.1212663650512695,0.0,75324.234375,11747.8271484375,0.6613466143608093
24.675811767578125,283.3831787109375,468.4247131347656,1296.9412841796875,3093.318115234375,120.26619720458984,27.49894905090332,75.23318481445312,03/20/2023 17:02,7.0,467.0,True,37.45509719848633,7.599349021911621,0.09113866090774536,42730.0390625,29639.234375,0.650894284248352
16.736087799072266,254.64199829101562,455.037353515625,1200.623779296875,3149.594970703125,120.90447998046875,28.79645538330078,68.88351440429688,03/20/2023 17:02,6.0,433.0,True,12.281478881835938,5.705231189727783,0.08118176460266113,32696.375,32966.578125,0.6634361743927002
29.843252182006836,271.70880126953125,1.423319697380066,1320.1409912109375,0.049999501556158066,121.2322006225586,27.223997116088867,77.2562255859375,03/20/2023 17:00,6.0,308.0,True,64.97711181640625,6.703856945037842,0.0,45320.8984375,0.0,0.6570799946784973
26.12125587463379,273.4079895019531,1.4212470054626465,1223.2896728515625,3453.875,123.9518051147461,27.98044204711914,74.67919921875,03/20/2023 17:04,7.0,552.0,True,44.09121322631836,6.843476295471191,0.0,34253.2890625,55154.8046875,0.684222400188446
29.609302520751953,278.6209716796875,429.590576171875,755.9971313476562,0.049999501556158066,122.087158203125,27.724708557128906,75.13507843017578,03/20/2023 17:03,7.0,515.0,True,63.8239860534668,7.225708961486816,0.06182721257209778,6505.59765625,0.0,0.6669536828994751
8.287015914916992,277.5744934082031,398.93072509765625,1201.969970703125,2933.412353515625,123.05619049072266,28.974140167236328,69.78816223144531,03/20/2023 17:04,6.0,544.0,True,1.5910158157348633,7.218923568725586,0.045836225152015686,32571.708984375,23007.3828125,0.680965006351471
28.279499053955078,270.98211669921875,1.4217323064804077,1485.56640625,0.049999501556158066,121.08858489990234,27.68834686279297,75.57022094726562,03/20/2023 16:55,6.0,2.0,True,55.628360748291016,6.6688761711120605,0.0,71732.515625,0.0,0.6568534970283508
29.149532318115234,271.5431213378906,1.4138076305389404,1531.0050048828125,0.049999501556158066,121.37873840332031,28.535097122192383,70.8140640258789,03/20/2023 17:02,6.0,473.0,True,61.802284240722656,6.786013603210449,0.0,82141.09375,0.0,0.6651943325996399
30.169687271118164,272.28753662109375,1.4224748611450195,1559.2330322265625,0.049999501556158066,121.18646240234375,27.381677627563477,76.58267211914062,03/20/2023 17:02,7.0,465.0,True,67.20939636230469,6.752505302429199,0.0,86914.765625,0.0,0.6572460532188416
26.203725814819336,270.63385009765625,1.4208438396453857,1233.9296875,0.049999501556158066,122.12667083740234,27.292537689208984,76.26531982421875,03/20/2023 16:56,7.0,67.0,True,44.53752136230469,6.653393745422363,0.0,35392.16796875,0.0,0.6672186851501465
25.907760620117188,248.2605743408203,1.4141497611999512,1581.1541748046875,0.049999501556158066,120.84324645996094,28.438871383666992,71.16915893554688,03/20/2023 17:01,6.0,408.0,True,43.663291931152344,5.289064884185791,0.0,93489.453125,0.0,0.6599066257476807
23.063133239746094,276.869384765625,1.4142554998397827,590.9744873046875,3302.66748046875,121.72774505615234,28.72206687927246,70.49659729003906,03/20/2023 17:01,6.0,366.0,True,31.039745330810547,7.164520740509033,0.0,2988.1171875,42543.71875,0.6681709289550781
22.47693634033203,264.1202087402344,1.4155117273330688,1301.4910888671875,2935.674560546875,121.33819580078125,28.671127319335938,71.04402160644531,03/20/2023 16:55,7.0,13.0,True,28.713356018066406,6.262916088104248,0.0,43618.21875,23043.828125,0.66359543800354
20.071086883544922,219.5987548828125,1.409179925918579,888.8258666992188,0.049999501556158066,121.96730041503906,28.929046630859375,68.27420043945312,03/20/2023 16:57,7.0,144.0,True,20.891284942626953,3.8335840702056885,0.0,11400.947265625,0.0,0.6741126179695129
26.1163272857666,291.2014465332031,1.4204144477844238,1382.445068359375,0.049999501556158066,122.51851654052734,28.220136642456055,73.80387878417969,03/20/2023 17:00,6.0,337.0,True,44.140865325927734,8.205080032348633,0.0,54332.82421875,0.0,0.6712222099304199
17.742265701293945,257.8903503417969,473.74041748046875,0.09999799728393555,3177.260009765625,122.8810806274414,29.260608673095703,67.85416412353516,03/20/2023 17:00,7.0,333.0,True,14.545100212097168,5.905123710632324,0.09755443036556244,0.0,34514.6171875,0.6819518804550171
22.01607894897461,250.0302734375,269.8948669433594,0.09999799728393555,2721.668212890625,120.5511474609375,29.063093185424805,67.12950897216797,03/20/2023 16:55,6.0,5.0,True,27.508140563964844,5.451582908630371,0.010926350951194763,0.0,16602.107421875,0.662402331829071
25.29733657836914,277.3459777832031,1.4217708110809326,1540.239013671875,0.049999501556158066,122.09732818603516,27.36151885986328,76.40003967285156,03/20/2023 16:59,7.0,244.0,True,40.08942413330078,7.1209259033203125,0.0,82841.5,0.0,0.6662813425064087
28.684600830078125,250.5538787841797,1.4113903045654297,1444.0028076171875,0.049999501556158066,119.9432373046875,28.756301879882812,69.45008850097656,03/20/2023 16:59,6.0,277.0,True,59.233646392822266,5.445884704589844,0.0,65476.77734375,0.0,0.6534105539321899
27.421100616455078,262.3662109375,273.76116943359375,1562.3729248046875,328.3677673339844,122.52745056152344,28.050506591796875,73.90926361083984,03/20/2023 17:03,6.0,481.0,True,51.03951644897461,6.112335205078125,0.011213898658752441,88144.4140625,65.076171875,0.6719968318939209
25.02108383178711,271.02716064453125,1.4217396974563599,1428.7191162109375,0.049999501556158066,123.89229583740234,28.296316146850586,74.05274963378906,03/20/2023 17:04,7.0,566.0,True,38.820831298828125,6.671926975250244,0.0,61550.16796875,0.0,0.683294951915741
29.152996063232422,264.6219787597656,1.4228686094284058,1694.8724365234375,0.049999501556158066,120.9677734375,26.748077392578125,78.29689025878906,03/20/2023 16:58,7.0,190.0,True,60.702293395996094,6.228892803192139,0.0,122468.859375,0.0,0.6549297571182251
24.84503173828125,234.5770263671875,1.414196252822876,1319.55810546875,0.049999501556158066,122.26434326171875,28.400699615478516,71.2801513671875,03/20/2023 17:02,7.0,424.0,True,38.60919189453125,4.535673141479492,0.0,46062.6484375,0.0,0.6732984781265259
22.73029899597168,280.23272705078125,1.4211246967315674,1403.6800537109375,2186.47412109375,121.5066909790039,27.637060165405273,75.49710845947266,03/20/2023 16:55,6.0,48.0,True,29.3363037109375,7.340770721435547,0.0,57540.0390625,7037.9736328125,0.66119384765625
21.68437957763672,277.39300537109375,1.4162297248840332,1654.8280029296875,0.049999501556158066,119.328857421875,28.276538848876953,72.27025604248047,03/20/2023 16:56,7.0,76.0,True,25.813674926757812,7.182257652282715,0.0,112272.140625,0.0,0.6443065404891968
23.22442054748535,267.8746643066406,1.4164153337478638,732.2567749023438,3322.689453125,120.8660659790039,28.6549015045166,71.38629150390625,03/20/2023 16:59,6.0,248.0,True,31.541431427001953,6.506537914276123,0.0,5911.216796875,43924.7421875,0.6585168838500977
29.200170516967773,273.45733642578125,1.419931173324585,1511.8699951171875,0.049999501556158066,122.53656005859375,27.65949821472168,75.04507446289062,03/20/2023 17:02,6.0,469.0,True,61.354427337646484,6.860123634338379,0.0,77180.7734375,0.0,0.6717402338981628
25.41630744934082,248.17666625976562,1.4125914573669434,1331.2705078125,0.049999501556158066,119.6169662475586,28.63003158569336,70.16905975341797,03/20/2023 17:01,6.0,405.0,True,41.40679931640625,5.29626989364624,0.0,47779.1875,0.0,0.649517297744751
26.960336685180664,277.4513244628906,1.418188452720642,1450.4713134765625,0.049999501556158066,120.68531799316406,28.13573455810547,73.27513122558594,03/20/2023 16:59,7.0,265.0,True,48.68321228027344,7.165985584259033,0.0,65746.4375,0.0,0.65557461977005
30.577585220336914,282.21240234375,1.425169825553894,1565.1231689453125,0.049999501556158066,121.29473876953125,27.53395652770996,77.09192657470703,03/20/2023 16:56,6.0,77.0,True,69.54676818847656,7.445784568786621,0.0,87786.15625,0.0,0.6563664674758911
21.46153450012207,257.9704284667969,1.4119881391525269,1329.7115478515625,2704.093994140625,122.05290222167969,28.482681274414062,70.33496856689453,03/20/2023 16:59,6.0,293.0,True,25.261951446533203,5.896372318267822,0.0,47624.20703125,16033.830078125,0.6728888750076294
26.629812240600586,263.7587890625,1.4161083698272705,1185.800048828125,0.049999501556158066,120.82902526855469,28.474477767944336,71.73489379882812,03/20/2023 16:58,6.0,215.0,True,47.147789001464844,6.2335920333862305,0.0,30872.810546875,0.0,0.6583861708641052
19.678342819213867,265.1331787109375,1.4137554168701172,1236.002197265625,2695.780517578125,120.5748062133789,28.221900939941406,71.57957458496094,03/20/2023 16:56,6.0,69.0,True,19.538047790527344,6.346532344818115,0.0,36111.41796875,15787.294921875,0.6576643586158752
18.65009880065918,273.501220703125,174.85299682617188,838.3743286132812,3224.348876953125,122.36470031738281,28.64369010925293,71.75956726074219,03/20/2023 16:59,6.0,286.0,True,16.582626342773438,6.888155460357666,0.002691030502319336,9216.94140625,37016.484375,0.6718997955322266
24.587522506713867,269.9896545410156,1.417021632194519,1624.1077880859375,0.049999501556158066,119.89720153808594,28.113985061645508,72.94082641601562,03/20/2023 17:03,6.0,529.0,True,37.233680725097656,6.645936489105225,0.0,103737.4375,0.0,0.6490388512611389
27.0518856048584,249.4131317138672,1.414396047592163,1655.411376953125,0.049999501556158066,120.09513854980469,28.283111572265625,71.64104461669922,03/20/2023 17:03,6.0,481.0,True,49.54954528808594,5.35456657409668,0.0,112842.953125,0.0,0.6527201533317566
24.809526443481445,267.9320983886719,1.4179216623306274,1425.7215576171875,0.049999501556158066,120.84268951416016,27.860843658447266,73.8735580444336,03/20/2023 16:56,6.0,113.0,True,38.158775329589844,6.496124744415283,0.0,61507.99609375,0.0,0.6572346687316895
26.228321075439453,270.3124694824219,1.419114112854004,1639.35009765625,0.049999501556158066,119.15193176269531,28.054222106933594,73.78682708740234,03/20/2023 16:59,7.0,243.0,True,44.816619873046875,6.647948265075684,0.0,107372.5,0.0,0.6406812071800232
28.276901245117188,253.20486450195312,1.4188122749328613,1607.7735595703125,0.049999501556158066,121.58834075927734,26.54638671875,77.45603942871094,03/20/2023 16:59,7.0,254.0,True,55.94197463989258,5.544971942901611,0.0,99169.234375,0.0,0.6636002659797668
22.172504425048828,285.9487609863281,1.4201252460479736,0.09999799728393555,3539.830322265625,121.47161865234375,28.1144962310791,73.97199249267578,03/20/2023 16:55,6.0,22.0,True,27.334186553955078,7.788834571838379,0.0,0.0,64790.5,0.6615723371505737
24.7159366607666,277.6211853027344,1.4206130504608154,1426.7701416015625,2557.14697265625,121.0741958618164,28.19466781616211,73.93344116210938,03/20/2023 16:56,6.0,108.0,True,37.5335578918457,7.153084754943848,0.0,61359.3203125,12589.677734375,0.6575057506561279
28.938526153564453,261.56829833984375,1.4222458600997925,1534.6546630859375,0.049999501556158066,122.98602294921875,26.9990234375,77.46353149414062,03/20/2023 16:55,6.0,28.0,True,59.470794677734375,6.036121368408203,0.0,81566.421875,0.0,0.6743243336677551
20.013837814331055,264.0655517578125,1.4149677753448486,0.09999799728393555,3217.21826171875,120.8446273803711,28.784543991088867,70.57865142822266,03/20/2023 16:57,6.0,124.0,True,20.475868225097656,6.264293670654297,0.0,0.0,36695.52734375,0.6593397259712219
23.986278533935547,269.01910400390625,1.4126996994018555,1142.063720703125,3241.1787109375,120.60563659667969,28.614683151245117,70.24374389648438,03/20/2023 16:57,6.0,169.0,True,34.93154525756836,6.62080192565918,0.0,27123.8671875,38345.6953125,0.6587014198303223
27.781564712524414,293.88348388671875,1.4200090169906616,1384.0780029296875,0.049999501556158066,121.78338623046875,28.04448127746582,74.10845184326172,03/20/2023 17:02,7.0,424.0,True,52.97895812988281,8.431068420410156,0.0,54623.27734375,0.0,0.6645829677581787
27.617395401000977,265.5859680175781,1.415479063987732,1118.1241455078125,0.049999501556158066,121.38533020019531,28.237783432006836,72.11648559570312,03/20/2023 17:02,7.0,475.0,True,52.542232513427734,6.3607869148254395,0.0,24999.412109375,0.0,0.6640626788139343
29.91660499572754,298.6700439453125,316.81414794921875,1573.8206787109375,0.049999501556158066,118.67484283447266,27.735143661499023,76.55735778808594,03/20/2023 17:04,6.0,540.0,True,65.21842193603516,8.772488594055176,0.01854795217514038,89796.4453125,0.0,0.6322405338287354
27.49065589904785,248.15841674804688,1.4181485176086426,1313.2298583984375,2967.27880859375,119.57896423339844,27.872196197509766,73.92066192626953,03/20/2023 16:56,7.0,74.0,True,51.55704879760742,5.252286434173584,0.0,44884.5390625,24160.74609375,0.6452997922897339
28.32645034790039,276.99383544921875,1.4178502559661865,0.09999799728393555,0.049999501556158066,121.97354888916016,28.363130569458008,72.59407043457031,03/20/2023 16:56,6.0,60.0,True,56.34040069580078,7.136012554168701,0.0,0.0,0.0,0.6679151058197021
28.677602767944336,279.7654113769531,1.4221978187561035,1080.028076171875,0.049999501556158066,121.3998794555664,27.60861587524414,75.9237060546875,03/20/2023 17:04,7.0,582.0,True,57.91108703613281,7.294508934020996,0.0,21805.23828125,0.0,0.6594356894493103
17.61154556274414,253.6834716796875,1.415989637374878,1375.134765625,3150.15185546875,120.87532043457031,28.192285537719727,72.40076446533203,03/20/2023 16:59,7.0,241.0,True,14.074565887451172,5.596917152404785,0.0,53702.6484375,32725.509765625,0.6589043736457825
29.140254974365234,265.8420104980469,1.418892741203308,1164.9627685546875,0.049999501556158066,121.42623138427734,27.67166519165039,74.66963958740234,03/20/2023 16:56,6.0,110.0,True,61.112266540527344,6.346181392669678,0.0,28788.505859375,0.0,0.6620197296142578
19.97559356689453,246.0770263671875,1.413315773010254,1503.81787109375,0.049999501556158066,121.74951171875,28.596553802490234,70.4956283569336,03/20/2023 16:58,7.0,181.0,True,20.43014907836914,5.169371128082275,0.0,76546.234375,0.0,0.6690524220466614
29.863025665283203,269.36199951171875,1.4259448051452637,539.3636474609375,2608.233154296875,123.7010269165039,26.23130989074707,80.60382843017578,03/20/2023 17:02,6.0,448.0,True,64.76119232177734,6.517238616943359,0.0,2193.1328125,13535.919921875,0.678421676158905
30.45304298400879,256.6778564453125,1.4220744371414185,1458.1068115234375,0.049999501556158066,121.4190902709961,26.700048446655273,78.15424346923828,03/20/2023 17:02,7.0,464.0,True,69.14402770996094,5.729856967926025,0.0,66604.375,0.0,0.6597026586532593
23.264331817626953,272.97747802734375,1.4169905185699463,1305.37939453125,2955.49755859375,120.19313049316406,27.837182998657227,73.6224136352539,03/20/2023 16:55,6.0,52.0,True,31.6635684967041,6.855582237243652,0.0,43982.203125,23743.23046875,0.6518181562423706
27.110828399658203,269.62408447265625,325.6053161621094,692.1276245117188,0.049999501556158066,119.08975982666016,28.655000686645508,70.67628479003906,03/20/2023 17:00,6.0,334.0,True,49.87818908691406,6.647190093994141,0.020886793732643127,4944.7578125,0.0,0.6434279084205627
26.194202423095703,225.8263702392578,1.412312388420105,1276.1478271484375,2106.9326171875,121.77595520019531,28.77682113647461,69.70843505859375,03/20/2023 17:02,6.0,420.0,True,45.26459503173828,4.109050750732422,0.0,40777.171875,6276.6826171875,0.6700258255004883
27.39699935913086,253.40170288085938,1.4141806364059448,0.09999799728393555,3258.695068359375,124.96063232421875,28.805191040039062,70.26375579833984,03/20/2023 16:57,6.0,136.0,True,51.4537239074707,5.594629764556885,0.0,0.0,39433.8125,0.699152410030365
27.17465591430664,275.9984130859375,1.4224365949630737,1783.7650146484375,0.049999501556158066,120.28495788574219,28.104442596435547,74.76311492919922,03/20/2023 16:59,7.0,257.0,True,49.40436553955078,7.0163798332214355,0.0,152414.6875,0.0,0.6488801836967468
28.591251373291016,263.4449462890625,1.418335199356079,1485.481689453125,0.049999501556158066,119.03245544433594,27.774757385253906,74.2264404296875,03/20/2023 17:03,7.0,517.0,True,57.84828567504883,6.192724704742432,0.0,72195.5390625,0.0,0.640112042427063
23.43543815612793,279.4859924316406,1.4176360368728638,1602.57666015625,0.049999501556158066,119.57191467285156,28.02268409729004,73.3738021850586,03/20/2023 16:58,7.0,224.0,True,32.308292388916016,7.322378158569336,0.0,98089.515625,0.0,0.6455888152122498
17.121295928955078,261.31109619140625,1.4158461093902588,1190.399169921875,2705.261474609375,121.44661712646484,28.80815887451172,70.81311798095703,03/20/2023 17:04,6.0,556.0,True,12.967750549316406,6.076171398162842,0.0,31327.8359375,15977.89453125,0.6643784642219543
21.54058074951172,270.0442810058594,1.4167895317077637,1093.5885009765625,2990.05419921875,121.38702392578125,28.49361228942871,71.91436004638672,03/20/2023 16:57,6.0,156.0,True,25.287700653076172,6.6519775390625,0.0,23036.453125,25115.4609375,0.6631451845169067
24.678123474121094,256.84295654296875,1.4165493249893188,1723.5823974609375,0.049999501556158066,120.55238342285156,28.17923927307129,72.62017822265625,03/20/2023 17:02,7.0,445.0,True,37.673439025878906,5.786553382873535,0.0,133113.015625,0.0,0.6554837226867676
17.99279022216797,269.9555358886719,1.413983941078186,1538.61279296875,2707.569091796875,122.7414321899414,28.850141525268555,70.0854721069336,03/20/2023 16:56,6.0,106.0,True,15.041475296020508,6.673196792602539,0.0,83761.640625,16077.181640625,0.6779902577400208
25.007644653320312,272.35821533203125,1.4151794910430908,1356.7716064453125,2694.38232421875,120.5691146850586,28.50855255126953,71.33944702148438,03/20/2023 16:58,6.0,230.0,True,39.27686309814453,6.829859256744385,0.0,51092.3125,15721.75390625,0.6566053032875061
15.82011604309082,283.1007080078125,1.416383981704712,723.24951171875,3284.568115234375,121.86473083496094,28.64948272705078,71.3893814086914,03/20/2023 16:55,6.0,48.0,True,10.292987823486328,7.609941482543945,0.0,5678.255859375,41107.734375,0.6679383516311646
25.395647048950195,284.1756286621094,1.4204381704330444,1495.001708984375,0.049999501556158066,121.2364273071289,27.841835021972656,74.75755310058594,03/20/2023 17:00,6.0,327.0,True,40.65745544433594,7.64754581451416,0.0,73740.5625,0.0,0.6591466665267944
26.151142120361328,271.64215087890625,1.4172662496566772,1319.16650390625,0.049999501556158066,121.18571472167969,28.612009048461914,71.77728271484375,03/20/2023 16:56,7.0,61.0,True,44.596595764160156,6.758670806884766,0.0,45734.1171875,0.0,0.6609142422676086
17.004837036132812,265.19512939453125,1.4162248373031616,1248.788330078125,2767.813720703125,122.03309631347656,28.50566864013672,71.69581604003906,03/20/2023 16:59,7.0,256.0,True,12.702951431274414,6.327744483947754,0.0,37330.91796875,17622.07421875,0.6696439385414124
23.403854370117188,270.04656982421875,434.83056640625,914.9471435546875,2930.8642578125,121.82423400878906,28.758541107177734,70.51427459716797,03/20/2023 17:02,7.0,468.0,True,32.380516052246094,6.673681735992432,0.06586599349975586,12444.6328125,22895.62890625,0.6688498854637146
26.749074935913086,269.0967102050781,1.4168232679367065,1393.0330810546875,0.049999501556158066,119.843017578125,28.384729385375977,72.19779968261719,03/20/2023 16:59,7.0,279.0,True,47.70195388793945,6.586257457733154,0.0,56347.328125,0.0,0.6486725807189941
23.0032901763916,263.43548583984375,1.4133319854736328,1340.2593994140625,0.049999501556158066,120.75386047363281,28.853933334350586,69.85763549804688,03/20/2023 16:58,7.0,185.0,True,30.862232208251953,6.237629413604736,0.0,48943.13671875,0.0,0.6596463322639465
26.30489158630371,284.9787292480469,439.16290283203125,1452.04638671875,2617.339111328125,118.4690933227539,27.986125946044922,73.83441925048828,03/20/2023 17:02,7.0,454.0,True,45.23572540283203,7.728771686553955,0.0682741105556488,65954.390625,13866.353515625,0.6346391439437866
25.105928421020508,247.0132293701172,1.417136549949646,0.09999799728393555,2418.0634765625,122.17281341552734,28.38913345336914,72.29125213623047,03/20/2023 16:56,7.0,77.0,True,39.574424743652344,5.194037437438965,0.0,0.0,10182.0859375,0.6703100204467773
19.284889221191406,279.10052490234375,498.33984375,563.6224365234375,3188.40380859375,118.69525146484375,28.577911376953125,70.57795715332031,03/20/2023 17:03,6.0,530.0,True,18.43246078491211,7.338803768157959,0.123488649725914,2578.87109375,35022.1484375,0.6403694152832031
27.154376983642578,284.9307861328125,509.31768798828125,1540.3690185546875,0.049999501556158066,121.45426177978516,28.166616439819336,73.67550659179688,03/20/2023 16:59,7.0,277.0,True,49.576416015625,7.715124130249023,0.13598239421844482,83218.8359375,0.0,0.6617639660835266
28.713659286499023,281.0092468261719,1.4251421689987183,1515.3267822265625,0.049999501556158066,123.32769775390625,27.321332931518555,77.61441040039062,03/20/2023 17:01,6.0,367.0,True,57.782257080078125,7.355768203735352,0.0,77096.453125,0.0,0.6754685044288635
25.249717712402344,259.38897705078125,1.4163028001785278,1198.6536865234375,3380.150634765625,119.76130676269531,27.69009017944336,73.7607650756836,03/20/2023 17:04,7.0,579.0,True,40.31110382080078,5.948901653289795,0.0,32099.8046875,48620.30078125,0.648274302482605
33.8813591003418,243.41702270507812,1.4196064472198486,1494.7149658203125,0.049999501556158066,119.8572998046875,27.390968322753906,75.60858917236328,03/20/2023 16:56,7.0,101.0,True,95.23885345458984,4.972746849060059,0.0,73804.75,0.0,0.6468729972839355
21.775270462036133,242.5015106201172,1.4153317213058472,1306.021484375,2685.64599609375,121.36683654785156,28.456405639648438,71.52067565917969,03/20/2023 17:04,6.0,568.0,True,26.178876876831055,4.953002452850342,0.0,44207.5625,15504.4560546875,0.6639935374259949
25.447542190551758,266.44183349609375,1.4210383892059326,1565.6226806640625,2791.898193359375,120.61151123046875,27.66728401184082,75.39298248291016,03/20/2023 16:58,6.0,212.0,True,40.85228729248047,6.366352558135986,0.0,88612.859375,18184.60546875,0.6528893113136292
29.824520111083984,269.2065734863281,1.421129822731018,1626.813232421875,0.049999501556158066,120.17454528808594,27.34189224243164,76.23675537109375,03/20/2023 16:56,6.0,102.0,True,65.14376831054688,6.55246114730835,0.0,103612.671875,0.0,0.6487616300582886
25.149354934692383,282.82513427734375,1.4191346168518066,1318.738037109375,2076.35595703125,123.3128662109375,28.309043884277344,73.15657806396484,03/20/2023 17:02,6.0,453.0,True,39.61530685424805,7.558305263519287,0.0,45510.8125,5920.517578125,0.6796789169311523
31.731603622436523,277.6891784667969,1.4193214178085327,1561.5804443359375,0.049999501556158066,121.26251220703125,26.891685485839844,76.7620849609375,03/20/2023 17:02,6.0,423.0,True,78.5032958984375,7.17156982421875,0.0,87986.6796875,0.0,0.660179853439331
26.57149887084961,271.8757019042969,403.2446594238281,1355.078857421875,1671.3525390625,121.8957748413086,28.737241744995117,70.5241470336914,03/20/2023 17:01,6.0,364.0,True,47.00251770019531,6.803045749664307,0.04787266254425049,50922.51171875,3030.6640625,0.6696200966835022
28.623428344726562,277.1273498535156,1.4198963642120361,0.09999799728393555,0.049999501556158066,123.02702331542969,27.812000274658203,74.6522445678711,03/20/2023 16:59,6.0,250.0,True,57.85748291015625,7.124454021453857,0.0,0.0,0.0,0.6764101982116699
30.420467376708984,272.1252746582031,1.422683835029602,1784.72607421875,0.049999501556158066,120.67555236816406,27.363737106323242,76.69670104980469,03/20/2023 16:55,7.0,9.0,True,68.84147644042969,6.739109039306641,0.0,152696.078125,0.0,0.6523374915122986
14.547680854797363,268.22735595703125,1.4148318767547607,1090.4056396484375,3132.600830078125,122.26458740234375,28.944156646728516,70.13420104980469,03/20/2023 17:04,7.0,570.0,True,8.093092918395996,6.5457587242126465,0.0,22886.7890625,31831.08203125,0.6728410124778748
23.019886016845703,261.0729675292969,1.4150378704071045,1502.99462890625,0.049999501556158066,119.96498107910156,28.438705444335938,71.46671295166016,03/20/2023 16:59,7.0,269.0,True,30.820743560791016,6.067968368530273,0.0,76121.28125,0.0,0.651054859161377
26.0335636138916,268.42779541015625,1.4198881387710571,1485.56982421875,0.049999501556158066,120.2310791015625,28.004318237304688,74.1687240600586,03/20/2023 17:04,6.0,570.0,True,43.77777862548828,6.51116418838501,0.0,71992.8125,0.0,0.6501501798629761
27.662128448486328,259.0044250488281,1.4216821193695068,1426.1947021484375,0.049999501556158066,121.73039245605469,26.918840408325195,77.47736358642578,03/20/2023 17:02,6.0,477.0,True,52.13551330566406,5.8781046867370605,0.0,61135.00390625,0.0,0.6628971695899963
24.72734832763672,276.07818603515625,1.4237502813339233,1214.6717529296875,0.049999501556158066,122.61927795410156,27.299882888793945,77.20872497558594,03/20/2023 16:55,6.0,22.0,True,37.347557067871094,7.0087080001831055,0.0,33211.390625,0.0,0.6697820425033569
30.563106536865234,266.7860107421875,1.423225998878479,1486.8919677734375,0.049999501556158066,120.1728286743164,27.926244735717773,75.46961212158203,03/20/2023 16:57,7.0,162.0,True,69.721923828125,6.369065761566162,0.0,71775.953125,0.0,0.6472938656806946
13.479843139648438,285.5601806640625,1.413975477218628,0.09999799728393555,3544.397705078125,121.39848327636719,28.580028533935547,70.75792694091797,03/20/2023 17:03,7.0,500.0,True,6.498228073120117,7.828579902648926,0.0,0.0,65907.796875,0.6652607321739197
25.063175201416016,275.13037109375,1.415772557258606,978.70556640625,3272.410400390625,120.1404037475586,28.210765838623047,72.28204345703125,03/20/2023 17:02,7.0,465.0,True,39.48583984375,7.022061824798584,0.0,15641.857421875,40287.33203125,0.6521783471107483
24.528079986572266,258.6654357910156,508.66094970703125,1540.8720703125,0.049999501556158066,118.79586029052734,28.4173526763916,70.73028564453125,03/20/2023 17:01,6.0,371.0,True,37.29694366455078,5.934446334838867,0.13678131997585297,84473.5234375,0.0,0.6418145298957825
20.143369674682617,258.58074951171875,545.7562255859375,1194.1942138671875,3581.6640625,123.8260269165039,29.1385440826416,69.07457733154297,03/20/2023 17:02,6.0,450.0,True,20.9434871673584,5.92524528503418,0.1965114176273346,31864.560546875,70839.0625,0.6890047192573547
20.452028274536133,276.88134765625,1.4165805578231812,0.09999799728393555,3686.7431640625,123.69132995605469,28.791336059570312,71.100341796875,03/20/2023 16:58,7.0,207.0,True,21.741397857666016,7.141039848327637,0.0,0.0,86670.8984375,0.6851577758789062
26.892553329467773,282.677978515625,1.422459363937378,1490.3192138671875,0.049999501556158066,120.24867248535156,27.72964859008789,75.70763397216797,03/20/2023 16:58,7.0,202.0,True,47.90962219238281,7.510539531707764,0.0,72541.7890625,0.0,0.6485276222229004
18.120691299438477,265.0760192871094,271.9326171875,507.6956787109375,3370.58154296875,122.00179290771484,28.881420135498047,70.16483306884766,03/20/2023 16:56,6.0,87.0,True,15.340462684631348,6.33621072769165,0.011057838797569275,1858.8828125,47922.125,0.6706218123435974
21.387758255004883,296.0491027832031,1.4252526760101318,1263.585205078125,0.049999501556158066,121.51985931396484,27.145713806152344,78.0898666381836,03/20/2023 17:02,6.0,440.0,True,24.34764862060547,8.547496795654297,0.0,38315.9375,0.0,0.6584079265594482
31.4047794342041,271.4009704589844,1.417547345161438,1182.32861328125,0.049999501556158066,120.362060546875,28.20482635498047,72.88888549804688,03/20/2023 16:55,7.0,8.0,True,76.41285705566406,6.739009380340576,0.0,30458.615234375,0.0,0.6530048251152039
23.681045532226562,239.3193359375,1.4114630222320557,0.09999799728393555,1638.7291259765625,121.95843505859375,29.030261993408203,68.78959655761719,03/20/2023 17:00,6.0,306.0,True,33.72947692871094,4.806180000305176,0.0,0.0,2873.279296875,0.672371506690979
24.65508460998535,247.02749633789062,1.412540316581726,1224.8609619140625,2587.155517578125,123.31794738769531,28.991382598876953,69.24852752685547,03/20/2023 17:02,7.0,462.0,True,37.876792907714844,5.229954719543457,0.0,35009.3125,13341.216796875,0.6845565438270569
21.815082550048828,279.3935852050781,1.4185885190963745,1295.906982421875,2673.52880859375,120.22235107421875,28.013587951660156,73.71367645263672,03/20/2023 16:58,6.0,216.0,True,26.146278381347656,7.305306434631348,0.0,42660.890625,15144.5107421875,0.6509743928909302
29.433279037475586,275.344482421875,586.0682983398438,1623.92578125,2472.431640625,119.41450500488281,27.621976852416992,75.38227081298828,03/20/2023 17:02,6.0,438.0,True,62.7159423828125,6.987410545349121,0.2889268100261688,102951.09375,11030.1630859375,0.6420426368713379
25.004117965698242,281.77801513671875,1.4183392524719238,966.7286376953125,3433.234375,119.939697265625,27.8843936920166,73.95369720458984,03/20/2023 17:04,7.0,540.0,True,39.010475158691406,7.487271308898926,0.0,14915.634765625,53335.10546875,0.6485177278518677
28.060644149780273,281.323486328125,1.4164364337921143,1258.0748291015625,2402.347900390625,120.62335205078125,28.41457748413086,71.99413299560547,03/20/2023 17:04,7.0,540.0,True,54.95551681518555,7.473602294921875,0.0,38355.30859375,9944.771484375,0.6562274694442749
25.22005844116211,226.99935913085938,1.407753825187683,1468.41552734375,0.049999501556158066,121.31172180175781,29.124547958374023,67.30420684814453,03/20/2023 17:00,6.0,325.0,True,40.87547302246094,4.194045066833496,0.0,70431.078125,0.0,0.668910801410675
26.363611221313477,274.85406494140625,1.4212740659713745,1289.9644775390625,2741.587890625,118.9516830444336,27.505197525024414,75.87628936767578,03/20/2023 17:03,6.0,507.0,True,45.30118942260742,6.946048736572266,0.0,41711.78125,16791.30078125,0.6373572945594788
32.15149688720703,292.9244384765625,283.61297607421875,1500.2000732421875,0.049999501556158066,124.7284927368164,27.729930877685547,77.71080780029297,03/20/2023 16:56,6.0,103.0,True,80.1113510131836,8.248383522033691,0.012461632490158081,73588.7265625,0.0,0.6862861514091492
22.098297119140625,284.7718811035156,1.4194952249526978,0.09999799728393555,3531.02099609375,122.83311462402344,27.6491641998291,74.9261474609375,03/20/2023 17:04,6.0,588.0,True,27.101871490478516,7.704242706298828,0.0,0.0,63779.88671875,0.6748615503311157
21.870933532714844,263.30963134765625,1.4153319597244263,1687.214111328125,0.049999501556158066,120.89811706542969,28.65130043029785,71.03351593017578,03/20/2023 16:57,6.0,120.0,True,26.516613006591797,6.211094379425049,0.0,121950.78125,0.0,0.6595842242240906
28.481130599975586,267.20489501953125,1.4219852685928345,1712.328857421875,0.049999501556158066,123.61170959472656,27.97077178955078,74.94793701171875,03/20/2023 16:55,7.0,5.0,True,56.77503204345703,6.408689975738525,0.0,128097.765625,0.0,0.680446207523346
23.717241287231445,274.74530029296875,1.414552092552185,717.548095703125,3139.035400390625,119.53267669677734,28.417619705200195,71.35694122314453,03/20/2023 16:56,6.0,114.0,True,33.66913604736328,7.006793975830078,0.0,5554.12890625,32186.98046875,0.6473644375801086
26.096477508544922,259.0221252441406,1.4172906875610352,1397.5179443359375,0.049999501556158066,120.7069091796875,28.209684371948242,72.791259765625,03/20/2023 17:00,6.0,341.0,True,44.32118606567383,5.917042255401611,0.0,56997.7109375,0.0,0.6564080715179443
31.095666885375977,277.2525634765625,1.4225475788116455,1677.5950927734375,0.049999501556158066,120.65714263916016,27.741147994995117,75.70806884765625,03/20/2023 16:56,6.0,67.0,True,73.46855163574219,7.10606575012207,0.0,117390.53125,0.0,0.6522611975669861
24.76614761352539,265.43609619140625,1.411616563796997,1292.114013671875,0.049999501556158066,120.63850402832031,28.503746032714844,70.15748596191406,03/20/2023 17:02,7.0,463.0,True,38.451412200927734,6.386828899383545,0.0,42777.1640625,0.0,0.6597790718078613
26.665950775146484,302.6687316894531,1.4207640886306763,1115.7393798828125,0.049999501556158066,121.65997314453125,28.397653579711914,73.47606658935547,03/20/2023 17:04,7.0,566.0,True,46.89283752441406,9.178723335266113,0.0,24553.009765625,0.0,0.6628870368003845
26.567153930664062,279.15557861328125,1.4215257167816162,1765.4927978515625,0.049999501556158066,121.8974838256836,27.566635131835938,75.80609893798828,03/20/2023 16:58,7.0,206.0,True,46.3129768371582,7.256420135498047,0.0,146059.65625,0.0,0.6645768880844116
31.21634292602539,274.2379150390625,1.4225313663482666,1547.0892333984375,0.049999501556158066,121.97566986083984,27.40831184387207,76.53482055664062,03/20/2023 16:56,7.0,79.0,True,74.31584167480469,6.889444828033447,0.0,84207.734375,0.0,0.6645971536636353
31.542837142944336,266.0581970214844,329.33319091796875,1415.1524658203125,0.049999501556158066,120.79795837402344,27.435678482055664,75.56715393066406,03/20/2023 17:03,6.0,513.0,True,77.05474090576172,6.352035999298096,0.02156803011894226,59534.2734375,0.0,0.6554826498031616
28.218570709228516,275.7574462890625,1.4138888120651245,1318.4906005859375,0.049999501556158066,121.52067565917969,28.612083435058594,70.6488037109375,03/20/2023 16:57,7.0,126.0,True,56.15971755981445,7.0870256423950195,0.0,45949.89453125,0.0,0.6664766073226929
24.116252899169922,268.9767761230469,1.4153435230255127,977.66748046875,0.049999501556158066,120.89532470703125,28.410045623779297,71.64049530029297,03/20/2023 17:04,6.0,558.0,True,35.299560546875,6.592281341552734,0.0,15597.744140625,0.0,0.6595495939254761
26.0562686920166,268.7098083496094,1.421320915222168,1140.1953125,0.049999501556158066,121.505615234375,27.838308334350586,75.05904388427734,03/20/2023 16:59,7.0,287.0,True,43.76329803466797,6.516744613647461,0.0,26511.517578125,0.0,0.6610450148582458
20.350507736206055,264.8551940917969,485.6231994628906,698.3696899414062,2793.48974609375,122.4508056640625,29.244609832763672,68.25296783447266,03/20/2023 16:58,6.0,210.0,True,21.651256561279297,6.349304676055908,0.1094130426645279,5118.67578125,18472.78515625,0.6770597696304321
31.891281127929688,260.0396423339844,1.4230372905731201,1758.51025390625,0.049999501556158066,121.86326599121094,26.121522903442383,79.91908264160156,03/20/2023 16:58,6.0,213.0,True,79.08108520507812,5.931777477264404,0.0,143171.78125,0.0,0.663183331489563
22.97368049621582,265.89984130859375,1.417060375213623,1465.6326904296875,2449.47314453125,120.28495025634766,28.389602661132812,72.26471710205078,03/20/2023 16:55,6.0,3.0,True,30.514801025390625,6.367072105407715,0.0,68636.75,10694.9296875,0.6526258587837219
26.830026626586914,252.745361328125,1.4129254817962646,1540.58349609375,0.049999501556158066,120.8259048461914,28.765989303588867,69.94123077392578,03/20/2023 16:55,6.0,54.0,True,48.508949279785156,5.565097808837891,0.0,84369.09375,0.0,0.6606127023696899
27.64413070678711,274.184814453125,1.4167287349700928,1243.508544921875,0.049999501556158066,120.98575592041016,28.39095687866211,72.15070343017578,03/20/2023 17:01,7.0,408.0,True,52.55891418457031,6.944262981414795,0.0,36713.4453125,0.0,0.6594178676605225
25.767791748046875,283.20526123046875,1.4200576543807983,853.4900512695312,3189.00537109375,121.06117248535156,27.826763153076172,74.66890716552734,03/20/2023 16:57,7.0,175.0,True,42.463863372802734,7.577192783355713,0.0,9734.927734375,34738.56640625,0.657774806022644
17.04220962524414,262.3016357421875,1.4111510515213013,0.09999799728393555,3698.03076171875,122.96221923828125,29.11556053161621,68.47149658203125,03/20/2023 17:01,7.0,362.0,True,12.916548728942871,6.182886600494385,0.0,0.0,89336.5703125,0.6821722388267517
30.90567970275879,262.3052978515625,1.4196244478225708,1341.89794921875,0.049999501556158066,120.8849105834961,27.178916931152344,76.14466857910156,03/20/2023 17:04,6.0,544.0,True,72.57821655273438,6.106868743896484,0.0,48566.49609375,0.0,0.6564313173294067
27.048267364501953,293.9068908691406,1.423730492591858,1566.2742919921875,0.049999501556158066,121.98478698730469,27.38957977294922,76.97795867919922,03/20/2023 16:58,6.0,203.0,True,48.605079650878906,8.3873929977417,0.0,88295.796875,0.0,0.663831889629364
27.13543128967285,268.84185791015625,1.420362114906311,879.3815307617188,0.049999501556158066,120.8660888671875,27.24409294128418,76.22661590576172,03/20/2023 17:01,7.0,397.0,True,49.40122604370117,6.534875869750977,0.0,10757.642578125,0.0,0.6557374000549316
28.08785057067871,285.67572021484375,1.4225244522094727,1732.88818359375,0.049999501556158066,121.45992279052734,27.825334548950195,75.48992919921875,03/20/2023 17:03,6.0,493.0,True,54.43915557861328,7.740358352661133,0.0,134606.6875,0.0,0.6597674489021301
20.875192642211914,278.82110595703125,1.4098705053329468,1384.725830078125,3106.019775390625,120.10980224609375,28.419044494628906,69.78193664550781,03/20/2023 16:57,6.0,158.0,True,23.397899627685547,7.356174468994141,0.0,55824.12890625,30665.08984375,0.6560453772544861
23.879802703857422,256.80291748046875,1.4179456233978271,1694.9735107421875,0.049999501556158066,120.54997253417969,28.507007598876953,72.26608276367188,03/20/2023 16:59,6.0,281.0,True,34.114749908447266,5.77225923538208,0.0,123687.234375,0.0,0.6544803380966187
28.57405662536621,271.9776306152344,1.4202864170074463,1675.6043701171875,0.049999501556158066,120.83365631103516,28.05084228515625,74.18460083007812,03/20/2023 17:01,6.0,386.0,True,57.51887512207031,6.752370834350586,0.0,117327.421875,0.0,0.655487596988678
26.806625366210938,276.81390380859375,1.4233746528625488,1510.879638671875,1440.440185546875,120.6762466430664,27.45834732055664,76.6884994506836,03/20/2023 16:59,6.0,246.0,True,47.37368392944336,7.065676689147949,0.0,76462.2109375,1965.5625,0.6518628597259521
29.62613296508789,264.25537109375,1.421537160873413,1752.9935302734375,0.049999501556158066,122.76506042480469,27.64594268798828,75.61163330078125,03/20/2023 17:00,7.0,327.0,True,63.82231903076172,6.216884613037109,0.0,141672.640625,0.0,0.6727450489997864
24.455745697021484,271.3818054199219,1.419564962387085,1766.8402099609375,0.049999501556158066,119.8344955444336,28.028173446655273,74.00179290771484,03/20/2023 17:01,7.0,398.0,True,36.463661193847656,6.717828750610352,0.0,147103.609375,0.0,0.6466900706291199
23.965137481689453,267.9949951171875,1.4191830158233643,1523.9852294921875,0.049999501556158066,121.4324722290039,28.400768280029297,72.94335174560547,03/20/2023 17:02,7.0,469.0,True,34.38715362548828,6.488430023193359,0.0,79796.4140625,0.0,0.661872386932373
30.41875648498535,275.94525146484375,1.419574499130249,1546.36083984375,0.049999501556158066,122.04935455322266,27.691436767578125,74.84679412841797,03/20/2023 17:00,6.0,316.0,True,69.26301574707031,7.041886806488037,0.0,84536.53125,0.0,0.6673966646194458
23.735809326171875,269.6690673828125,1.414953589439392,1629.7928466796875,0.049999501556158066,120.85638427734375,28.513690948486328,71.2510757446289,03/20/2023 16:59,6.0,258.0,True,33.71900177001953,6.643856048583984,0.0,105670.78125,0.0,0.659460186958313
21.52202796936035,271.24810791015625,197.49220275878906,1429.4334716796875,0.049999501556158066,121.93202209472656,28.490642547607422,71.69052124023438,03/20/2023 17:00,6.0,358.0,True,25.259477615356445,6.742617130279541,0.003913134336471558,62356.62109375,0.0,0.668780505657196
23.673309326171875,288.2940368652344,1.4164116382598877,844.7269287109375,2426.13916015625,121.23304748535156,28.32901382446289,72.19979095458984,03/20/2023 16:59,6.0,242.0,True,33.36089324951172,8.01748275756836,0.0,9471.779296875,10321.61328125,0.6619654893875122
19.322521209716797,254.5281982421875,1.4132742881774902,1315.2320556640625,0.049999501556158066,121.7854232788086,28.774812698364258,70.03608703613281,03/20/2023 17:00,7.0,334.0,True,18.543149948120117,5.670914173126221,0.0,45577.89453125,0.0,0.6694223284721375
11.765059471130371,231.1309356689453,1.410651683807373,1163.1776123046875,0.049999501556158066,121.8634033203125,29.228063583374023,68.02230072021484,03/20/2023 16:56,6.0,111.0,True,4.410593032836914,4.3820295333862305,0.0,29097.001953125,0.0,0.6720560789108276
26.825759887695312,278.6000671386719,1.4248359203338623,1601.248779296875,977.2006225585938,122.53094482421875,27.49878692626953,77.06982421875,03/20/2023 17:00,7.0,322.0,True,47.33371353149414,7.180699348449707,0.0,96388.453125,725.123046875,0.6681753396987915
21.462955474853516,259.9271240234375,1.4138929843902588,1260.342041015625,3494.60595703125,120.44808197021484,28.516618728637695,70.88886260986328,03/20/2023 16:56,7.0,60.0,True,25.169410705566406,6.004359245300293,0.0,38806.44921875,60051.03125,0.6563783884048462
24.18995475769043,276.234130859375,1.4184784889221191,1397.659423828125,0.049999501556158066,122.05850982666016,28.157434463500977,73.31739044189453,03/20/2023 17:04,6.0,597.0,True,35.39159393310547,7.07412576675415,0.0,56887.1640625,0.0,0.6682671904563904
22.274654388427734,230.3897247314453,1.4113109111785889,0.09999799728393555,2857.108642578125,120.40620422363281,29.067121505737305,68.64636993408203,03/20/2023 17:04,6.0,567.0,True,28.203014373779297,4.340362548828125,0.0,0.0,20439.44140625,0.6578109264373779
30.628482818603516,256.5005798339844,1.419013261795044,1384.4896240234375,0.049999501556158066,120.9695816040039,28.169078826904297,73.46611785888672,03/20/2023 17:02,6.0,443.0,True,70.76144409179688,5.744533061981201,0.0,54792.6484375,0.0,0.6576534509658813
29.726703643798828,274.00482177734375,1.4253051280975342,0.09999799728393555,0.049999501556158066,124.2227554321289,26.481843948364258,79.76676940917969,03/20/2023 16:57,6.0,161.0,True,63.975826263427734,6.845205307006836,0.0,0.0,0.0,0.6838380098342896
30.543834686279297,254.63265991210938,1.4187912940979004,1700.2950439453125,0.049999501556158066,119.60820007324219,27.545135498046875,74.95218658447266,03/20/2023 16:56,7.0,91.0,True,70.21751403808594,5.631661891937256,0.0,125122.15625,0.0,0.645126461982727
28.014156341552734,278.79498291015625,1.4205647706985474,1290.4117431640625,2398.30322265625,120.14730072021484,27.65988540649414,75.25434875488281,03/20/2023 16:57,7.0,144.0,True,54.23375701904297,7.239922523498535,0.0,41824.08203125,9826.1259765625,0.6489008665084839
25.18881607055664,269.734619140625,401.74151611328125,1410.008544921875,3108.498046875,120.11993408203125,28.2670841217041,72.60210418701172,03/20/2023 16:55,7.0,28.0,True,39.957618713378906,6.627021312713623,0.046916693449020386,59007.953125,30483.091796875,0.6510215997695923
27.991558074951172,293.5696716308594,1.4198403358459473,0.09999799728393555,2162.137939453125,122.58111572265625,27.971416473388672,74.235107421875,03/20/2023 17:02,7.0,462.0,True,54.18428421020508,8.407022476196289,0.0,0.0,6783.3154296875,0.6722267866134644
23.7630615234375,256.66259765625,1.4160064458847046,1295.9921875,0.049999501556158066,121.3973617553711,28.488834381103516,71.66499328613281,03/20/2023 17:03,6.0,534.0,True,33.760501861572266,5.779921054840088,0.0,42888.36328125,0.0,0.6638002395629883
25.559518814086914,255.8859405517578,1.4164793491363525,1667.9984130859375,0.049999501556158066,120.99935150146484,28.217905044555664,72.5001449584961,03/20/2023 17:04,7.0,566.0,True,41.765052795410156,5.72777795791626,0.0,115982.53125,0.0,0.6597220301628113
28.069997787475586,242.95870971679688,1.4205811023712158,1596.614013671875,3326.55029296875,120.66519927978516,26.336036682128906,78.56945037841797,03/20/2023 16:56,6.0,98.0,True,54.550697326660156,4.940329551696777,0.0,96049.671875,43969.72265625,0.653709352016449
26.304561614990234,226.681640625,1.4119718074798584,0.09999799728393555,0.049999501556158066,122.1509017944336,28.773208618164062,69.60311889648438,03/20/2023 17:03,7.0,480.0,True,45.85874938964844,4.152618408203125,0.0,0.0,0.0,0.6738325357437134
12.819791793823242,248.9237823486328,1.4102381467819214,0.09999799728393555,3472.364501953125,123.13758850097656,29.063980102539062,68.29337310791016,03/20/2023 17:04,6.0,563.0,True,5.660750389099121,5.358468055725098,0.0,0.0,57927.90625,0.6845247745513916
25.9338321685791,269.4240417480469,1.4158903360366821,1480.135986328125,0.049999501556158066,120.0333023071289,28.510168075561523,71.57286071777344,03/20/2023 16:59,6.0,289.0,True,43.63832473754883,6.617818832397461,0.0,71516.890625,0.0,0.6510963439941406
27.876028060913086,262.40655517578125,1.4131864309310913,1417.3004150390625,0.049999501556158066,120.96207427978516,28.576234817504883,70.50308227539062,03/20/2023 17:03,6.0,529.0,True,54.25440216064453,6.17130708694458,0.0,60671.16015625,0.0,0.6617089509963989
20.84505844116211,278.4580078125,1.419098138809204,1219.84716796875,2553.9951171875,121.54854583740234,28.016971588134766,73.87464141845703,03/20/2023 17:01,6.0,413.0,True,22.86778450012207,7.230517387390137,0.0,34043.12109375,12554.025390625,0.6630229353904724
29.604644775390625,278.60260009765625,1.4218159914016724,1264.593017578125,0.049999501556158066,120.44754791259766,27.05115509033203,77.1908950805664,03/20/2023 16:59,6.0,270.0,True,63.65019989013672,7.212539196014404,0.0,38688.90625,0.0,0.6508213877677917
25.827856063842773,283.99530029296875,1.4198157787322998,0.09999799728393555,3018.3544921875,122.51142883300781,27.844390869140625,74.54448699951172,03/20/2023 17:00,6.0,304.0,True,42.776031494140625,7.640585422515869,0.0,0.0,26188.96875,0.6715855002403259
26.620019912719727,270.35552978515625,1.4158310890197754,828.2723388671875,3478.613525390625,121.06196594238281,27.55931854248047,73.93019104003906,03/20/2023 17:02,6.0,461.0,True,47.12331008911133,6.6829328536987305,0.0,8879.8515625,58146.71484375,0.6607694625854492
25.71421241760254,272.20672607421875,1.4217426776885986,1379.980712890625,1529.390869140625,125.09698486328125,28.226749420166016,74.2276382446289,03/20/2023 17:03,6.0,522.0,True,42.06197738647461,6.754056930541992,0.0,53821.5078125,2326.14453125,0.6948167085647583
28.39361572265625,274.13201904296875,1.4194753170013428,1451.74609375,0.049999501556158066,120.4510498046875,27.945781707763672,74.17797088623047,03/20/2023 17:00,7.0,343.0,True,56.5485954284668,6.9126715660095215,0.0,65806.671875,0.0,0.6524862051010132
19.80951499938965,272.30450439453125,1.415428876876831,660.6635131835938,1010.8164672851562,121.6744613647461,28.554506301879883,71.30789184570312,03/20/2023 17:01,6.0,365.0,True,19.85312271118164,6.823568344116211,0.0,4248.294921875,797.587890625,0.6668258905410767
21.299793243408203,274.84149169921875,1.4168504476547241,1230.0870361328125,3238.258544921875,122.60581970214844,28.62265396118164,71.61207580566406,03/20/2023 17:04,7.0,553.0,True,24.46722412109375,6.990172863006592,0.0,35262.4921875,37936.75390625,0.6746187210083008
28.91782569885254,278.2169494628906,1.4237083196640015,1129.9171142578125,0.049999501556158066,122.1816177368164,26.683809280395508,78.73509216308594,03/20/2023 17:03,7.0,488.0,True,59.17103958129883,7.164399147033691,0.0,25542.40625,0.0,0.6656948328018188
25.356664657592773,276.6269836425781,1.410738468170166,986.2017822265625,3047.68212890625,120.1530990600586,28.803794860839844,69.11214447021484,03/20/2023 16:55,7.0,53.0,True,41.277286529541016,7.183716773986816,0.0,16220.3359375,27821.05859375,0.6558384299278259
28.14548683166504,259.6493225097656,1.4166086912155151,1080.474365234375,0.049999501556158066,124.00762939453125,28.539525985717773,71.73927307128906,03/20/2023 16:56,6.0,93.0,True,55.42658615112305,5.962803840637207,0.0,22077.91015625,0.0,0.6881657838821411
29.158069610595703,278.7890625,428.87890625,1576.232666015625,1272.023193359375,120.03839111328125,27.657445907592773,75.60384368896484,03/20/2023 16:57,7.0,128.0,True,60.88880157470703,7.228549003601074,0.06128928065299988,90972.1953125,1412.84375,0.6471720337867737
25.113140106201172,264.9837646484375,1.4175019264221191,1519.3125,0.049999501556158066,120.40354919433594,28.105745315551758,73.12149810791016,03/20/2023 17:01,7.0,376.0,True,39.578521728515625,6.301877975463867,0.0,79083.671875,0.0,0.6534240245819092
18.561664581298828,271.6273193359375,1.4161889553070068,707.3467407226562,2748.124267578125,121.84004211425781,28.535110473632812,71.61021423339844,03/20/2023 17:02,7.0,465.0,True,16.396238327026367,6.768293380737305,0.0,5285.150390625,17084.23046875,0.6678450703620911
25.051410675048828,266.91583251953125,1.4201836585998535,1405.631103515625,1792.8133544921875,120.14437103271484,26.420913696289062,78.22537231445312,03/20/2023 16:58,6.0,203.0,True,39.081504821777344,6.40609884262085,0.0,57956.59375,3706.79296875,0.649138331413269
30.238723754882812,279.3585510253906,1.4248241186141968,1433.72216796875,0.049999501556158066,122.62608337402344,27.829225540161133,76.23980712890625,03/20/2023 16:58,7.0,196.0,True,67.3447036743164,7.236603260040283,0.0,62018.62109375,0.0,0.6690789461135864
24.706178665161133,274.16583251953125,1.4216923713684082,1438.667236328125,0.049999501556158066,121.3546142578125,27.724889755249023,75.46560668945312,03/20/2023 17:03,7.0,494.0,True,37.40862274169922,6.892748832702637,0.0,63243.3671875,0.0,0.6593687534332275
27.015832901000977,267.2550048828125,1.4189293384552002,1290.00146484375,0.049999501556158066,120.08039855957031,27.948802947998047,73.98894500732422,03/20/2023 16:56,6.0,114.0,True,48.90510559082031,6.440717697143555,0.0,41908.4609375,0.0,0.6494157314300537
23.670734405517578,274.23162841796875,1.4192907810211182,1058.1739501953125,1847.06689453125,121.12721252441406,28.07814598083496,73.7857437133789,03/20/2023 17:02,7.0,465.0,True,33.156734466552734,6.921642780303955,0.0,20400.52734375,4066.5673828125,0.6589335799217224
24.088825225830078,267.7405090332031,1.4113563299179077,1136.1282958984375,2092.1806640625,121.38916015625,28.90351676940918,69.07060241699219,03/20/2023 17:04,6.0,556.0,True,35.467613220214844,6.545774459838867,0.0,26690.38671875,6138.283203125,0.6670501232147217
26.986003875732422,255.84133911132812,1.4171888828277588,1489.2451171875,0.049999501556158066,121.28697204589844,28.299640655517578,72.53240203857422,03/20/2023 17:04,6.0,546.0,True,48.918331146240234,5.7190842628479,0.0,73086.375,0.0,0.6619206666946411
21.80869483947754,238.0989532470703,1.413650631904602,1092.947265625,3006.500244140625,121.78092956542969,28.82733154296875,70.03091430664062,03/20/2023 16:57,7.0,143.0,True,26.386280059814453,4.725098609924316,0.0,23130.81640625,25907.478515625,0.6691091060638428
16.95904541015625,276.2791748046875,1.4149184226989746,0.09999799728393555,3663.908935546875,122.88310241699219,28.789093017578125,70.55078887939453,03/20/2023 17:01,7.0,395.0,True,12.637025833129883,7.114360809326172,0.0,0.0,82986.7578125,0.6786589026451111
27.85426902770996,257.22235107421875,1.419335126876831,1098.213134765625,0.049999501556158066,121.74298095703125,27.98811912536621,74.02554321289062,03/20/2023 16:58,6.0,203.0,True,53.4605598449707,5.7865986824035645,0.0,23268.599609375,0.0,0.6646824479103088
24.095458984375,254.260986328125,1.4132869243621826,1500.6514892578125,0.049999501556158066,120.594482421875,28.481647491455078,70.77320861816406,03/20/2023 16:59,6.0,277.0,True,35.35747146606445,5.654419422149658,0.0,75912.03125,0.0,0.6581805944442749
29.21616554260254,275.4565734863281,1.422636866569519,1552.913330078125,0.049999501556158066,122.90560150146484,27.639911651611328,75.99071502685547,03/20/2023 16:57,6.0,158.0,True,61.11909866333008,6.975381374359131,0.0,85474.59375,0.0,0.6732823252677917
29.727956771850586,251.0688018798828,1.41982102394104,1647.5745849609375,0.049999501556158066,120.6922836303711,27.165790557861328,76.24275207519531,03/20/2023 17:00,7.0,341.0,True,64.69462585449219,5.409440517425537,0.0,109469.015625,0.0,0.6544942259788513
22.724517822265625,286.243896484375,1.4206187725067139,1027.46142578125,2904.3857421875,123.1374740600586,28.37874984741211,73.47515106201172,03/20/2023 16:59,7.0,299.0,True,29.34440040588379,7.806333541870117,0.0,18347.6328125,21761.375,0.6769348382949829
30.527599334716797,273.67926025390625,335.93988037109375,1136.5064697265625,0.049999501556158066,121.15775299072266,27.675689697265625,74.34996032714844,03/20/2023 16:55,7.0,18.0,True,70.22496032714844,6.895669460296631,0.023291006684303284,26377.212890625,0.0,0.6601588726043701
25.593734741210938,282.2561950683594,1.4197311401367188,1424.983154296875,0.049999501556158066,121.41536712646484,27.79846954345703,74.6312255859375,03/20/2023 17:01,7.0,416.0,True,41.65473937988281,7.508360385894775,0.0,61166.67578125,0.0,0.6613236665725708
23.18250846862793,280.71539306640625,1.4191248416900635,1332.65380859375,3033.281982421875,120.1473388671875,27.15559959411621,76.03694152832031,03/20/2023 17:03,6.0,539.0,True,31.203657150268555,7.398453235626221,0.0,47355.375,26860.40625,0.64990234375
26.631927490234375,278.1280822753906,1.4157989025115967,1211.79443359375,2110.5517578125,120.32023620605469,28.46405601501465,71.65766143798828,03/20/2023 16:56,6.0,77.0,True,47.1883430480957,7.241034984588623,0.0,33440.85546875,6282.79296875,0.6538400053977966
28.011938095092773,288.01123046875,1.4218709468841553,1631.9468994140625,0.049999501556158066,119.09443664550781,28.105735778808594,74.57268524169922,03/20/2023 17:03,6.0,486.0,True,54.07850646972656,7.931339263916016,0.0,104815.46875,0.0,0.638264536857605
21.87614631652832,279.2854309082031,1.4196364879608154,1205.107421875,3153.511474609375,119.20271301269531,27.664146423339844,74.93559265136719,03/20/2023 16:56,7.0,84.0,True,26.30516815185547,7.286092758178711,0.0,32523.298828125,32745.17578125,0.6407920122146606
24.160266876220703,263.0445251464844,1.411946177482605,0.09999799728393555,2931.054443359375,122.17730712890625,28.742191314697266,69.67208862304688,03/20/2023 16:56,6.0,111.0,True,35.73401641845703,6.224508762359619,0.0,0.0,22986.15234375,0.6741020679473877
27.195056915283203,250.6914520263672,1.4134403467178345,0.09999799728393555,3081.5419921875,122.77073669433594,28.692413330078125,70.29774475097656,03/20/2023 17:03,6.0,496.0,True,50.42206573486328,5.437703609466553,0.0,0.0,29303.830078125,0.6786661744117737
24.613784790039062,261.0490417480469,1.4173150062561035,1545.7974853515625,0.049999501556158066,119.86385345458984,28.524734497070312,72.0116958618164,03/20/2023 17:03,6.0,526.0,True,37.32828140258789,6.046236515045166,0.0,84787.84375,0.0,0.6485244631767273
29.641006469726562,251.71322631835938,1.4173030853271484,1730.4639892578125,0.049999501556158066,120.1312484741211,28.236791610717773,72.72763061523438,03/20/2023 17:02,6.0,435.0,True,64.46556091308594,5.467711925506592,0.0,135184.484375,0.0,0.651022732257843
28.22084617614746,265.69305419921875,1.4203951358795166,1472.172607421875,0.049999501556158066,122.98675537109375,27.995994567871094,74.3577880859375,03/20/2023 16:57,7.0,167.0,True,55.438777923583984,6.322360038757324,0.0,69394.71875,0.0,0.6756675243377686
27.929973602294922,287.33953857421875,1.4204148054122925,1382.7178955078125,0.049999501556158066,121.0396728515625,27.941072463989258,74.50166320800781,03/20/2023 16:59,6.0,246.0,True,53.771888732910156,7.894937515258789,0.0,54373.984375,0.0,0.6573225259780884
25.39875030517578,251.23648071289062,1.4063009023666382,1672.2989501953125,0.049999501556158066,121.42938232421875,28.869319915771484,67.45101928710938,03/20/2023 17:04,6.0,541.0,True,41.85486602783203,5.527910232543945,0.0,119613.328125,0.0,0.6710811853408813
19.505037307739258,273.8959655761719,1.4183491468429565,0.09999799728393555,3090.46728515625,122.96186828613281,28.4805850982666,72.46650695800781,03/20/2023 16:57,6.0,152.0,True,18.863988876342773,6.9072113037109375,0.0,0.0,29538.10546875,0.6769131422042847
24.958877563476562,270.05426025390625,1.418160319328308,1352.6435546875,0.049999501556158066,121.3488540649414,28.26732063293457,72.93679809570312,03/20/2023 17:03,7.0,506.0,True,38.81780242919922,6.639347076416016,0.0,50207.15625,0.0,0.6618125438690186
26.772994995117188,285.72686767578125,1.4211506843566895,1223.039306640625,3114.678466796875,121.43833923339844,27.84227180480957,74.99272155761719,03/20/2023 17:02,7.0,479.0,True,47.41122817993164,7.759864330291748,0.0,34233.9375,30628.37109375,0.6605349183082581
27.731502532958984,285.74395751953125,1.4226044416427612,1746.135986328125,0.049999501556158066,122.10440826416016,27.258407592773438,76.9337387084961,03/20/2023 17:03,7.0,533.0,True,52.42351150512695,7.744765281677246,0.0,139027.015625,0.0,0.665754497051239
24.342287063598633,275.63592529296875,1.4183926582336426,1398.578125,2623.385009765625,119.90812683105469,28.15922737121582,73.28434753417969,03/20/2023 17:04,6.0,571.0,True,36.05516815185547,7.0316691398620605,0.0,57041.1875,14004.8583984375,0.6481869220733643
26.33280372619629,261.84063720703125,1.4196690320968628,1485.993896484375,0.049999501556158066,121.9346694946289,28.015682220458984,74.06755065917969,03/20/2023 17:01,6.0,402.0,True,45.29231262207031,6.076415061950684,0.0,72105.109375,0.0,0.6662486791610718
27.0394229888916,278.61761474609375,1.4194506406784058,1163.7952880859375,0.049999501556158066,122.75062561035156,28.306297302246094,73.2684326171875,03/20/2023 17:04,7.0,570.0,True,48.979164123535156,7.238585472106934,0.0,28652.71875,0.0,0.6741121411323547
29.206134796142578,274.19561767578125,1.420700192451477,1354.84912109375,0.049999501556158066,120.26309967041016,27.658140182495117,75.30368041992188,03/20/2023 17:01,7.0,386.0,True,61.296146392822266,6.904852390289307,0.0,50268.9296875,0.0,0.6498827338218689
27.189556121826172,270.4836730957031,1.4205093383789062,1134.4947509765625,3250.859619140625,121.0029296875,27.480369567871094,75.68478393554688,03/20/2023 17:01,6.0,419.0,True,49.676727294921875,6.6462507247924805,0.0,26079.052734375,38569.26171875,0.6569125056266785
23.364086151123047,260.4346923828125,1.4143624305725098,1386.8778076171875,0.049999501556158066,120.31805419921875,28.4793643951416,71.13912963867188,03/20/2023 17:04,6.0,549.0,True,32.23388671875,6.032812118530273,0.0,55663.40625,0.0,0.6548292636871338
28.073110580444336,268.05413818359375,205.9427490234375,1576.4051513671875,0.049999501556158066,120.39298248291016,27.92186737060547,74.50419616699219,03/20/2023 16:56,6.0,74.0,True,54.6019172668457,6.482079982757568,0.004425704479217529,91248.796875,0.0,0.6513851881027222
30.4937686920166,262.53973388671875,1.420264482498169,1576.5389404296875,0.049999501556158066,119.1439208984375,28.03713035583496,74.21163177490234,03/20/2023 17:04,6.0,561.0,True,69.67100524902344,6.116362571716309,0.0,91282.640625,0.0,0.6398187279701233
23.914365768432617,249.88784790039062,1.4129307270050049,0.09999799728393555,1831.3079833984375,121.9725570678711,28.86429214477539,69.69721221923828,03/20/2023 17:01,7.0,400.0,True,34.609283447265625,5.394098281860352,0.0,0.0,3995.380859375,0.6714440584182739
24.133617401123047,274.27154541015625,1.4194207191467285,1661.060791015625,0.049999501556158066,122.16546630859375,27.917436599731445,74.23065948486328,03/20/2023 17:02,7.0,441.0,True,35.08368682861328,6.92318058013916,0.0,113329.078125,0.0,0.6686016917228699
28.62164306640625,272.892333984375,1.4209800958633423,1452.970458984375,0.049999501556158066,121.01750183105469,27.620182037353516,75.49139404296875,03/20/2023 16:57,6.0,145.0,True,57.72053909301758,6.809739112854004,0.0,65829.9453125,0.0,0.656717836856842
19.095857620239258,278.964599609375,1.4079043865203857,0.09999799728393555,3578.831298828125,122.16910552978516,28.626758575439453,68.59955596923828,03/20/2023 16:59,6.0,274.0,True,18.112321853637695,7.388297080993652,0.0,0.0,70965.6015625,0.6769675016403198
23.510967254638672,276.03961181640625,1.4162472486495972,1221.947021484375,2371.017333984375,122.14860534667969,28.37078094482422,72.04053497314453,03/20/2023 16:56,7.0,83.0,True,32.70598220825195,7.083083629608154,0.0,34451.45703125,9471.912109375,0.6707205772399902
31.965539932250977,273.346435546875,1.4222538471221924,1529.6339111328125,0.049999501556158066,121.6373291015625,27.701732635498047,75.70942687988281,03/20/2023 17:01,7.0,388.0,True,79.75210571289062,6.8290934562683105,0.0,80500.84375,0.0,0.6616195440292358
28.663009643554688,283.5208435058594,1.4231981039047241,1469.07373046875,0.049999501556158066,122.83699035644531,27.923749923706055,75.46671295166016,03/20/2023 16:58,6.0,221.0,True,57.70794677734375,7.56666374206543,0.0,68444.515625,0.0,0.6722307801246643
24.521251678466797,263.68597412109375,1.4185349941253662,865.6123657226562,2999.6025390625,120.04313659667969,27.965946197509766,73.81489562988281,03/20/2023 16:58,6.0,225.0,True,36.82733154296875,6.206725120544434,0.0,10237.458984375,25446.6015625,0.6493435502052307
25.65120506286621,259.75250244140625,1.4163744449615479,1625.1090087890625,0.049999501556158066,121.7246322631836,28.3662109375,72.09435272216797,03/20/2023 17:00,6.0,339.0,True,42.21531677246094,5.971426010131836,0.0,104133.375,0.0,0.6666225790977478
22.0983943939209,235.54440307617188,1.4097883701324463,927.7990112304688,2249.394287109375,120.90543365478516,28.956771850585938,68.4099349975586,03/20/2023 17:04,6.0,582.0,True,27.640480041503906,4.6158905029296875,0.0,13174.3857421875,7896.2373046875,0.6635998487472534
28.354690551757812,280.65399169921875,1.4178187847137451,1036.5556640625,2297.0654296875,121.74287414550781,28.005203247070312,73.47840118408203,03/20/2023 17:01,6.0,371.0,True,56.509483337402344,7.407958507537842,0.0,19027.056640625,8417.2314453125,0.6657624840736389
25.63848876953125,250.17391967773438,1.4182240962982178,1349.3489990234375,616.599853515625,120.76155090332031,27.80716896057129,74.10840606689453,03/20/2023 16:56,7.0,79.0,True,41.996551513671875,5.369252681732178,0.0,49736.7109375,252.169921875,0.6562624573707581
18.235580444335938,260.25286865234375,1.410965085029602,961.7329711914062,3189.383544921875,120.22856140136719,28.910165786743164,68.92242431640625,03/20/2023 16:58,6.0,204.0,True,15.736598014831543,6.051214218139648,0.0,14866.01171875,35199.515625,0.6563869714736938
20.326393127441406,253.4407501220703,1.4122084379196167,0.09999799728393555,3372.564208984375,120.3082504272461,28.997339248657227,69.12224578857422,03/20/2023 16:59,7.0,284.0,True,21.543701171875,5.613216876983643,0.0,0.0,48240.62109375,0.6562560796737671
22.873199462890625,237.413818359375,1.408308506011963,1150.3900146484375,0.049999501556158066,120.1951904296875,29.03077507019043,67.7259292602539,03/20/2023 17:00,7.0,354.0,True,30.66539764404297,4.725463390350342,0.0,28086.29296875,0.0,0.6579556465148926
31.635995864868164,271.12835693359375,1.4200400114059448,1318.5711669921875,0.049999501556158066,121.16246032714844,27.73168182373047,74.9007339477539,03/20/2023 16:58,7.0,196.0,True,77.6939697265625,6.695526599884033,0.0,45408.3984375,0.0,0.6587352156639099
33.968284606933594,267.54949951171875,1.4249348640441895,0.09999799728393555,0.049999501556158066,124.143310546875,26.95574378967285,78.46002197265625,03/20/2023 16:57,7.0,179.0,True,94.93905639648438,6.404311180114746,0.0,0.0,0.0,0.6833522915840149
29.642858505249023,272.99847412109375,1.4199172258377075,1550.7479248046875,0.049999501556158066,120.6900863647461,28.234018325805664,73.60409545898438,03/20/2023 16:56,7.0,79.0,True,64.13784790039062,6.827804088592529,0.0,85449.1484375,0.0,0.6544063687324524
10.968252182006836,271.77459716796875,1.412698745727539,1429.275390625,2853.040771484375,121.3526840209961,28.584152221679688,70.31975555419922,03/20/2023 16:55,6.0,20.0,True,3.585470199584961,6.81340217590332,0.0,62748.0234375,20268.55859375,0.6657420992851257
27.71639060974121,248.97329711914062,1.417639970779419,1922.6112060546875,0.049999501556158066,119.2777328491211,28.178009033203125,72.9868392944336,03/20/2023 17:04,6.0,556.0,True,52.86652374267578,5.303520202636719,0.0,214234.921875,0.0,0.6428589224815369
22.895904541015625,269.4261779785156,1.4191701412200928,1385.124267578125,2201.05712890625,123.4364242553711,27.804901123046875,74.4287338256836,03/20/2023 16:59,7.0,242.0,True,30.084808349609375,6.586301803588867,0.0,54872.375,7221.7998046875,0.6808289885520935
27.829753875732422,284.51910400390625,1.4254906177520752,877.5031127929688,3280.349609375,121.94471740722656,26.775371551513672,79.09412384033203,03/20/2023 17:02,6.0,420.0,True,52.66500473022461,7.617802619934082,0.0,10573.716796875,40301.3984375,0.6622111201286316
26.323436737060547,282.10382080078125,1.424874186515808,881.7927856445312,3587.546142578125,123.6958236694336,27.270923614501953,77.65205383300781,03/20/2023 17:04,6.0,570.0,True,44.77290344238281,7.440796375274658,0.0,10762.056640625,70494.6640625,0.6791474223136902
26.888973236083984,289.578125,1.4208406209945679,0.09999799728393555,2382.787841796875,120.50382232666016,27.72899627685547,75.17311096191406,03/20/2023 17:04,7.0,561.0,True,48.04742431640625,8.068544387817383,0.0,0.0,9587.06640625,0.6520245671272278
28.690109252929688,268.78607177734375,1.4165542125701904,1623.2919921875,0.049999501556158066,120.66944885253906,28.15709686279297,72.67713165283203,03/20/2023 16:57,7.0,143.0,True,58.650047302246094,6.567513942718506,0.0,103618.171875,0.0,0.6565760970115662
27.574234008789062,286.9288330078125,1.4199976921081543,569.2279052734375,0.049999501556158066,120.4391860961914,27.935758590698242,74.37652587890625,03/20/2023 17:01,7.0,415.0,True,51.825496673583984,7.867291450500488,0.0,2625.98828125,0.0,0.6520107984542847
23.56560707092285,257.39984130859375,1.4107961654663086,1546.867919921875,1831.78515625,122.35591125488281,28.80350685119629,69.1323013305664,03/20/2023 17:00,6.0,322.0,True,33.295108795166016,5.870624542236328,0.0,86122.609375,4010.40625,0.6766394376754761
29.27614402770996,248.67764282226562,1.4193918704986572,1574.7978515625,0.049999501556158066,120.2020263671875,27.578319549560547,75.06886291503906,03/20/2023 16:58,7.0,203.0,True,61.89328384399414,5.272794246673584,0.0,91029.6875,0.0,0.6502253413200378
23.269792556762695,269.55426025390625,255.25900268554688,1474.7545166015625,2813.158935546875,119.88973236083984,28.72594451904297,69.84896087646484,03/20/2023 17:04,6.0,570.0,True,31.984485626220703,6.6612725257873535,0.00896906852722168,70989.09375,19033.646484375,0.6522339582443237
15.879069328308105,277.56536865234375,1.4147694110870361,1306.068359375,2095.549072265625,121.13307189941406,28.647897720336914,70.85395812988281,03/20/2023 17:03,6.0,486.0,True,10.438955307006836,7.2103424072265625,0.0,44262.48046875,6142.4609375,0.6621925830841064
21.733491897583008,244.63552856445312,310.6373291015625,905.2623901367188,0.049999501556158066,122.12672424316406,28.90654182434082,69.18241882324219,03/20/2023 16:59,7.0,285.0,True,26.22405242919922,5.099315643310547,0.017689108848571777,12070.6328125,0.0,0.6737911105155945
23.100540161132812,253.2900390625,1.4102323055267334,1558.103515625,0.049999501556158066,120.69255065917969,28.65483856201172,69.31427001953125,03/20/2023 16:58,7.0,195.0,True,31.443069458007812,5.620326519012451,0.0,88771.375,0.0,0.6612733602523804
21.405988693237305,280.70440673828125,1.418196201324463,971.2957763671875,2424.542724609375,121.07008361816406,28.090457916259766,73.39090728759766,03/20/2023 17:01,7.0,401.0,True,24.758052825927734,7.407668113708496,0.0,15164.2890625,10270.62890625,0.6591711640357971
16.771484375,266.03155517578125,375.3116455078125,0.09999799728393555,3505.515869140625,120.50233459472656,28.774137496948242,70.06295776367188,03/20/2023 16:56,7.0,106.0,True,12.273571014404297,6.410652160644531,0.03590284287929535,0.0,61326.22265625,0.6572712063789368
25.210966110229492,277.78375244140625,1.409844160079956,1385.7921142578125,0.049999501556158066,120.22990417480469,28.610858917236328,69.29353332519531,03/20/2023 17:03,6.0,518.0,True,40.658966064453125,7.278900146484375,0.0,55992.51953125,0.0,0.6571928858757019
20.377544403076172,239.18728637695312,1.4098631143569946,0.09999799728393555,2257.499267578125,122.8631591796875,28.847393035888672,68.70852661132812,03/20/2023 17:01,7.0,391.0,True,21.806026458740234,4.810312271118164,0.0,0.0,7996.875,0.6821705102920532
28.522708892822266,262.93402099609375,1.4217126369476318,1324.7216796875,2401.39013671875,121.46971130371094,26.840293884277344,77.68389129638672,03/20/2023 16:57,6.0,129.0,True,57.050689697265625,6.1290202140808105,0.0,46062.78125,9858.068359375,0.6604318618774414
27.4814453125,265.16949462890625,493.38238525390625,1418.743408203125,0.049999501556158066,119.25547790527344,28.59072494506836,71.03189849853516,03/20/2023 16:59,7.0,267.0,True,51.848628997802734,6.33855676651001,0.1173396110534668,60709.1953125,0.0,0.6445634365081787
28.994577407836914,281.34588623046875,1.422330379486084,1609.6845703125,0.049999501556158066,120.2065658569336,27.637176513671875,75.89613342285156,03/20/2023 17:02,6.0,460.0,True,59.80051803588867,7.411229610443115,0.0,98968.578125,0.0,0.6482265591621399
27.01997947692871,267.110107421875,1.4197700023651123,1462.782958984375,0.049999501556158066,119.87510681152344,27.282926559448242,75.93299865722656,03/20/2023 17:00,7.0,311.0,True,48.84419631958008,6.4230451583862305,0.0,67752.359375,0.0,0.6469248533248901
26.111257553100586,269.2359313964844,262.12237548828125,1044.029052734375,1954.4766845703125,119.4861831665039,28.748689651489258,69.42841339111328,03/20/2023 17:00,6.0,334.0,True,44.93998718261719,6.649755001068115,0.009820610284805298,19766.134765625,4911.9736328125,0.6492205858230591
25.008209228515625,285.69256591796875,1.4236154556274414,1403.577880859375,3077.30224609375,121.67903137207031,26.876876831054688,78.22175598144531,03/20/2023 16:58,6.0,201.0,True,38.616058349609375,7.729372501373291,0.0,57244.1015625,28694.96484375,0.6610482931137085
29.411651611328125,228.2958526611328,1.4094843864440918,1186.2711181640625,0.049999501556158066,121.16679382324219,28.65188217163086,69.06977081298828,03/20/2023 17:04,6.0,585.0,True,64.01345825195312,4.247293949127197,0.0,31323.716796875,0.0,0.6662898659706116
19.538713455200195,260.61016845703125,509.83355712890625,1279.9033203125,2637.88818359375,121.27996826171875,28.9184513092041,69.3479232788086,03/20/2023 17:02,7.0,446.0,True,19.19310188293457,6.062478065490723,0.13845296204090118,41228.6640625,14447.283203125,0.6653453707695007
24.196063995361328,276.12506103515625,1.420965313911438,1366.6661376953125,0.049999501556158066,121.45951080322266,27.742595672607422,75.180419921875,03/20/2023 17:01,6.0,378.0,True,35.240440368652344,7.040600776672363,0.0,51937.2734375,0.0,0.6608642935752869
27.235790252685547,278.89215087890625,1.4212894439697266,1564.831298828125,0.049999501556158066,120.88519287109375,28.24740982055664,74.02584075927734,03/20/2023 16:56,7.0,97.0,True,49.84700012207031,7.239444732666016,0.0,88388.265625,0.0,0.6552653312683105
27.39486312866211,276.5010681152344,1.4147396087646484,1701.887939453125,0.049999501556158066,120.40806579589844,27.90583610534668,72.69913482666016,03/20/2023 16:58,6.0,226.0,True,51.3836784362793,7.132446765899658,0.0,126620.875,0.0,0.6554065942764282
25.98097801208496,269.1048889160156,1.4168230295181274,1249.06494140625,0.049999501556158066,121.35707092285156,28.547264099121094,71.7913818359375,03/20/2023 16:58,7.0,186.0,True,43.788978576660156,6.586824417114258,0.0,37317.66015625,0.0,0.6628395318984985
26.226089477539062,272.452880859375,1.4146808385849,0.09999799728393555,2454.176025390625,120.56813049316406,28.31646728515625,71.65287780761719,03/20/2023 16:55,6.0,56.0,True,45.20903015136719,6.841554641723633,0.0,0.0,10809.12109375,0.6569478511810303
23.740589141845703,248.02810668945312,318.7303466796875,1034.171142578125,2158.39111328125,121.6647720336914,28.83253288269043,69.25603485107422,03/20/2023 16:56,6.0,104.0,True,33.98429870605469,5.297022342681885,0.019421875476837158,19114.712890625,6822.19140625,0.6696438789367676
26.28726577758789,262.96722412109375,1.414694905281067,1629.445068359375,2748.55419921875,119.65104675292969,27.9993839263916,72.4503173828125,03/20/2023 16:57,7.0,168.0,True,45.51817321777344,6.19439172744751,0.0,105631.59375,17131.078125,0.6483672857284546
29.14581871032715,264.38861083984375,1.4205713272094727,1528.978271484375,3223.367919921875,118.46351623535156,26.738920211791992,77.5589370727539,03/20/2023 16:56,6.0,91.0,True,60.93983459472656,6.2344136238098145,0.0,80627.984375,36796.359375,0.6333482265472412
28.435550689697266,269.7160949707031,1.4179322719573975,1011.1768188476562,0.049999501556158066,119.5510025024414,28.1654052734375,73.11566162109375,03/20/2023 17:04,7.0,555.0,True,56.97211456298828,6.618200778961182,0.0,17443.77734375,0.0,0.6451899409294128
29.81731605529785,274.8825988769531,1.4210652112960815,1568.613037109375,0.049999501556158066,121.43928527832031,27.871379852294922,74.89158630371094,03/20/2023 16:55,6.0,47.0,True,65.10589599609375,6.95020866394043,0.0,89295.484375,0.0,0.6606041789054871
30.642364501953125,277.0628662109375,1.4245030879974365,1324.4539794921875,0.049999501556158066,121.7698745727539,27.001371383666992,78.2034683227539,03/20/2023 17:03,7.0,497.0,True,70.07632446289062,7.072103977203369,0.0,45777.0390625,0.0,0.6612721085548401
23.865394592285156,254.9665985107422,1.4115116596221924,0.09999799728393555,1729.6422119140625,121.29673767089844,28.89696502685547,69.13915252685547,03/20/2023 17:01,7.0,375.0,True,34.501243591308594,5.712637424468994,0.0,0.0,3367.40625,0.6660642027854919
25.85111427307129,244.8500213623047,1.4136664867401123,0.09999799728393555,0.049999501556158066,120.64173889160156,28.567440032958984,70.68595886230469,03/20/2023 16:55,6.0,15.0,True,43.42607116699219,5.096850395202637,0.0,0.0,0.0,0.658355712890625
26.264934539794922,280.1239013671875,1.42054283618927,980.9325561523438,0.049999501556158066,122.21634674072266,28.015884399414062,74.35712432861328,03/20/2023 16:55,6.0,45.0,True,44.87104797363281,7.338871002197266,0.0,15618.3193359375,0.0,0.6682785153388977
26.083383560180664,256.92999267578125,1.4141631126403809,0.09999799728393555,3528.49072265625,119.26165771484375,28.460277557373047,71.1201171875,03/20/2023 17:04,6.0,548.0,True,44.5369873046875,5.812252998352051,0.0,0.0,63945.609375,0.6451135277748108
28.585596084594727,281.4873352050781,1.421715259552002,1352.318359375,0.049999501556158066,121.38739013671875,27.64027976989746,75.68476867675781,03/20/2023 17:04,7.0,593.0,True,57.42155838012695,7.428530216217041,0.0,49812.7734375,0.0,0.6596592664718628
26.21660804748535,263.8544006347656,1.4124854803085327,0.09999799728393555,3440.8291015625,118.28779602050781,28.753890991210938,69.82386779785156,03/20/2023 16:56,7.0,64.0,True,45.36248779296875,6.273114204406738,0.0,0.0,54513.83984375,0.637241780757904
27.37441635131836,245.226806640625,1.415003776550293,0.09999799728393555,0.049999501556158066,121.1788330078125,28.70979881286621,70.77755737304688,03/20/2023 17:04,6.0,553.0,True,51.24354553222656,5.108207702636719,0.0,0.0,0.0,0.6624565124511719
24.702762603759766,278.49139404296875,1.4162065982818604,1373.8157958984375,2539.84912109375,123.42354583740234,28.58970069885254,71.47965240478516,03/20/2023 16:57,7.0,155.0,True,37.81007385253906,7.2636308670043945,0.0,53482.609375,12328.931640625,0.6828729510307312
29.01961326599121,279.66845703125,1.423903226852417,1729.9144287109375,0.049999501556158066,120.43739318847656,27.308191299438477,77.238525390625,03/20/2023 16:56,6.0,81.0,True,59.76314926147461,7.26923131942749,0.0,133267.203125,0.0,0.6492775082588196
31.527225494384766,280.3446960449219,1.4228055477142334,1613.6158447265625,0.049999501556158066,122.04434967041016,27.187950134277344,77.17636108398438,03/20/2023 16:55,6.0,2.0,True,76.48011016845703,7.331150054931641,0.0,99871.0,0.0,0.6650471687316895
30.575363159179688,270.711669921875,1.4173388481140137,1671.8201904296875,0.049999501556158066,121.70955657958984,28.02646255493164,73.26539611816406,03/20/2023 16:56,6.0,84.0,True,70.63861083984375,6.692955017089844,0.0,116898.234375,0.0,0.6657910346984863
21.689945220947266,273.8263854980469,1.4196772575378418,0.09999799728393555,3159.47998046875,122.3840560913086,27.83492660522461,74.5221939086914,03/20/2023 17:03,6.0,514.0,True,25.653667449951172,6.888874530792236,0.0,0.0,33072.43359375,0.6704813838005066
29.103002548217773,257.54052734375,1.4153395891189575,1579.8389892578125,0.049999501556158066,119.26778411865234,28.292335510253906,71.9334487915039,03/20/2023 17:01,6.0,375.0,True,61.32149887084961,5.840450286865234,0.0,92955.84375,0.0,0.6443555355072021
22.574853897094727,275.6643371582031,442.306884765625,1375.138427734375,0.049999501556158066,119.04219818115234,28.586462020874023,68.966796875,03/20/2023 17:03,7.0,522.0,True,29.486148834228516,7.134475231170654,0.07171232998371124,54481.03125,0.0,0.6468744874000549
31.512195587158203,278.2688903808594,1.421531319618225,1585.2435302734375,0.049999501556158066,121.79777526855469,27.412002563476562,76.19448852539062,03/20/2023 16:59,6.0,256.0,True,76.56881713867188,7.190980911254883,0.0,93117.578125,0.0,0.6636365056037903
28.6805419921875,249.7987518310547,1.4187517166137695,1470.4691162109375,0.049999501556158066,121.09942626953125,28.06839370727539,73.63091278076172,03/20/2023 16:59,6.0,290.0,True,58.33277130126953,5.343101978302002,0.0,69301.9375,0.0,0.6590538024902344
26.859111785888672,268.48272705078125,1.420500636100769,1564.85498046875,0.049999501556158066,122.5145492553711,28.097972869873047,74.13793182373047,03/20/2023 17:04,6.0,591.0,True,47.92359161376953,6.509079456329346,0.0,88530.390625,0.0,0.6711229085922241
23.668729782104492,245.91622924804688,294.8291931152344,1331.695068359375,2533.45751953125,122.1888656616211,28.987754821777344,68.77635192871094,03/20/2023 16:59,6.0,283.0,True,33.702449798583984,5.176924705505371,0.014710694551467896,47977.16015625,12292.8720703125,0.6748213171958923
22.935026168823242,249.22604370117188,1.4138219356536865,602.6741943359375,2993.087646484375,120.04124450683594,28.752567291259766,70.27517700195312,03/20/2023 17:00,6.0,301.0,True,30.564495086669922,5.348080158233643,0.0,3181.59375,25342.9375,0.6526191234588623
24.78237533569336,279.26971435546875,1.4247357845306396,1331.4681396484375,2781.126220703125,123.1193618774414,26.985193252563477,78.32077026367188,03/20/2023 17:04,6.0,578.0,True,37.51735305786133,7.230982780456543,0.0,46680.2734375,17787.09375,0.6737923622131348
31.502017974853516,261.96527099609375,1.4181451797485352,1639.1806640625,0.049999501556158066,121.21348571777344,27.715394973754883,74.31158447265625,03/20/2023 17:01,6.0,400.0,True,77.02046203613281,6.098025321960449,0.0,107530.875,0.0,0.660552442073822
23.11726188659668,233.7494354248047,417.59088134765625,0.09999799728393555,2949.532958984375,121.2423324584961,29.096120834350586,67.84049987792969,03/20/2023 17:04,6.0,562.0,True,31.580310821533203,4.5263752937316895,0.05592012405395508,0.0,23772.6796875,0.6672586798667908
29.849212646484375,281.37322998046875,1.421298623085022,0.09999799728393555,0.049999501556158066,122.08540344238281,27.732627868652344,75.31584167480469,03/20/2023 16:57,6.0,137.0,True,65.28070068359375,7.424448013305664,0.0,0.0,0.0,0.6665056347846985
24.931686401367188,252.4934539794922,465.35205078125,1426.0047607421875,0.049999501556158066,121.61576080322266,28.48179817199707,71.71379089355469,03/20/2023 17:01,6.0,396.0,True,38.855438232421875,5.52410888671875,0.0889209508895874,61776.23046875,0.0,0.6657918691635132
20.793832778930664,277.859619140625,1.4180943965911865,1425.8865966796875,1893.0081787109375,121.29728698730469,28.484899520874023,72.37092590332031,03/20/2023 17:04,6.0,561.0,True,22.75008201599121,7.196976661682129,0.0,61514.8359375,4397.23828125,0.6613749861717224
25.05292320251465,272.114013671875,1.418129324913025,1585.0521240234375,2981.4208984375,119.37943267822266,27.966388702392578,73.6788330078125,03/20/2023 17:04,7.0,575.0,True,39.250938415527344,6.783258438110352,0.0,93694.6875,24720.720703125,0.6434633135795593
30.834177017211914,281.41949462890625,1.422565221786499,1619.6221923828125,0.049999501556158066,121.1709213256836,27.599042892456055,76.06915283203125,03/20/2023 17:03,7.0,483.0,True,71.6575927734375,7.4142327308654785,0.0,101454.8125,0.0,0.6570375561714172
22.436986923217773,275.67913818359375,1.41793954372406,1288.617431640625,0.049999501556158066,120.8465576171875,28.093923568725586,73.29679870605469,03/20/2023 17:00,7.0,332.0,True,28.42434310913086,7.039454936981201,0.0,41821.4375,0.0,0.6572583317756653
30.343475341796875,266.7324523925781,1.421242117881775,1685.7349853515625,0.049999501556158066,120.4410629272461,27.877826690673828,74.93415832519531,03/20/2023 17:02,6.0,464.0,True,68.52764892578125,6.383915901184082,0.0,120101.546875,0.0,0.6511606574058533
26.541141510009766,252.60220336914062,1.4134879112243652,0.09999799728393555,2765.149169921875,121.37190246582031,28.683176040649414,70.33674621582031,03/20/2023 17:03,6.0,519.0,True,46.93646240234375,5.551855087280273,0.0,0.0,17614.546875,0.6653584837913513
22.543237686157227,258.75299072265625,1.4155012369155884,1304.4892578125,0.049999501556158066,121.01190185546875,28.481863021850586,71.51368713378906,03/20/2023 17:02,6.0,466.0,True,28.962539672851562,5.915493488311768,0.0,43998.11328125,0.0,0.66053307056427
20.899385452270508,265.18157958984375,479.4203186035156,1520.684326171875,3456.640625,120.09849548339844,28.385765075683594,71.8641586303711,03/20/2023 17:01,7.0,409.0,True,23.195058822631836,6.330488204956055,0.10216204822063446,79630.3046875,55848.99609375,0.6517459750175476
23.980323791503906,259.6116638183594,1.414996862411499,828.176025390625,0.049999501556158066,120.15020751953125,28.61324119567871,71.01666259765625,03/20/2023 16:55,7.0,29.0,True,34.74396514892578,5.974487781524658,0.0,8890.986328125,0.0,0.6528133749961853
22.81918716430664,257.86151123046875,1.4102537631988525,1426.46728515625,2858.5244140625,119.92325592041016,28.889379501342773,68.7351303100586,03/20/2023 16:56,6.0,98.0,True,30.333656311035156,5.904510021209717,0.0,62570.6640625,20515.56640625,0.6540237665176392
29.46474838256836,259.57708740234375,1.4123889207839966,1635.90576171875,0.049999501556158066,119.5711441040039,28.435251235961914,70.58805084228516,03/20/2023 17:00,6.0,317.0,True,63.97603225708008,5.9951653480529785,0.0,107859.9375,0.0,0.6492311358451843
27.01654052734375,229.1190643310547,1.408477783203125,1631.439208984375,0.049999501556158066,121.28084564208984,28.76911735534668,68.4372329711914,03/20/2023 16:57,6.0,176.0,True,49.956233978271484,4.29460334777832,0.0,107475.609375,0.0,0.6680952906608582
30.23592185974121,274.97625732421875,1.4224202632904053,1623.6915283203125,0.049999501556158066,120.69083404541016,27.560516357421875,76.11756896972656,03/20/2023 17:03,6.0,497.0,True,67.65290832519531,6.943180561065674,0.0,102536.78125,0.0,0.6526634693145752
27.76504135131836,269.22393798828125,1.4226785898208618,0.09999799728393555,0.049999501556158066,123.02750396728516,27.884544372558594,75.39289093017578,03/20/2023 17:04,6.0,565.0,True,52.602386474609375,6.5388689041137695,0.0,0.0,0.0,0.6744049787521362
26.816448211669922,264.4200744628906,1.4220094680786133,1707.41259765625,0.049999501556158066,121.03752136230469,27.371248245239258,76.45475769042969,03/20/2023 17:01,6.0,374.0,True,47.55531692504883,6.22341775894165,0.0,126545.125,0.0,0.6561821103096008
25.194469451904297,285.6419677734375,1.416527509689331,416.16888427734375,3297.412109375,121.5885009765625,27.87010383605957,73.38572692871094,03/20/2023 16:55,7.0,58.0,True,40.03461456298828,7.805792331695557,0.0,1007.21484375,42024.96875,0.6652294397354126
30.227947235107422,254.4884033203125,1.4148123264312744,1571.5618896484375,0.049999501556158066,118.4273452758789,28.431184768676758,71.41008758544922,03/20/2023 16:56,7.0,63.0,True,68.64733123779297,5.655704498291016,0.0,91089.171875,0.0,0.6369372010231018
26.24078941345215,266.5816345214844,1.41970956325531,1500.9637451171875,2130.757080078125,119.5506820678711,27.62691879272461,75.05290985107422,03/20/2023 16:59,7.0,251.0,True,44.82530212402344,6.388087272644043,0.0,75021.8359375,6453.9462890625,0.6439595818519592
24.803821563720703,248.3204345703125,446.5506286621094,0.09999799728393555,2999.085205078125,121.03010559082031,29.091716766357422,68.42063903808594,03/20/2023 16:57,7.0,170.0,True,38.685550689697266,5.318456649780273,0.07452182471752167,0.0,25697.333984375,0.664037823677063
20.58835792541504,240.81838989257812,358.8392028808594,1356.240234375,3021.64208984375,119.1488265991211,29.09107208251953,67.44816589355469,03/20/2023 16:59,7.0,292.0,True,22.55985450744629,4.913483619689941,0.03043028712272644,51750.44921875,26765.43359375,0.6484030485153198
24.10659408569336,257.1800537109375,1.4161324501037598,0.09999799728393555,2968.369873046875,121.92131042480469,28.57042694091797,71.5030517578125,03/20/2023 17:01,7.0,367.0,True,35.20186996459961,5.811118125915527,0.0,0.0,24270.744140625,0.6686534285545349
26.06222915649414,254.93643188476562,394.33636474609375,1383.344970703125,3034.756103515625,119.33934020996094,28.27605628967285,72.20557403564453,03/20/2023 17:00,6.0,347.0,True,44.263092041015625,5.673045635223389,0.04356357455253601,54939.421875,27040.15234375,0.6445403099060059
26.320953369140625,280.5201110839844,111.73663330078125,1577.111572265625,0.049999501556158066,120.09446716308594,28.3897762298584,72.48198699951172,03/20/2023 17:04,6.0,596.0,True,45.411468505859375,7.399020195007324,0.0007338225841522217,91875.921875,0.0,0.6503934264183044
21.115861892700195,277.37774658203125,1.4144635200500488,0.09999799728393555,3076.6044921875,120.49820709228516,28.325878143310547,71.55667114257812,03/20/2023 16:58,6.0,223.0,True,23.970394134521484,7.199734210968018,0.0,0.0,29025.25390625,0.6564458012580872
29.210927963256836,248.39639282226562,1.4159481525421143,1347.9024658203125,2766.126708984375,119.83686828613281,28.06939697265625,72.69410705566406,03/20/2023 16:59,7.0,272.0,True,61.917518615722656,5.283041954040527,0.0,49756.0078125,17581.939453125,0.6492246985435486
25.107330322265625,269.39849853515625,1.4212980270385742,1683.22216796875,0.049999501556158066,119.60005950927734,27.7677059173584,75.22797393798828,03/20/2023 16:55,7.0,51.0,True,39.249664306640625,6.563981533050537,0.0,119339.71875,0.0,0.6433221101760864
29.448989868164062,266.38128662109375,1.4228229522705078,1637.7498779296875,0.049999501556158066,120.81351470947266,27.284238815307617,76.9414291381836,03/20/2023 16:56,6.0,104.0,True,62.54194641113281,6.345775127410889,0.0,106165.578125,0.0,0.65352463722229
28.811859130859375,272.95794677734375,1.4196059703826904,1228.256591796875,0.049999501556158066,123.3068618774414,28.240339279174805,73.48495483398438,03/20/2023 17:01,6.0,383.0,True,59.02085876464844,6.828042030334473,0.0,34880.29296875,0.0,0.6792787313461304
27.79782485961914,247.6024932861328,1.4190928936004639,1623.21142578125,0.049999501556158066,120.92940521240234,27.40198516845703,75.41035461425781,03/20/2023 17:00,7.0,313.0,True,53.168453216552734,5.213005065917969,0.0,103081.90625,0.0,0.6572213768959045
28.705230712890625,272.21087646484375,1.41792893409729,1551.808837890625,0.049999501556158066,119.797119140625,27.979890823364258,73.57833099365234,03/20/2023 17:00,6.0,327.0,True,58.57806396484375,6.792062282562256,0.0,86019.8984375,0.0,0.6474773287773132
28.558269500732422,267.06817626953125,1.4225691556930542,1717.4400634765625,0.049999501556158066,119.96751403808594,27.55523109436035,76.18001556396484,03/20/2023 16:57,6.0,133.0,True,57.16164779663086,6.394062042236328,0.0,129575.265625,0.0,0.6458461880683899
29.048816680908203,268.1532897949219,1.4162712097167969,1187.426513671875,0.049999501556158066,120.27815246582031,28.160865783691406,72.57327270507812,03/20/2023 16:59,6.0,246.0,True,60.87089920043945,6.526916980743408,0.0,31017.517578125,0.0,0.6531155109405518
28.452091217041016,270.43896484375,1.4213072061538696,1651.8978271484375,0.049999501556158066,119.81278991699219,28.323503494262695,73.84148406982422,03/20/2023 16:55,6.0,35.0,True,56.682212829589844,6.635431289672852,0.0,110343.90625,0.0,0.6452844738960266
28.09090805053711,283.5440368652344,1.422479510307312,919.8051147460938,0.049999501556158066,120.76554107666016,27.589807510375977,76.06388854980469,03/20/2023 17:01,6.0,363.0,True,54.46153259277344,7.5763654708862305,0.0,12476.140625,0.0,0.6533177495002747
25.225452423095703,275.90301513671875,329.6443176269531,1356.1151123046875,0.049999501556158066,120.96529388427734,28.144725799560547,73.3306884765625,03/20/2023 17:01,6.0,413.0,True,40.02557373046875,7.050686836242676,0.021696612238883972,50674.1015625,0.0,0.658029317855835
23.474912643432617,251.264892578125,1.412978172302246,630.7138061523438,340.1595458984375,121.2543716430664,28.401477813720703,70.87015533447266,03/20/2023 16:55,6.0,18.0,True,32.77564239501953,5.475598335266113,0.0,3681.240234375,70.68359375,0.6646134853363037
22.490251541137695,268.5675964355469,1.4145511388778687,840.7023315429688,3447.4423828125,120.19486236572266,28.249286651611328,71.7774887084961,03/20/2023 17:04,6.0,577.0,True,28.81917953491211,6.5717854499816895,0.0,9355.91015625,55016.5546875,0.6535436511039734
20.614748001098633,230.7996063232422,1.4104548692703247,1600.6265869140625,0.049999501556158066,120.69285583496094,28.69017791748047,69.3008041381836,03/20/2023 17:03,6.0,505.0,True,22.528549194335938,4.366518020629883,0.0,98991.90625,0.0,0.6611176133155823
24.45462989807129,267.1131286621094,1.4163663387298584,1214.5745849609375,2882.4912109375,120.63862609863281,28.38333511352539,72.04887390136719,03/20/2023 16:55,7.0,15.0,True,36.69525909423828,6.455286979675293,0.0,33685.7421875,21135.779296875,0.6564199328422546
24.079326629638672,265.88702392578125,1.4160560369491577,1297.9129638671875,1784.4593505859375,121.00911712646484,28.48081398010254,71.70161437988281,03/20/2023 17:03,7.0,509.0,True,35.09071731567383,6.375580787658691,0.0,43123.28125,3675.431640625,0.660113513469696
26.789989471435547,252.933349609375,1.421760082244873,1634.657470703125,0.049999501556158066,121.54068756103516,27.151058197021484,76.92265319824219,03/20/2023 16:58,6.0,191.0,True,47.441383361816406,5.5048980712890625,0.0,105559.0,0.0,0.6610632538795471
27.602428436279297,275.7229309082031,1.4192101955413818,1359.997314453125,0.049999501556158066,120.7569580078125,28.129735946655273,73.6299819946289,03/20/2023 17:03,6.0,500.0,True,52.064239501953125,7.029560565948486,0.0,51150.9296875,0.0,0.6555265188217163
22.89339256286621,234.0158233642578,1.4097777605056763,977.916748046875,0.049999501556158066,121.15279388427734,28.991151809692383,68.3204345703125,03/20/2023 16:58,6.0,206.0,True,30.652969360351562,4.535923957824707,0.0,15783.6748046875,0.0,0.6659466624259949
28.988021850585938,267.79315185546875,380.3619079589844,1497.3896484375,0.049999501556158066,120.64979553222656,28.237455368041992,73.03852081298828,03/20/2023 16:56,7.0,67.0,True,60.25582504272461,6.483645915985107,0.03753042221069336,74529.3984375,0.0,0.6552053093910217
29.636699676513672,256.4825439453125,1.4178348779678345,1652.332275390625,0.049999501556158066,120.16322326660156,28.5130558013916,72.2141342163086,03/20/2023 17:00,7.0,331.0,True,64.36872863769531,5.753314018249512,0.0,111219.203125,0.0,0.6509493589401245
18.565258026123047,269.1846923828125,1.4168140888214111,1136.49609375,3007.094482421875,121.8887939453125,28.64618682861328,71.54110717773438,03/20/2023 17:02,7.0,461.0,True,16.384756088256836,6.592396259307861,0.0,26435.91015625,25819.59375,0.66785728931427
25.915225982666016,276.49517822265625,1.4215528964996338,1238.2071533203125,2508.8857421875,120.86260986328125,27.40641975402832,76.21560668945312,03/20/2023 16:55,7.0,1.0,True,43.05115509033203,7.061342716217041,0.0,35797.609375,11661.3828125,0.6548700928688049
25.522045135498047,282.5013122558594,551.0809326171875,1563.3416748046875,0.049999501556158066,121.1170654296875,28.38567543029785,72.68451690673828,03/20/2023 17:03,7.0,484.0,True,41.433502197265625,7.542867660522461,0.20518171787261963,88567.5,0.0,0.6595445275306702
28.687997817993164,272.4125061035156,1.4232429265975952,1632.6461181640625,0.049999501556158066,121.5503158569336,27.22511100769043,77.22811126708984,03/20/2023 16:58,7.0,214.0,True,57.85102081298828,6.753689289093018,0.0,104719.359375,0.0,0.6601066589355469
26.83029556274414,279.9338684082031,1.4223127365112305,1645.474609375,0.049999501556158066,118.83907318115234,27.258787155151367,76.83628845214844,03/20/2023 17:03,7.0,520.0,True,47.598419189453125,7.3058085441589355,0.0,108361.59375,0.0,0.6356151700019836
26.340267181396484,265.92779541015625,1.4179948568344116,1764.2574462890625,0.049999501556158066,122.73265075683594,28.26722526550293,72.88196563720703,03/20/2023 17:02,7.0,474.0,True,45.48359298706055,6.360251426696777,0.0,146632.75,0.0,0.6749938726425171
26.167072296142578,284.8666076660156,1.4178550243377686,1172.8233642578125,0.049999501556158066,120.4169921875,28.195470809936523,73.01476287841797,03/20/2023 17:00,7.0,300.0,True,44.62328338623047,7.730100631713867,0.0,29559.693359375,0.0,0.6533020734786987
23.58298110961914,264.8533935546875,1.4184588193893433,1495.8624267578125,0.049999501556158066,121.30294036865234,27.928470611572266,73.88330078125,03/20/2023 16:57,6.0,132.0,True,32.85307693481445,6.284421443939209,0.0,74196.59375,0.0,0.6611696481704712
29.772235870361328,259.6595458984375,1.4214255809783936,0.09999799728393555,2636.97705078125,121.6023178100586,26.889680862426758,77.46532440185547,03/20/2023 17:04,6.0,562.0,True,64.76904296875,5.921641826629639,0.0,0.0,14246.2578125,0.6618776321411133
27.141672134399414,274.01763916015625,1.4227112531661987,1450.759521484375,2835.554443359375,121.973388671875,27.490755081176758,76.38821411132812,03/20/2023 17:01,6.0,409.0,True,49.2010498046875,6.872004985809326,0.0,65216.94140625,19442.734375,0.6644477248191833
23.55075454711914,282.60284423828125,1.4171901941299438,1514.5933837890625,0.049999501556158066,122.17838287353516,28.20500946044922,72.76939392089844,03/20/2023 17:00,7.0,306.0,True,32.80575942993164,7.562788963317871,0.0,78155.796875,0.0,0.6703241467475891
24.46841049194336,266.0255432128906,1.4160988330841064,1735.18359375,0.049999501556158066,119.88897705078125,28.13473129272461,72.58106994628906,03/20/2023 17:01,6.0,380.0,True,36.77583312988281,6.38447380065918,0.0,137084.046875,0.0,0.6496051549911499
26.77593421936035,284.3318176269531,1.422264814376831,1027.103759765625,0.049999501556158066,121.3993911743164,27.952070236206055,75.08716583251953,03/20/2023 16:55,6.0,20.0,True,47.32012939453125,7.639225482940674,0.0,18266.31640625,0.0,0.6593841910362244
26.310577392578125,260.4344482421875,449.38934326171875,495.3864440917969,3319.3603515625,122.7945556640625,29.10922622680664,67.38059997558594,03/20/2023 16:57,6.0,152.0,True,46.27411651611328,6.090636730194092,0.07705557346343994,1745.66015625,44189.0625,0.6829831600189209
31.601909637451172,261.6061706542969,1.4209227561950684,1830.0780029296875,0.049999501556158066,119.1615219116211,27.17512321472168,76.58502197265625,03/20/2023 16:56,6.0,99.0,True,77.30916595458984,6.050211429595947,0.0,170912.203125,0.0,0.6395304203033447
24.040939331054688,273.0406188964844,1.4166531562805176,1033.247314453125,3405.939697265625,121.00267028808594,28.209545135498047,72.57902526855469,03/20/2023 16:57,7.0,157.0,True,34.884830474853516,6.863442420959473,0.0,18858.154296875,50890.39453125,0.6596301198005676
22.439926147460938,250.61709594726562,1.411454200744629,0.09999799728393555,3511.204345703125,122.29496765136719,29.138572692871094,68.515869140625,03/20/2023 16:58,7.0,239.0,True,28.811290740966797,5.4491424560546875,0.0,0.0,62142.2421875,0.6755794286727905
27.3207950592041,254.0598907470703,1.4204432964324951,1103.3134765625,3295.76513671875,121.35844421386719,27.260025024414062,76.21370697021484,03/20/2023 17:00,6.0,325.0,True,50.391780853271484,5.583347320556641,0.0,23604.796875,41679.6953125,0.6602861881256104
25.54231834411621,268.3227233886719,1.4175262451171875,1243.2374267578125,0.049999501556158066,121.2144775390625,28.083837509155273,73.18438720703125,03/20/2023 16:55,6.0,48.0,True,41.59444808959961,6.5264997482299805,0.0,36626.37890625,0.0,0.6610000729560852
26.22247886657715,294.35089111328125,451.7294921875,1593.05712890625,2835.755126953125,119.13960266113281,27.543380737304688,76.972412109375,03/20/2023 17:01,7.0,382.0,True,44.26997375488281,8.410192489624023,0.07652837038040161,94382.1875,19391.197265625,0.6366320848464966
29.3351993560791,285.1077575683594,1.4197969436645508,958.5068359375,0.049999501556158066,119.34812927246094,26.916595458984375,76.85774230957031,03/20/2023 16:55,6.0,13.0,True,62.210960388183594,7.726940155029297,0.0,14442.0595703125,0.0,0.6420254707336426
27.607473373413086,270.4027099609375,1.418761134147644,1364.1285400390625,0.049999501556158066,123.71417236328125,27.891796112060547,74.07551574707031,03/20/2023 17:02,7.0,476.0,True,52.139488220214844,6.657627105712891,0.0,51792.80078125,0.0,0.6837757229804993
25.867931365966797,263.6534118652344,1.4191166162490845,1408.710693359375,3376.76611328125,122.71662902832031,27.828414916992188,74.3521728515625,03/20/2023 16:57,7.0,129.0,True,43.031898498535156,6.199317455291748,0.0,58571.8515625,48141.3828125,0.6740312576293945
14.627845764160156,291.8341979980469,1.4159889221191406,0.09999799728393555,3530.970703125,122.29365539550781,28.73140525817871,71.05272674560547,03/20/2023 17:01,7.0,368.0,True,8.204010963439941,8.310382843017578,0.0,0.0,64082.58984375,0.6722807288169861
23.066190719604492,271.16363525390625,1.4195911884307861,1223.4041748046875,0.049999501556158066,123.01541900634766,28.273269653320312,73.39773559570312,03/20/2023 16:56,6.0,113.0,True,30.718486785888672,6.70237398147583,0.0,34376.46875,0.0,0.6765210032463074
29.106918334960938,280.8511047363281,1.424688696861267,1629.530029296875,0.049999501556158066,120.8042984008789,27.636760711669922,76.67626953125,03/20/2023 16:55,7.0,31.0,True,60.19912338256836,7.348808288574219,0.0,103603.953125,0.0,0.652138352394104
27.090160369873047,276.5120849609375,1.4186209440231323,0.09999799728393555,2886.185791015625,120.8086166381836,27.2359619140625,75.66849517822266,03/20/2023 16:55,7.0,19.0,True,49.332435607910156,7.09285831451416,0.0,0.0,21194.986328125,0.6564235091209412
19.719505310058594,253.44918823242188,1.413820743560791,0.09999799728393555,3126.479248046875,120.75516510009766,28.739500045776367,70.30746459960938,03/20/2023 16:55,6.0,42.0,True,19.654937744140625,5.600469589233398,0.0,0.0,31552.19921875,0.6593119502067566
21.576797485351562,245.56369018554688,385.8909606933594,1465.9765625,0.049999501556158066,119.40843200683594,28.754554748535156,69.01962280273438,03/20/2023 16:59,6.0,246.0,True,25.75937271118164,5.164389133453369,0.04033626616001129,69648.65625,0.0,0.6493139266967773
26.88482666015625,262.2397766113281,419.4236755371094,0.09999799728393555,3492.552001953125,120.23690032958984,28.531888961791992,71.02971649169922,03/20/2023 16:59,6.0,256.0,True,48.65233612060547,6.149190902709961,0.056433483958244324,0.0,59778.7890625,0.6540235280990601
26.468883514404297,258.36285400390625,1.4169282913208008,1267.4068603515625,2727.964111328125,123.88084411621094,28.647769927978516,71.57524108886719,03/20/2023 17:03,7.0,503.0,True,46.23872375488281,5.87852668762207,0.0,39386.10546875,16533.669921875,0.6867154240608215
22.153621673583984,275.9467468261719,1.4151067733764648,1082.3905029296875,1502.3546142578125,121.6435775756836,28.60008430480957,71.08633422851562,03/20/2023 17:03,6.0,493.0,True,27.54417610168457,7.088161468505859,0.0,22282.81640625,2233.201171875,0.6667648553848267
26.717504501342773,255.2593994140625,1.4167994260787964,1258.9366455078125,0.049999501556158066,121.48625183105469,28.45743179321289,72.0080795288086,03/20/2023 17:02,7.0,458.0,True,47.53899002075195,5.686499118804932,0.0,38425.5859375,0.0,0.6640721559524536
23.199247360229492,275.0706787109375,1.4128237962722778,0.09999799728393555,0.049999501556158066,121.72621154785156,28.4689884185791,70.64959716796875,03/20/2023 16:55,6.0,49.0,True,31.671035766601562,7.048145771026611,0.0,0.0,0.0,0.6691859364509583
17.234952926635742,251.947509765625,548.7610473632812,1389.1793212890625,2992.00341796875,124.07234191894531,29.167177200317383,68.01361846923828,03/20/2023 17:02,6.0,442.0,True,13.372904777526855,5.539299011230469,0.20345808565616608,56484.21875,25426.359375,0.6935698390007019
25.61529541015625,268.7362060546875,299.9245910644531,1492.1507568359375,2736.35595703125,121.03556060791016,28.490324020385742,71.03330993652344,03/20/2023 16:56,6.0,118.0,True,42.2337646484375,6.587457180023193,0.015543058514595032,74097.453125,16818.2890625,0.6617308259010315
25.3835506439209,252.71859741210938,1.41615629196167,451.529541015625,3083.716552734375,121.99549865722656,28.75093650817871,71.05977630615234,03/20/2023 16:59,7.0,264.0,True,40.95347595214844,5.537199974060059,0.0,1291.953125,29299.099609375,0.6693375706672668
24.91472816467285,255.7650146484375,1.412177324295044,0.09999799728393555,0.049999501556158066,120.65098571777344,28.852453231811523,69.47402954101562,03/20/2023 17:04,7.0,558.0,True,39.08745574951172,5.756490230560303,0.0,0.0,0.0,0.659498393535614
29.899120330810547,253.3154296875,1.4204959869384766,1603.3699951171875,0.049999501556158066,119.87298583984375,26.94219398498535,77.02580261230469,03/20/2023 17:04,7.0,544.0,True,65.70929718017578,5.538003921508789,0.0,97738.453125,0.0,0.6464027166366577
27.345256805419922,285.7196960449219,1.4147523641586304,1413.514892578125,3128.821044921875,120.46270751953125,27.402328491210938,73.96220397949219,03/20/2023 17:03,6.0,532.0,True,51.109230041503906,7.832223415374756,0.0,59860.34375,31634.73046875,0.6559091806411743
26.58510398864746,285.0391845703125,1.4219986200332642,1581.7008056640625,0.049999501556158066,121.80210876464844,28.149433135986328,74.50572967529297,03/20/2023 17:02,6.0,466.0,True,46.360774993896484,7.696846008300781,0.0,92189.40625,0.0,0.6633457541465759
26.42111587524414,278.9425964355469,1.4227656126022339,1238.3935546875,2861.7265625,121.86055755615234,27.433666229248047,76.54889678955078,03/20/2023 17:00,7.0,338.0,True,45.45525360107422,7.227602958679199,0.0,35732.609375,20267.884765625,0.6633503437042236
28.449569702148438,274.50982666015625,1.4205716848373413,1324.866943359375,0.049999501556158066,123.05375671386719,27.957067489624023,74.51374816894531,03/20/2023 16:56,6.0,109.0,True,56.75155258178711,6.928555488586426,0.0,46185.0234375,0.0,0.6761749386787415
24.77939224243164,286.4981384277344,311.71429443359375,1411.9886474609375,2232.792724609375,121.79389953613281,28.31696128845215,72.9948501586914,03/20/2023 16:58,6.0,227.0,True,37.962642669677734,7.848151206970215,0.017690151929855347,59148.78125,7598.048828125,0.665608823299408
20.958417892456055,260.5426940917969,1.4078915119171143,1365.2587890625,1339.6422119140625,120.16691589355469,28.935869216918945,67.82242584228516,03/20/2023 17:02,7.0,425.0,True,23.766983032226562,6.097446441650391,0.0,53081.46875,1650.732421875,0.6579855680465698
27.857250213623047,264.2137451171875,1.421781063079834,1192.5093994140625,0.049999501556158066,122.76115417480469,28.14525032043457,74.44410705566406,03/20/2023 16:55,7.0,56.0,True,53.214168548583984,6.211945056915283,0.0,31165.94140625,0.0,0.6725327372550964
27.24160385131836,272.1085510253906,1.4183435440063477,800.0967407226562,0.049999501556158066,122.6618423461914,28.342456817626953,72.80992889404297,03/20/2023 17:01,7.0,405.0,True,50.175777435302734,6.7807512283325195,0.0,7876.8046875,0.0,0.6740704774856567
23.30084800720215,281.6951904296875,1.4188238382339478,1093.22412109375,3030.46728515625,119.92366027832031,27.74860954284668,74.45433807373047,03/20/2023 17:04,6.0,543.0,True,31.69168472290039,7.475693702697754,0.0,22917.435546875,26748.236328125,0.6480318903923035
24.931129455566406,241.770751953125,438.04217529296875,1442.4964599609375,0.049999501556158066,120.43513488769531,28.674497604370117,70.19384002685547,03/20/2023 16:58,6.0,237.0,True,39.097938537597656,4.929472923278809,0.0682046115398407,65004.04296875,0.0,0.6568897366523743
23.89862823486328,265.76190185546875,1.4167972803115845,1044.48583984375,3239.434326171875,121.58541107177734,28.480958938598633,71.9485855102539,03/20/2023 17:01,7.0,404.0,True,34.273101806640625,6.360288619995117,0.0,19582.2578125,38015.859375,0.6650075912475586
25.991405487060547,251.1322784423828,1.4170081615447998,1566.2637939453125,0.049999501556158066,121.54898834228516,28.41927146911621,72.17304992675781,03/20/2023 17:00,6.0,323.0,True,43.824188232421875,5.435490608215332,0.0,89464.421875,0.0,0.6645143032073975
23.91326141357422,285.58856201171875,1.4182792901992798,1324.98828125,2366.377685546875,120.83570861816406,28.13941192626953,73.29615020751953,03/20/2023 17:02,6.0,477.0,True,34.23191833496094,7.781639575958252,0.0,46409.19921875,9377.1279296875,0.6569175124168396
28.432519912719727,269.0105895996094,1.4222795963287354,1613.50732421875,0.049999501556158066,121.88623046875,27.893789291381836,75.23778533935547,03/20/2023 16:58,6.0,205.0,True,56.45674514770508,6.528119087219238,0.0,99946.234375,0.0,0.6639359593391418
21.780841827392578,271.3100891113281,1.4227648973464966,1411.69482421875,2598.922119140625,122.74040222167969,27.8082275390625,75.6122055053711,03/20/2023 17:03,6.0,518.0,True,25.80811309814453,6.681572914123535,0.0,58633.12890625,13398.673828125,0.6716302633285522
25.58617401123047,273.580078125,1.418541431427002,0.09999799728393555,2859.73828125,123.24156188964844,28.14378547668457,73.37248992919922,03/20/2023 16:59,6.0,245.0,True,41.718727111816406,6.882785797119141,0.0,0.0,20321.427734375,0.6794323325157166
24.722026824951172,261.64300537109375,1.4194551706314087,1602.6524658203125,0.049999501556158066,121.85990142822266,28.11924171447754,73.73762512207031,03/20/2023 16:55,6.0,10.0,True,37.64857482910156,6.065560340881348,0.0,97758.859375,0.0,0.6656973361968994
27.917491912841797,276.4091491699219,1.42221200466156,1440.5831298828125,0.049999501556158066,122.5040283203125,27.209753036499023,76.92555236816406,03/20/2023 17:02,6.0,457.0,True,53.506935119628906,7.048335552215576,0.0,63508.1328125,0.0,0.6697965264320374
25.35817527770996,270.38140869140625,1.419732689857483,1614.9688720703125,0.049999501556158066,120.2493667602539,27.181774139404297,76.17344665527344,03/20/2023 17:04,7.0,569.0,True,40.539337158203125,6.646712779998779,0.0,100820.234375,0.0,0.6504284739494324
24.00674819946289,259.56134033203125,1.4157276153564453,1005.9284057617188,3388.3876953125,121.30473327636719,28.238615036010742,72.19743347167969,03/20/2023 17:04,7.0,566.0,True,34.80474853515625,5.964890480041504,0.0,17204.87109375,49378.8125,0.6631266474723816
21.877628326416016,284.7839050292969,1.4191229343414307,1492.4888916015625,3073.739501953125,119.06868743896484,27.771102905273438,74.49756622314453,03/20/2023 16:58,6.0,191.0,True,26.337684631347656,7.709366798400879,0.0,73439.625,28703.669921875,0.6399065256118774
22.97072410583496,265.0920104980469,1.4152016639709473,1457.6927490234375,3370.952880859375,120.13606262207031,28.420581817626953,71.5667724609375,03/20/2023 17:00,6.0,350.0,True,30.618274688720703,6.330348014831543,0.0,67433.546875,47904.30859375,0.6525377631187439
24.589893341064453,181.65457153320312,1.406625509262085,1210.9761962890625,0.049999501556158066,121.66023254394531,28.970775604248047,67.30719757080078,03/20/2023 16:56,7.0,62.0,True,38.038551330566406,2.361661672592163,0.0,33967.2421875,0.0,0.6730442047119141
22.53079605102539,284.2459411621094,1.4178290367126465,689.2136840820312,0.049999501556158066,121.57086181640625,27.894742965698242,73.75794982910156,03/20/2023 17:01,6.0,382.0,True,28.77993392944336,7.682193756103516,0.0,4844.115234375,0.0,0.6641353964805603
27.336727142333984,295.42059326171875,1.4217008352279663,1103.307861328125,0.049999501556158066,121.5368881225586,27.71246910095215,75.49948120117188,03/20/2023 16:56,7.0,74.0,True,50.35036849975586,8.538820266723633,0.0,23546.28515625,0.0,0.6610695719718933
23.812679290771484,265.96612548828125,1.4142588376998901,1621.261962890625,0.049999501556158066,120.4950942993164,28.490928649902344,71.0755615234375,03/20/2023 16:57,7.0,164.0,True,34.08789825439453,6.397705554962158,0.0,103552.390625,0.0,0.6565608978271484
29.31441307067871,267.2033386230469,1.4110734462738037,1683.95751953125,0.049999501556158066,120.00250244140625,28.586366653442383,69.76839447021484,03/20/2023 17:00,6.0,309.0,True,63.18745422363281,6.511737823486328,0.0,121985.6875,0.0,0.6541891098022461
15.436296463012695,220.5648651123047,1.4106866121292114,805.0743408203125,2621.58203125,123.96034240722656,29.118013381958008,68.30921936035156,03/20/2023 16:55,6.0,20.0,True,9.695197105407715,3.869642496109009,0.0,8162.330078125,14114.77734375,0.6921058893203735
27.7128849029541,242.28347778320312,1.4109855890274048,0.09999799728393555,3611.9619140625,122.95271301269531,28.933523178100586,68.8709945678711,03/20/2023 17:02,7.0,477.0,True,53.564300537109375,4.972530364990234,0.0,0.0,75331.046875,0.6822026968002319
27.7685489654541,270.41033935546875,1.4179208278656006,1596.52685546875,0.049999501556158066,123.9862289428711,28.356281280517578,72.63462829589844,03/20/2023 17:03,7.0,521.0,True,53.12959289550781,6.666339874267578,0.0,96530.703125,0.0,0.6869932413101196
28.73996925354004,268.0286865234375,1.4196261167526245,1484.5504150390625,0.049999501556158066,120.64701843261719,28.23177719116211,73.51307678222656,03/20/2023 16:59,6.0,258.0,True,58.585853576660156,6.486518383026123,0.0,71834.5390625,0.0,0.6542083024978638
28.481632232666016,275.0862731933594,1.419450044631958,1211.2872314453125,0.049999501556158066,120.18060302734375,27.944866180419922,74.17182922363281,03/20/2023 16:55,6.0,37.0,True,57.069087982177734,6.981233596801758,0.0,33150.984375,0.0,0.6499856114387512
21.595462799072266,269.23468017578125,1.4140483140945435,0.09999799728393555,3466.404052734375,119.82572937011719,28.57196617126465,70.80247497558594,03/20/2023 16:59,7.0,249.0,True,25.618324279785156,6.622605323791504,0.0,0.0,56996.33984375,0.6504472494125366
24.290800094604492,267.58489990234375,1.4153521060943604,1477.759521484375,0.049999501556158066,120.29682922363281,28.242441177368164,72.0623779296875,03/20/2023 17:01,7.0,416.0,True,36.05311965942383,6.496931552886963,0.0,71139.9140625,0.0,0.6539348363876343
26.376201629638672,295.8418884277344,1.4194543361663818,1350.4173583984375,1322.71240234375,123.68601989746094,27.9905948638916,74.05894470214844,03/20/2023 16:58,6.0,187.0,True,45.53168487548828,8.602472305297852,0.0,49766.5625,1570.5859375,0.6829997897148132
28.332874298095703,255.2336883544922,361.0829772949219,1443.9666748046875,0.049999501556158066,119.83064270019531,28.436222076416016,70.75653076171875,03/20/2023 17:02,6.0,445.0,True,56.946163177490234,5.717504501342773,0.030897244811058044,65275.99609375,0.0,0.6512980461120605
22.48325538635254,249.8538360595703,1.413560152053833,0.09999799728393555,3192.65869140625,123.63566589355469,28.72380828857422,70.25936126708984,03/20/2023 16:55,6.0,18.0,True,28.85084342956543,5.387113094329834,0.0,0.0,35268.0,0.6868504285812378
25.612628936767578,262.9543151855469,1.4155670404434204,1614.033203125,0.049999501556158066,119.2601318359375,28.171100616455078,72.31255340576172,03/20/2023 17:02,6.0,457.0,True,42.09797668457031,6.185634136199951,0.0,101406.765625,0.0,0.6441270112991333
28.454498291015625,280.44281005859375,1.421207308769226,1613.8067626953125,0.049999501556158066,123.03556060791016,28.086040496826172,74.4020767211914,03/20/2023 16:55,7.0,34.0,True,56.7077522277832,7.355584621429443,0.0,100232.609375,0.0,0.6755427122116089
25.109874725341797,248.67660522460938,1.412197232246399,0.09999799728393555,1935.259521484375,123.40245056152344,28.930072784423828,69.28663635253906,03/20/2023 16:59,6.0,284.0,True,39.9908447265625,5.328571319580078,0.0,0.0,4753.3916015625,0.6856198310852051
31.293148040771484,280.0956115722656,1.4257086515426636,1543.60791015625,0.049999501556158066,122.7791976928711,27.518274307250977,77.30867004394531,03/20/2023 16:56,6.0,86.0,True,74.37980651855469,7.2817606925964355,0.0,82931.2421875,0.0,0.6698881387710571
29.252506256103516,271.26959228515625,1.4201085567474365,1295.210693359375,0.049999501556158066,122.48689270019531,28.129310607910156,73.9294204711914,03/20/2023 17:03,7.0,515.0,True,61.65689468383789,6.704683303833008,0.0,42448.21875,0.0,0.6711432337760925
30.380050659179688,270.7762756347656,1.4212334156036377,1761.854736328125,0.049999501556158066,122.85758209228516,28.180931091308594,74.17350006103516,03/20/2023 17:03,6.0,527.0,True,68.77278900146484,6.659467697143555,0.0,144854.25,0.0,0.67383873462677
27.763530731201172,277.2552185058594,1.4196335077285767,1413.2376708984375,0.049999501556158066,120.52336120605469,28.14593505859375,73.73008728027344,03/20/2023 16:57,6.0,154.0,True,52.917964935302734,7.136532306671143,0.0,59244.08984375,0.0,0.6530498266220093
22.85453987121582,225.2695770263672,1.408953070640564,1506.0882568359375,0.049999501556158066,122.17707824707031,28.810230255126953,68.49481201171875,03/20/2023 16:57,6.0,120.0,True,30.552112579345703,4.102402210235596,0.0,77672.5,0.0,0.6762778162956238
28.53457260131836,258.5479736328125,1.411874771118164,0.09999799728393555,3602.203369140625,121.434326171875,28.873855590820312,69.31893920898438,03/20/2023 17:03,6.0,503.0,True,58.26876449584961,5.933987617492676,0.0,0.0,73827.09375,0.667104959487915
24.532743453979492,270.9781188964844,1.419167399406433,0.09999799728393555,3467.275634765625,121.81241607666016,28.198625564575195,73.44349670410156,03/20/2023 17:03,7.0,502.0,True,36.83088302612305,6.693606853485107,0.0,0.0,56686.12890625,0.6654555797576904
27.37546730041504,254.9072723388672,1.420842170715332,1540.977783203125,0.049999501556158066,121.78453063964844,27.838027954101562,74.90104675292969,03/20/2023 16:56,6.0,74.0,True,50.64811325073242,5.631533145904541,0.0,83152.375,0.0,0.6640014052391052
22.827213287353516,254.86972045898438,299.5386962890625,0.09999799728393555,3469.225341796875,121.65562438964844,29.117189407348633,68.27320098876953,03/20/2023 16:58,7.0,192.0,True,30.345176696777344,5.714523792266846,0.015570253133773804,0.0,57568.09375,0.6701394319534302
26.947986602783203,262.16156005859375,1.4196135997772217,1420.9915771484375,0.049999501556158066,121.25077056884766,27.906906127929688,74.32106018066406,03/20/2023 16:56,7.0,65.0,True,48.47793960571289,6.097657680511475,0.0,60517.50390625,0.0,0.6598634123802185
17.700265884399414,283.31060791015625,1.4193167686462402,958.8079833984375,2303.404541015625,121.3816146850586,28.37256622314453,73.05829620361328,03/20/2023 17:01,6.0,404.0,True,14.186301231384277,7.5934739112854,0.0,14471.294921875,8483.9130859375,0.6613004207611084
21.428266525268555,256.9428405761719,1.4144858121871948,1599.068115234375,2842.0908203125,120.51161193847656,28.477554321289062,71.18492126464844,03/20/2023 17:00,6.0,316.0,True,25.020601272583008,5.810307025909424,0.0,97818.265625,19869.453125,0.6565555930137634
24.824033737182617,241.3329620361328,1.4123902320861816,1111.3321533203125,0.049999501556158066,120.38614654541016,28.837848663330078,69.58204650878906,03/20/2023 17:02,6.0,425.0,True,38.65485763549805,4.909689903259277,0.0,24609.5703125,0.0,0.6568586230278015
22.426639556884766,251.0399932861328,352.29144287109375,910.5013427734375,3522.908447265625,121.59461975097656,29.078935623168945,68.2108383178711,03/20/2023 17:01,6.0,395.0,True,28.84039306640625,5.485266208648682,0.028247758746147156,12348.6728515625,63635.6875,0.6698994040489197
32.292686462402344,244.5366973876953,1.4179985523223877,1469.9202880859375,0.049999501556158066,119.07441711425781,27.814401626586914,74.01524353027344,03/20/2023 16:59,7.0,294.0,True,82.8968734741211,5.0470123291015625,0.0,69302.5,0.0,0.6407307982444763
29.36355972290039,269.3327331542969,1.4175138473510742,1370.7001953125,0.049999501556158066,120.1715316772461,28.042430877685547,73.28375244140625,03/20/2023 16:59,6.0,289.0,True,62.676761627197266,6.5958333015441895,0.0,52883.359375,0.0,0.6512508988380432
26.86599349975586,250.6688995361328,1.4151997566223145,1563.55126953125,0.049999501556158066,120.38838195800781,28.46229362487793,71.46183776855469,03/20/2023 17:00,6.0,348.0,True,48.47637939453125,5.42236328125,0.0,89155.515625,0.0,0.6548984050750732
22.136043548583984,265.13238525390625,1.4140393733978271,1426.69482421875,0.049999501556158066,121.38871002197266,28.671682357788086,70.55021667480469,03/20/2023 17:04,7.0,544.0,True,27.539791107177734,6.343838214874268,0.0,62144.01171875,0.0,0.6651228666305542
19.09958267211914,252.32748413085938,1.4122257232666016,785.0489501953125,2270.6640625,121.10382080078125,28.851268768310547,69.49324035644531,03/20/2023 16:58,7.0,206.0,True,17.96416473388672,5.545538902282715,0.0,7487.46875,8137.6611328125,0.6637303233146667
25.90591049194336,254.8675537109375,179.11557006835938,1579.1483154296875,0.049999501556158066,119.12613677978516,28.187997817993164,71.384765625,03/20/2023 16:59,7.0,273.0,True,43.76299285888672,5.694725036621094,0.002917557954788208,93233.609375,0.0,0.644714891910553
22.462934494018555,289.96820068359375,1.4152300357818604,646.1749877929688,2966.629150390625,119.80760192871094,28.64093017578125,71.02536010742188,03/20/2023 17:04,6.0,597.0,True,28.67740249633789,8.166678428649902,0.0,3959.0234375,24232.68359375,0.6494528651237488
25.48677635192871,251.21444702148438,1.4110186100006104,1203.853271484375,2277.061279296875,121.42801666259766,28.791074752807617,69.23822021484375,03/20/2023 17:01,6.0,373.0,True,41.8781623840332,5.488348960876465,0.0,32953.3828125,8233.69140625,0.6676605343818665
24.840688705444336,260.1515808105469,1.415215015411377,1275.3607177734375,2146.893798828125,120.69212341308594,28.69329833984375,70.88945770263672,03/20/2023 16:59,6.0,291.0,True,38.50983428955078,6.007113456726074,0.0,40451.49609375,6663.15625,0.6577335000038147
26.510616302490234,272.32415771484375,1.4221060276031494,1531.780517578125,0.049999501556158066,120.2614974975586,27.562026977539062,76.009765625,03/20/2023 17:02,7.0,464.0,True,45.970184326171875,6.758700847625732,0.0,80977.828125,0.0,0.6488916277885437
27.9293270111084,260.9924621582031,297.72088623046875,1593.286376953125,0.049999501556158066,120.22129821777344,28.098548889160156,72.90058898925781,03/20/2023 16:57,7.0,173.0,True,54.163917541503906,6.047279357910156,0.015072464942932129,95947.125,0.0,0.6522245407104492
23.94350814819336,260.5274963378906,552.9501342773438,1810.8980712890625,0.049999501556158066,119.0875244140625,28.563037872314453,70.64054870605469,03/20/2023 16:58,6.0,201.0,True,34.693077087402344,6.046438694000244,0.21076816320419312,165616.5625,0.0,0.6439562439918518
26.74884605407715,282.0413818359375,1.418306589126587,1425.149169921875,0.049999501556158066,122.38106536865234,28.294572830200195,72.91737365722656,03/20/2023 16:56,6.0,109.0,True,47.55790328979492,7.5076470375061035,0.0,61365.6640625,0.0,0.6714382767677307
27.35845947265625,257.419921875,1.4230425357818604,1696.6768798828125,0.049999501556158066,121.35906982421875,26.893835067749023,77.99002075195312,03/20/2023 17:03,7.0,482.0,True,50.33192443847656,5.767630577087402,0.0,122976.421875,0.0,0.6584595441818237
23.11956214904785,269.5042419433594,1.4177324771881104,1502.382568359375,1639.23388671875,121.2171630859375,28.535839080810547,72.1230697631836,03/20/2023 16:58,6.0,186.0,True,31.043411254882812,6.605530261993408,0.0,75596.7109375,2851.06640625,0.6608790755271912
28.15534019470215,265.63970947265625,1.4192047119140625,1257.021728515625,2487.238037109375,120.9548110961914,27.771352767944336,74.52413940429688,03/20/2023 17:03,7.0,532.0,True,55.19334411621094,6.329797267913818,0.0,38028.93359375,11310.59765625,0.6573802828788757
21.76820945739746,264.3850402832031,1.416121006011963,1558.4853515625,3031.35498046875,120.69927978515625,28.613805770874023,71.39082336425781,03/20/2023 16:56,6.0,81.0,True,26.112308502197266,6.27485990524292,0.0,87834.4296875,26886.982421875,0.6571608781814575
24.682445526123047,280.47198486328125,1.4225224256515503,1402.4293212890625,0.049999501556158066,121.72123718261719,27.640209197998047,75.95211791992188,03/20/2023 16:59,6.0,260.0,True,37.2409553527832,7.343672752380371,0.0,57185.4453125,0.0,0.6622161269187927
28.11307144165039,269.38525390625,526.3707885742188,1282.125,3136.9716796875,119.8586196899414,28.43997573852539,72.08293151855469,03/20/2023 17:04,6.0,578.0,True,55.207183837890625,6.605443954467773,0.16143228113651276,41122.8671875,31972.916015625,0.6487693786621094
27.90060043334961,267.6678466796875,1.4211757183074951,1684.3209228515625,0.049999501556158066,119.59379577636719,27.264039993286133,76.4465560913086,03/20/2023 17:00,6.0,323.0,True,53.523468017578125,6.447463035583496,0.0,119695.234375,0.0,0.6433486342430115
20.460824966430664,252.0983428955078,1.4152406454086304,963.6520385742188,2592.5556640625,123.682861328125,28.78315544128418,70.67338562011719,03/20/2023 16:57,7.0,151.0,True,21.827844619750977,5.507313251495361,0.0,14842.8388671875,13404.150390625,0.6860629916191101
29.26064682006836,274.5282287597656,1.4192980527877808,1360.54638671875,0.049999501556158066,119.84574890136719,27.577327728271484,75.04022979736328,03/20/2023 16:55,6.0,1.0,True,61.80851364135742,6.942765712738037,0.0,51221.01171875,0.0,0.6469793915748596
28.72080421447754,271.0976867675781,1.4218668937683105,1581.83544921875,0.049999501556158066,119.8929672241211,26.563823699951172,78.42608642578125,03/20/2023 16:57,6.0,129.0,True,58.20720291137695,6.675580024719238,0.0,92245.15625,0.0,0.6456406712532043
21.90328598022461,264.640625,543.3526611328125,1554.221435546875,3350.3994140625,118.71437072753906,27.798730850219727,73.76887512207031,03/20/2023 17:03,6.0,522.0,True,26.53415870666504,6.28242301940918,0.19056826829910278,86694.4296875,46069.7109375,0.6379929184913635
29.058910369873047,290.53680419921875,1.4168192148208618,1608.9078369140625,0.049999501556158066,122.3290786743164,27.921676635742188,73.35407257080078,03/20/2023 17:01,6.0,380.0,True,60.86570739746094,8.19396686553955,0.0,99846.25,0.0,0.6720176935195923
21.658733367919922,263.9241027832031,1.4142205715179443,0.09999799728393555,3265.529052734375,121.60101318359375,28.39617919921875,71.29965209960938,03/20/2023 16:58,6.0,200.0,True,25.829376220703125,6.261783599853516,0.0,0.0,39897.828125,0.6669978499412537
27.323572158813477,284.3681335449219,1.4223217964172363,746.6231079101562,0.049999501556158066,122.55235290527344,28.089500427246094,74.76249694824219,03/20/2023 17:03,7.0,483.0,True,50.21627426147461,7.641386985778809,0.0,6225.505859375,0.0,0.6701736450195312
28.124608993530273,264.7586364746094,1.4201244115829468,1570.0599365234375,0.049999501556158066,121.06007385253906,27.92811393737793,74.43767547607422,03/20/2023 17:01,7.0,385.0,True,54.91421890258789,6.262892723083496,0.0,89795.078125,0.0,0.6577177047729492
20.776704788208008,260.43402099609375,325.03460693359375,0.09999799728393555,3318.419921875,120.69730377197266,28.95011329650879,68.7956771850586,03/20/2023 16:55,6.0,55.0,True,23.029327392578125,6.063631057739258,0.020878568291664124,0.0,43932.390625,0.6608531475067139
28.846242904663086,267.2486267089844,1.4190216064453125,1419.91015625,0.049999501556158066,120.8846435546875,28.102325439453125,73.63582611083984,03/20/2023 17:02,6.0,441.0,True,59.29844665527344,6.439416408538818,0.0,60408.98828125,0.0,0.6568527221679688
23.413740158081055,287.38507080078125,1.4178510904312134,1309.88427734375,2644.8642578125,119.19218444824219,27.970783233642578,73.57518768310547,03/20/2023 17:03,6.0,491.0,True,32.20673751831055,7.928171634674072,0.0,44481.0859375,14494.28515625,0.6419215798377991
24.48371696472168,242.59921264648438,301.9429016113281,0.09999799728393555,3297.35205078125,123.4814682006836,29.052831649780273,68.70340728759766,03/20/2023 16:59,6.0,273.0,True,37.19788360595703,4.987279891967773,0.015994563698768616,0.0,42320.7109375,0.6869860887527466
31.46432113647461,272.031005859375,1.421068549156189,1406.72021484375,0.049999501556158066,120.93199157714844,27.952442169189453,74.69007873535156,03/20/2023 16:59,6.0,245.0,True,76.29698944091797,6.748398780822754,0.0,58029.7734375,0.0,0.6558570265769958
22.524438858032227,254.47866821289062,1.4139379262924194,1203.8486328125,2846.24365234375,120.41595458984375,28.495609283447266,70.95645141601562,03/20/2023 17:02,7.0,459.0,True,28.983562469482422,5.662359714508057,0.0,32763.85546875,20016.240234375,0.6560453772544861
22.84713363647461,283.631591796875,470.7068786621094,1297.5018310546875,0.049999501556158066,120.37691497802734,28.23740005493164,72.6221923828125,03/20/2023 16:59,6.0,258.0,True,30.029518127441406,7.64407205581665,0.09358760714530945,42992.90625,0.0,0.6535332202911377
21.542566299438477,264.0501403808594,1.4166836738586426,1664.5384521484375,2349.16796875,120.10102844238281,27.785417556762695,73.64952850341797,03/20/2023 17:00,7.0,340.0,True,25.299938201904297,6.247555255889893,0.0,114936.59375,9148.0205078125,0.6511735320091248
27.312408447265625,274.2563171386719,1.4184824228286743,1580.4830322265625,0.049999501556158066,121.03863525390625,28.151165008544922,73.33435821533203,03/20/2023 16:59,6.0,240.0,True,50.54606628417969,6.9315876960754395,0.0,92536.8125,0.0,0.6586744785308838
26.979175567626953,280.17913818359375,1.4215842485427856,1488.9351806640625,0.049999501556158066,122.2544937133789,27.723674774169922,75.43283081054688,03/20/2023 16:55,6.0,7.0,True,48.450035095214844,7.331852436065674,0.0,72399.3515625,0.0,0.667893648147583
23.396041870117188,253.6979217529297,1.411992073059082,1548.1038818359375,1692.7862548828125,120.93318176269531,28.869905471801758,69.36822509765625,03/20/2023 16:57,7.0,143.0,True,32.519126892089844,5.630693435668945,0.0,86196.3828125,3157.0078125,0.6622875928878784
22.287813186645508,262.80340576171875,1.4145090579986572,1339.4522705078125,0.049999501556158066,119.84934997558594,28.29336166381836,71.65321350097656,03/20/2023 16:57,6.0,136.0,True,28.069093704223633,6.185328960418701,0.0,48718.265625,0.0,0.650345504283905
29.67422103881836,275.0771484375,1.4197132587432861,1447.5399169921875,0.049999501556158066,121.3532943725586,28.2853946685791,73.40796661376953,03/20/2023 17:04,7.0,552.0,True,64.36454772949219,6.977896690368652,0.0,65033.0078125,0.0,0.6607540845870972
24.085487365722656,289.8235778808594,1.42001473903656,0.09999799728393555,3027.267333984375,121.32147216796875,28.261606216430664,73.56755065917969,03/20/2023 16:56,6.0,62.0,True,34.837196350097656,8.098064422607422,0.0,0.0,26565.255859375,0.6602424383163452
25.645553588867188,273.45648193359375,1.4233417510986328,1443.2705078125,3266.911865234375,121.661376953125,26.529239654541016,79.00044250488281,03/20/2023 17:01,6.0,380.0,True,41.59886932373047,6.826033592224121,0.0,63830.9765625,39494.015625,0.6610761880874634
23.748558044433594,259.68206787109375,1.4144964218139648,0.09999799728393555,0.049999501556158066,122.23518371582031,28.674848556518555,70.69525146484375,03/20/2023 16:59,7.0,283.0,True,33.803375244140625,5.983370780944824,0.0,0.0,0.0,0.6728044152259827
29.77584457397461,258.1791076660156,1.4167497158050537,1572.2373046875,0.049999501556158066,123.5377426147461,28.18950653076172,72.66133117675781,03/20/2023 17:01,6.0,395.0,True,65.40699005126953,5.868490219116211,0.0,90901.015625,0.0,0.6835653781890869
28.77444839477539,286.9687194824219,446.597412109375,0.09999799728393555,0.049999501556158066,120.72513580322266,28.381196975708008,72.69186401367188,03/20/2023 16:58,6.0,198.0,True,58.95315933227539,7.89021635055542,0.07357898354530334,0.0,0.0,0.655882716178894
26.6115665435791,262.417236328125,1.4157911539077759,0.09999799728393555,0.049999501556158066,121.33317565917969,28.288677215576172,72.09349060058594,03/20/2023 16:57,6.0,155.0,True,47.08313751220703,6.14849328994751,0.0,0.0,0.0,0.6633492112159729
23.442394256591797,262.4406433105469,1.4164047241210938,1518.978515625,0.049999501556158066,121.25749206542969,28.026134490966797,72.95466613769531,03/20/2023 16:59,6.0,261.0,True,32.41702651977539,6.144500255584717,0.0,79184.796875,0.0,0.6622004508972168
23.241117477416992,261.8522644042969,1.4125083684921265,1444.7503662109375,0.049999501556158066,120.80366516113281,28.709619522094727,69.94222259521484,03/20/2023 16:56,6.0,78.0,True,31.85909652709961,6.141201496124268,0.0,65464.90234375,0.0,0.6606999039649963
19.139497756958008,248.1721649169922,1.4090254306793213,515.6644897460938,3172.71240234375,118.87593841552734,28.955543518066406,68.15596008300781,03/20/2023 17:03,6.0,488.0,True,18.191761016845703,5.32382869720459,0.0,1971.734375,34316.50390625,0.6450923681259155
24.113502502441406,266.2320251464844,1.4162285327911377,1339.159912109375,3195.631103515625,121.45316314697266,28.70570945739746,71.19695281982422,03/20/2023 17:02,7.0,433.0,True,35.224605560302734,6.3971357345581055,0.0,48513.5625,35315.3359375,0.6641674637794495
26.491497039794922,278.3753662109375,1.4224896430969238,471.5240173339844,2739.977294921875,121.3084945678711,26.90705108642578,77.77420806884766,03/20/2023 17:00,6.0,320.0,True,45.83740234375,7.1887593269348145,0.0,1457.08203125,16720.83984375,0.6583757400512695
29.45721435546875,250.71133422851562,1.419587254524231,1504.9385986328125,0.049999501556158066,119.3793716430664,27.38201904296875,75.62456512451172,03/20/2023 16:57,6.0,130.0,True,63.00318908691406,5.390180587768555,0.0,75832.859375,0.0,0.6424584984779358
24.422008514404297,233.390380859375,1.411566972732544,1301.91259765625,0.049999501556158066,121.84727478027344,28.720516204833984,69.59888458251953,03/20/2023 17:01,7.0,383.0,True,36.90924072265625,4.4916486740112305,0.0,44011.9140625,0.0,0.6712406873703003
27.6463680267334,276.1994323730469,410.3882751464844,1664.133544921875,0.049999501556158066,119.60346984863281,28.241331100463867,73.79458618164062,03/20/2023 16:55,6.0,20.0,True,52.16754150390625,7.050291061401367,0.0509408563375473,113953.0625,0.0,0.6438716650009155
22.844905853271484,255.78591918945312,520.7662353515625,0.09999799728393555,3267.217041015625,122.37608337402344,28.95989990234375,68.7657241821289,03/20/2023 16:56,7.0,103.0,True,30.395835876464844,5.76886510848999,0.1544601321220398,0.0,40199.8203125,0.6767788529396057
23.416793823242188,261.60882568359375,1.40965735912323,1082.0120849609375,0.049999501556158066,119.99906158447266,28.825706481933594,68.6934814453125,03/20/2023 17:00,6.0,320.0,True,32.75868225097656,6.151040554046631,0.0,22495.513671875,0.0,0.6551559567451477
28.789749145507812,283.00347900390625,1.4203373193740845,1509.59033203125,0.049999501556158066,121.41934967041016,27.457355499267578,75.68522644042969,03/20/2023 17:04,7.0,545.0,True,58.80070495605469,7.558668613433838,0.0,76657.203125,0.0,0.6609319448471069
27.86444091796875,275.3066101074219,1.4211583137512207,1258.605712890625,3315.162841796875,121.68434143066406,27.744272232055664,75.24021911621094,03/20/2023 17:03,7.0,515.0,True,53.321475982666016,6.97965669631958,0.0,38061.1875,43068.71875,0.6628363132476807
24.495342254638672,272.87408447265625,1.411833643913269,0.09999799728393555,3413.878662109375,121.00948333740234,28.6505184173584,69.86351013183594,03/20/2023 17:04,6.0,579.0,True,37.21498107910156,6.900203704833984,0.0,0.0,51966.7890625,0.6631201505661011
24.41560173034668,273.59649658203125,1.417876958847046,1526.70263671875,2258.1591796875,119.3613052368164,27.91547203063965,73.72206115722656,03/20/2023 17:02,7.0,437.0,True,36.41240692138672,6.890640735626221,0.0,80573.3828125,7917.0751953125,0.6434695720672607
32.47642135620117,273.28277587890625,1.4228084087371826,1186.694580078125,0.049999501556158066,121.94168853759766,26.85873031616211,78.00040435791016,03/20/2023 17:02,7.0,457.0,True,83.48451232910156,6.819088459014893,0.0,30553.640625,0.0,0.6640812754631042
28.616037368774414,269.5365295410156,1.422074794769287,1468.2540283203125,0.049999501556158066,122.91444396972656,27.930017471313477,75.07948303222656,03/20/2023 16:55,6.0,3.0,True,57.560054779052734,6.5659990310668945,0.0,68444.609375,0.0,0.6737706065177917
22.057889938354492,257.7447204589844,1.4101722240447998,0.09999799728393555,3219.1328125,120.79447174072266,29.193803787231445,67.94662475585938,03/20/2023 16:55,7.0,4.0,True,27.47110366821289,5.8978190422058105,0.0,0.0,37060.046875,0.6622776389122009
23.83605194091797,284.5098571777344,1.421377420425415,1494.3587646484375,0.049999501556158066,118.9598388671875,27.886215209960938,74.95796203613281,03/20/2023 17:00,6.0,347.0,True,33.69763946533203,7.662856101989746,0.0,73479.59375,0.0,0.6373621821403503
30.647769927978516,263.7243957519531,1.4219152927398682,1390.9195556640625,0.049999501556158066,121.05330657958984,27.80548858642578,75.33795166015625,03/20/2023 16:57,6.0,154.0,True,70.47911071777344,6.178688049316406,0.0,55462.0078125,0.0,0.656395673751831
30.41355323791504,258.82696533203125,121.24835205078125,1547.7818603515625,0.049999501556158066,120.22065734863281,28.220918655395508,72.50991821289062,03/20/2023 17:04,7.0,560.0,True,69.65519714355469,5.911260604858398,0.0009259581565856934,85358.125,0.0,0.6523963212966919
22.769489288330078,241.94851684570312,1.4137805700302124,1496.2130126953125,0.049999501556158066,121.60194396972656,28.659164428710938,70.49484252929688,03/20/2023 16:59,7.0,261.0,True,29.925691604614258,4.933629512786865,0.0,74951.765625,0.0,0.6673222780227661
26.22866439819336,261.802978515625,1.4195533990859985,1323.7862548828125,2938.251708984375,121.16192626953125,27.75541877746582,74.67977142333984,03/20/2023 17:04,7.0,577.0,True,44.77859878540039,6.075009822845459,0.0,46134.7265625,23011.1171875,0.6590735912322998
20.985673904418945,269.6937561035156,1.408052682876587,0.09999799728393555,3676.27001953125,120.5231704711914,29.017967224121094,67.671630859375,03/20/2023 17:01,6.0,376.0,True,23.84957504272461,6.713255405426025,0.0,0.0,85873.203125,0.6612300872802734
27.88852310180664,291.3576354980469,1.4200925827026367,1485.407470703125,0.049999501556158066,121.10972595214844,28.244678497314453,73.63569641113281,03/20/2023 17:04,6.0,595.0,True,53.572235107421875,8.221686363220215,0.0,71932.8828125,0.0,0.6582044959068298
21.789554595947266,294.3831787109375,1.4178005456924438,0.09999799728393555,3571.083984375,121.87577056884766,28.68260383605957,71.77877044677734,03/20/2023 16:59,6.0,295.0,True,26.098445892333984,8.500168800354004,0.0,0.0,68971.359375,0.6670284271240234
12.261645317077637,270.65435791015625,1.415145754814148,317.2103271484375,3031.588623046875,122.0964584350586,28.88896369934082,70.37714385986328,03/20/2023 16:55,6.0,22.0,True,4.926456451416016,6.710475921630859,0.0,447.39453125,26933.44140625,0.6710203886032104
27.505849838256836,276.9700927734375,1.4164631366729736,1539.875244140625,0.049999501556158066,119.36572265625,28.394142150878906,72.05416107177734,03/20/2023 17:02,6.0,421.0,True,51.81718826293945,7.148767948150635,0.0,83629.1875,0.0,0.6444870233535767
28.363971710205078,267.4746398925781,1.42038094997406,1019.8894653320312,2061.977783203125,120.7069091796875,26.92780876159668,77.02359771728516,03/20/2023 17:03,6.0,495.0,True,56.272003173828125,6.441891670227051,0.0,17887.62890625,5775.3193359375,0.6542384624481201
27.793956756591797,297.35443115234375,1.422196626663208,1594.01904296875,0.049999501556158066,120.60258483886719,28.12581443786621,74.63032531738281,03/20/2023 17:02,6.0,451.0,True,52.81496810913086,8.696451187133789,0.0,95112.515625,0.0,0.6519984006881714
27.930496215820312,277.5456848144531,1.4204905033111572,958.0588989257812,0.049999501556158066,120.72370910644531,27.874862670898438,74.69230651855469,03/20/2023 17:03,6.0,481.0,True,53.7666130065918,7.148837566375732,0.0,14399.2705078125,0.0,0.6543183922767639
23.61989402770996,270.448974609375,1.416014552116394,1424.1192626953125,2704.76171875,120.89483642578125,28.197948455810547,72.3949203491211,03/20/2023 17:00,7.0,323.0,True,33.1674919128418,6.687641620635986,0.0,61469.53125,15961.6513671875,0.6590701341629028
24.223617553710938,254.3465576171875,565.064208984375,813.5294799804688,3374.4228515625,119.3716812133789,28.491796493530273,70.48664855957031,03/20/2023 17:03,6.0,494.0,True,35.96833419799805,5.666135787963867,0.23792746663093567,8419.841796875,48380.1875,0.6472877264022827
27.7448787689209,279.7271728515625,1.420774221420288,1607.8548583984375,0.049999501556158066,120.52793884277344,27.66938591003418,75.30006408691406,03/20/2023 17:01,7.0,375.0,True,52.69198226928711,7.306822299957275,0.0,98808.9375,0.0,0.6522955894470215
9.902095794677734,286.6237487792969,1.4142935276031494,0.09999799728393555,3181.10302734375,121.7708740234375,28.6771297454834,70.62167358398438,03/20/2023 17:01,6.0,383.0,True,2.6590757369995117,7.90897274017334,0.0,0.0,34551.953125,0.6685515642166138
20.045381546020508,240.46994018554688,1.4105596542358398,1475.262939453125,0.049999501556158066,120.25350189208984,28.787189483642578,69.09353637695312,03/20/2023 16:59,6.0,246.0,True,20.75498390197754,4.875385284423828,0.0,71337.40625,0.0,0.6569080352783203
22.490406036376953,259.83514404296875,437.8804626464844,1494.8585205078125,0.049999501556158066,120.15938568115234,28.611997604370117,69.8637924194336,03/20/2023 17:04,6.0,544.0,True,28.995845794677734,6.019139766693115,0.06826972961425781,75012.265625,0.0,0.6553257703781128
27.760284423828125,242.0183563232422,1.415326714515686,1382.7603759765625,0.049999501556158066,122.6799545288086,28.45130729675293,71.53173065185547,03/20/2023 17:03,6.0,531.0,True,53.36240005493164,4.9263200759887695,0.0,54926.38671875,0.0,0.676427960395813
24.580921173095703,267.6782531738281,336.062255859375,1633.113037109375,0.049999501556158066,118.71490478515625,28.590837478637695,70.87995147705078,03/20/2023 17:04,6.0,543.0,True,37.400779724121094,6.5121660232543945,0.023469090461730957,106673.6875,0.0,0.6398642659187317
18.27151107788086,268.60760498046875,1.416010856628418,857.8048095703125,1979.1484375,121.03810119628906,28.699493408203125,71.13981628417969,03/20/2023 17:03,6.0,481.0,True,15.666015625,6.56049108505249,0.0,9979.947265625,5080.6962890625,0.6604179739952087
24.593244552612305,275.0968322753906,1.4148136377334595,810.2625122070312,3187.96240234375,120.12660217285156,28.15033531188965,72.11265563964844,03/20/2023 17:04,7.0,560.0,True,37.42598342895508,7.029506206512451,0.0,8270.50390625,34928.875,0.6527213454246521
20.40622329711914,279.82281494140625,299.1957702636719,1120.42333984375,3084.08837890625,121.12776947021484,28.816761016845703,71.09062957763672,03/20/2023 16:55,6.0,25.0,True,21.59245491027832,7.357160568237305,0.015338867902755737,25121.578125,29293.4140625,0.6607418060302734
24.2723445892334,265.53643798828125,1.4178855419158936,1644.993896484375,2285.056396484375,118.6751480102539,27.884986877441406,73.80116271972656,03/20/2023 16:56,6.0,112.0,True,35.788963317871094,6.335123062133789,0.0,109173.875,8259.1650390625,0.6371222138404846
24.962993621826172,268.24407958984375,1.4179576635360718,1370.004150390625,2558.246337890625,121.08548736572266,28.231630325317383,72.9585952758789,03/20/2023 16:55,6.0,47.0,True,38.852481842041016,6.517018795013428,0.0,52734.625,12657.4609375,0.6594842076301575
24.1383113861084,249.4936981201172,1.4109351634979248,1362.2618408203125,0.049999501556158066,120.60306549072266,28.691360473632812,69.45940399169922,03/20/2023 16:56,6.0,84.0,True,35.712158203125,5.386589527130127,0.0,52321.921875,0.0,0.6599298119544983
25.345455169677734,270.66607666015625,1.4179545640945435,1555.17626953125,0.049999501556158066,122.3402328491211,28.39967918395996,72.53742980957031,03/20/2023 17:00,6.0,302.0,True,40.625343322753906,6.683764457702637,0.0,86770.875,0.0,0.671305239200592
10.66207218170166,240.2950439453125,1.4142152070999146,1126.0963134765625,2844.228515625,124.52482604980469,29.081789016723633,69.58381652832031,03/20/2023 16:57,6.0,151.0,True,3.2933969497680664,4.839762210845947,0.0,25708.078125,19944.54296875,0.6949166059494019
28.811786651611328,256.6031188964844,1.4187498092651367,1456.0927734375,1772.7347412109375,119.822998046875,26.686328887939453,77.08540344238281,03/20/2023 17:00,7.0,342.0,True,59.12255096435547,5.753093719482422,0.0,66677.21875,3589.48046875,0.6471482515335083
23.052047729492188,268.51837158203125,1.4157993793487549,1275.8651123046875,2757.498779296875,121.19151306152344,28.529151916503906,71.49505615234375,03/20/2023 17:01,6.0,390.0,True,30.89931869506836,6.556405067443848,0.0,40464.69140625,17347.845703125,0.6620100140571594
22.53707504272461,251.1185760498047,1.4176433086395264,1633.6573486328125,0.049999501556158066,119.93580627441406,28.21202850341797,72.9029312133789,03/20/2023 16:59,6.0,295.0,True,28.81421661376953,5.429631233215332,0.0,106145.953125,0.0,0.6489652991294861
24.15766716003418,283.42724609375,469.3951110839844,1539.8223876953125,0.049999501556158066,118.16988372802734,28.44304847717285,72.01406860351562,03/20/2023 17:03,6.0,489.0,True,35.37958526611328,7.631458282470703,0.09243340790271759,83577.15625,0.0,0.6332710981369019
30.918621063232422,250.24609375,1.4195785522460938,1355.03173828125,0.049999501556158066,120.74266052246094,26.89803695678711,76.8316421508789,03/20/2023 16:56,6.0,60.0,True,72.6746826171875,5.362875461578369,0.0,50405.45703125,0.0,0.6551344990730286
30.89786720275879,238.40872192382812,396.862548828125,1557.14501953125,0.049999501556158066,121.23176574707031,28.652708053588867,69.21658325195312,03/20/2023 17:04,6.0,544.0,True,73.96297454833984,4.767704963684082,0.04519876837730408,88604.5859375,0.0,0.6665874123573303
23.670263290405273,261.2242126464844,1.4163987636566162,1632.1212158203125,3089.938720703125,119.88478088378906,28.388427734375,72.04700469970703,03/20/2023 17:04,6.0,587.0,True,33.34918212890625,6.065645217895508,0.0,105993.359375,29591.71875,0.6493569016456604
23.455305099487305,274.70086669921875,1.4181995391845703,1563.98779296875,2712.843994140625,119.5825424194336,27.96780776977539,73.69867706298828,03/20/2023 16:55,7.0,31.0,True,32.351707458496094,6.966300964355469,0.0,88731.6328125,16117.009765625,0.6452975273132324
29.093341827392578,284.7164001464844,1.4205682277679443,1432.3067626953125,0.049999501556158066,122.0685043334961,27.898048400878906,74.6601333618164,03/20/2023 16:56,7.0,66.0,True,60.617530822753906,7.6878886222839355,0.0,62297.015625,0.0,0.6668675541877747
15.433692932128906,253.9992218017578,1.407278299331665,1239.3582763671875,2578.611572265625,119.1439437866211,28.908323287963867,67.6841049194336,03/20/2023 17:02,6.0,462.0,True,9.757862091064453,5.688417911529541,0.0,36944.2734375,13260.6767578125,0.6488153338432312
25.550111770629883,271.54400634765625,1.418522596359253,1514.748779296875,2184.765625,121.12388610839844,27.897438049316406,73.9820556640625,03/20/2023 16:59,6.0,243.0,True,41.547950744628906,6.73940372467041,0.0,77983.4921875,7044.103515625,0.6594449877738953
28.918127059936523,284.2843017578125,1.4264695644378662,1532.7467041015625,0.049999501556158066,123.82479095458984,26.835124969482422,79.2669906616211,03/20/2023 17:00,6.0,318.0,True,58.845191955566406,7.588984966278076,0.0,80493.3046875,0.0,0.679214358329773
26.943248748779297,268.9254455566406,1.4180653095245361,1484.7552490234375,0.049999501556158066,120.8894271850586,28.140193939208984,73.22297668457031,03/20/2023 17:03,6.0,503.0,True,48.60466003417969,6.562559127807617,0.0,72094.234375,0.0,0.6575711965560913
19.123123168945312,270.69647216796875,1.4180700778961182,1099.323974609375,2820.208251953125,121.1596908569336,28.228412628173828,73.00404357910156,03/20/2023 16:59,6.0,264.0,True,17.816680908203125,6.684747219085693,0.0,23410.611328125,19096.30078125,0.6601006388664246
22.681245803833008,255.38729858398438,1.4120230674743652,0.09999799728393555,2449.0009765625,122.66181945800781,28.62298011779785,69.99590301513672,03/20/2023 17:00,6.0,313.0,True,29.693157196044922,5.73436164855957,0.0,0.0,10761.625,0.678662121295929
30.899791717529297,268.5411376953125,1.4230468273162842,1364.7706298828125,0.049999501556158066,122.0823745727539,27.989944458007812,75.25120544433594,03/20/2023 16:57,6.0,178.0,True,72.03860473632812,6.488924026489258,0.0,51452.21875,0.0,0.6652328372001648
21.40892791748047,255.7001953125,1.4139515161514282,0.09999799728393555,3582.819580078125,122.86036682128906,29.056949615478516,69.55760955810547,03/20/2023 16:57,6.0,177.0,True,24.981685638427734,5.737513542175293,0.0,0.0,70914.703125,0.6791476011276245
26.722301483154297,278.0062255859375,1.4205257892608643,1495.055908203125,0.049999501556158066,121.17928314208984,27.88092041015625,74.68885803222656,03/20/2023 17:01,6.0,360.0,True,47.20733642578125,7.182225227355957,0.0,73738.5234375,0.0,0.6585502624511719
26.420764923095703,264.11297607421875,1.415347933769226,1452.8094482421875,0.049999501556158066,120.44273376464844,28.545129776000977,71.30429077148438,03/20/2023 16:57,7.0,139.0,True,46.13954162597656,6.263943672180176,0.0,66532.90625,0.0,0.6553030014038086
27.356464385986328,269.5166931152344,1.419247031211853,1608.28564453125,2695.3525390625,118.34698486328125,27.630619049072266,74.8900146484375,03/20/2023 16:58,7.0,215.0,True,50.70777893066406,6.591782569885254,0.0,99214.078125,15657.708984375,0.6331760883331299
18.847166061401367,273.1773681640625,1.4150102138519287,1109.2060546875,3192.54345703125,119.90592193603516,28.600786209106445,71.05227661132812,03/20/2023 17:03,6.0,502.0,True,17.183303833007812,6.889707565307617,0.0,24315.970703125,35190.6015625,0.6505230665206909
29.21868324279785,283.1391906738281,1.4210697412490845,514.1904296875,2213.96044921875,121.77455139160156,26.34958839416504,78.69760131835938,03/20/2023 16:57,7.0,133.0,True,61.32804870605469,7.5609612464904785,0.0,1908.5546875,7351.4716796875,0.6637459993362427
22.18899917602539,267.41790771484375,1.4161109924316406,1593.4971923828125,0.049999501556158066,119.91609954833984,28.35028839111328,72.0462417602539,03/20/2023 16:57,6.0,124.0,True,27.61684799194336,6.478367328643799,0.0,96126.21875,0.0,0.6498495936393738
22.193002700805664,270.971923828125,1.4131876230239868,1553.0538330078125,0.049999501556158066,120.84416198730469,28.639537811279297,70.34518432617188,03/20/2023 16:57,6.0,122.0,True,27.79555892944336,6.752015590667725,0.0,87106.9609375,0.0,0.6605982184410095
21.327543258666992,274.13262939453125,1.4182950258255005,1368.1943359375,3166.197265625,121.01057434082031,28.414798736572266,72.61296081542969,03/20/2023 17:00,6.0,326.0,True,24.488887786865234,6.9246439933776855,0.0,52433.671875,33510.97265625,0.658543586730957
26.143362045288086,261.43402099609375,1.4162157773971558,1299.306640625,0.049999501556158066,121.31324768066406,28.374454498291016,72.02084350585938,03/20/2023 17:03,7.0,483.0,True,44.65243148803711,6.080826759338379,0.0,43283.8203125,0.0,0.6628592610359192
23.457353591918945,281.20025634765625,1.4198462963104248,1140.9232177734375,0.049999501556158066,121.3326187133789,28.2451114654541,73.55281066894531,03/20/2023 16:57,6.0,131.0,True,32.25254821777344,7.427149295806885,0.0,26649.431640625,0.0,0.660466194152832
27.922435760498047,290.17333984375,1.4168000221252441,0.09999799728393555,2263.37109375,119.33951568603516,27.989051818847656,73.17923736572266,03/20/2023 17:03,7.0,518.0,True,54.12301254272461,8.164596557617188,0.0,0.0,7994.16015625,0.6440109610557556
26.26125144958496,246.59542846679688,534.2474365234375,1873.5826416015625,0.049999501556158066,119.8935775756836,28.515241622924805,71.18225860595703,03/20/2023 17:01,7.0,397.0,True,45.38006591796875,5.188127517700195,0.17503038048744202,191901.421875,0.0,0.6505834460258484
25.2900333404541,256.34075927734375,1.416337013244629,0.09999799728393555,0.049999501556158066,122.99085998535156,28.440053939819336,71.89726257324219,03/20/2023 17:04,6.0,563.0,True,40.497467041015625,5.757133960723877,0.0,0.0,0.0,0.6786515712738037
30.03616714477539,267.7216491699219,479.76947021484375,1396.6571044921875,0.049999501556158066,120.00569152832031,27.739654541015625,74.62476348876953,03/20/2023 16:55,6.0,23.0,True,66.76640319824219,6.4690752029418945,0.10189224779605865,56642.0078125,0.0,0.648485004901886
27.3538761138916,278.7967834472656,512.3759765625,1761.6611328125,0.049999501556158066,119.71646881103516,28.128511428833008,73.62325286865234,03/20/2023 17:01,7.0,385.0,True,50.700469970703125,7.254694938659668,0.1402188241481781,145369.703125,0.0,0.6458612680435181
30.487457275390625,278.9659423828125,1.4239139556884766,1457.65478515625,0.049999501556158066,120.6595687866211,27.14105224609375,77.65989685058594,03/20/2023 16:55,7.0,33.0,True,69.11820220947266,7.217243671417236,0.0,66284.4140625,0.0,0.6513324975967407
29.40995216369629,258.32672119140625,1.4233492612838745,1621.0625,0.049999501556158066,122.72383117675781,27.268890380859375,77.15373992919922,03/20/2023 17:04,6.0,587.0,True,62.23196029663086,5.821435451507568,0.0,101670.328125,0.0,0.6710548400878906
24.060955047607422,284.14544677734375,1.4178534746170044,1295.5478515625,1170.6717529296875,120.9391098022461,28.30939483642578,72.72943878173828,03/20/2023 17:01,7.0,387.0,True,34.88525390625,7.674135684967041,0.0,42678.0625,1146.302734375,0.6581858992576599
