air_quality,smoke,alcohol,flamable_gas,MQ136_raw,MQ7_raw,t,h,timestamp,dt_s,elapsed_s,is_warmup,air_quality_ppm,smoke_ppm,alcohol_ppm,flamable_gas_ppm,MQ136_ppm,MQ7_ppm
160.0,774.0,25.0,4062.0,4921.0,122.0,27.1,76.5,2023-03-20 16:55:46,,0.0,True,11953.431663185227,578.6848521089055,1.3784998872202793e-05,46376242.94242709,36368750.18771606,0.6665563934250397
122.0,585.0,25.0,2924.0,4217.0,119.0,27.1,77.1,2023-03-20 16:55:53,7.0,7.0,True,4845.2742686394395,100.43744574294404,1.3741116266903495e-05,2035671.6194406785,306505.76456775906,0.6373686757409905
106.0,475.0,25.0,2302.0,3673.0,120.0,27.1,77.1,2023-03-20 16:55:59,6.0,13.0,True,3081.0818069338925,41.040669922175866,1.3741116266903495e-05,505287.841788866,83696.93832723587,0.646602280996154
96.0,418.0,25.0,1957.0,3197.0,122.0,27.1,76.9,2023-03-20 16:56:05,6.0,19.0,True,2252.0891889293252,25.687275793647462,1.3755734474540614e-05,230536.25005620313,35150.67870276622,0.6656968204912894
85.0,372.0,25.0,1734.0,2738.0,122.0,27.1,76.7,2023-03-20 16:56:12,7.0,26.0,True,1538.8219311825721,17.354423562619996,1.3770362008979468e-05,135456.83499643815,16709.825435116174,0.6661265596455744
76.0,341.0,25.0,1596.0,2298.0,120.0,27.2,76.7,2023-03-20 16:56:18,6.0,32.0,True,1085.3010912899995,13.148890499892223,1.3752079048321132e-05,95734.45697880202,8387.515503722243,0.6469154650968798
65.0,315.0,25.0,1488.0,1913.0,116.0,27.2,76.5,2023-03-20 16:56:25,7.0,39.0,True,672.0379273312209,10.335641239825614,1.3766704250873652e-05,72322.88602028551,4527.881373925507,0.6107508358974922
53.0,312.0,25.0,1381.0,1592.0,121.0,27.2,76.5,2023-03-20 16:56:31,6.0,45.0,True,361.61020592987245,10.044616479695108,1.3766704250873652e-05,54068.37222253059,2609.5285754250594,0.6566430807071507
53.0,317.0,25.0,1369.0,1466.0,122.0,27.2,76.5,2023-03-20 16:56:38,7.0,52.0,True,361.61020592987245,10.533443371805156,1.3766704250873652e-05,52288.92861700324,2070.0877490950256,0.6660191159851351
37.0,315.0,25.0,1248.0,1215.0,121.0,27.2,79.3,2023-03-20 16:56:44,6.0,58.0,True,121.28369112509776,10.20872376140817,1.3562799386651322e-05,36299.49083922413,1241.0453219074059,0.6507202544429131
29.0,303.0,25.0,1183.0,1072.0,122.0,27.3,80.5,2023-03-20 16:56:51,7.0,65.0,True,58.490934630237184,9.039699127459519,1.345792256892231e-05,29568.93879622495,898.8934101583291,0.6569080530022948
22.0,284.0,25.0,1120.0,965.0,120.0,27.3,79.7,2023-03-20 16:56:57,6.0,71.0,True,26.129286775689547,7.517304793607477,1.3515725232843735e-05,24382.007283107796,697.1848575291269,0.6401414085562503
18.0,286.0,25.0,1055.0,907.0,118.0,27.3,78.5,2023-03-20 16:57:03,6.0,77.0,True,14.653327422793518,7.711058529167146,1.360270808926038e-05,19857.50892287548,603.8658814022958,0.6243510009112667
15.0,272.0,25.0,1016.0,835.0,121.0,27.3,77.6,2023-03-20 16:57:10,7.0,84.0,True,8.669648190067715,6.711246913717627,1.3668165061318536e-05,17493.983766137677,498.6010896945504,0.653785146204512
12.0,267.0,25.0,975.0,794.0,122.0,27.4,77.1,2023-03-20 16:57:16,6.0,90.0,True,4.545832384603488,6.377307739761616,1.3686381021234125e-05,15185.839781997269,443.88444336017744,0.6636568523297521
10.0,269.0,25.0,927.0,758.0,120.0,27.4,76.6,2023-03-20 16:57:23,7.0,97.0,True,2.690689229834449,6.52656696785112,1.3722856620150771e-05,12807.374308309409,399.6306373556773,0.646080422508951
10.0,262.0,25.0,886.0,719.0,119.0,27.4,76.2,2023-03-20 16:57:29,6.0,103.0,True,2.6972496528900165,6.073494370142096,1.3752079048321132e-05,11009.78487679408,354.72790382884153,0.6376773875123676
10.0,257.0,25.0,859.0,697.0,122.0,27.5,76.1,2023-03-20 16:57:36,7.0,110.0,True,2.6947882761642052,5.753636722553793,1.3741116266903495e-05,9911.311448973798,330.34432719751413,0.665267175981577
10.0,260.0,25.0,835.0,678.0,121.0,27.5,76.0,2023-03-20 16:57:42,6.0,116.0,True,2.696429031536007,5.944216996966775,1.3748424204995772e-05,9019.825299093642,310.4629546716053,0.6561135126902516
10.0,253.0,25.0,799.0,646.0,122.0,27.5,75.9,2023-03-20 16:57:48,6.0,122.0,True,2.6980704367092816,5.514935640401775,1.3755734474540614e-05,7795.711321126863,278.61097703370154,0.6656968204912894
10.0,250.0,25.0,762.0,632.0,121.0,27.5,75.7,2023-03-20 16:57:55,7.0,129.0,True,2.7013551969366945,5.341991826826339,1.3770362008979468e-05,6676.314692234946,265.5121768641633,0.6567490118050727
10.0,248.0,25.0,745.0,610.0,120.0,27.6,75.6,2023-03-20 16:58:01,6.0,135.0,True,2.698891383008694,5.2224319165088176,1.3759390483685205e-05,6195.525428873974,245.21928755103332,0.6471242832459531
10.0,265.0,25.0,702.0,593.0,119.0,27.6,75.4,2023-03-20 16:58:08,7.0,142.0,True,2.7021767933055743,6.277665592917496,1.3774020350134312e-05,5112.981938070716,230.51805955536076,0.6382949640701603
10.0,255.0,25.0,680.0,581.0,120.0,27.6,75.1,2023-03-20 16:58:14,6.0,148.0,True,2.707109785686241,5.649471615652987,1.3795982642827605e-05,4622.076029056963,220.61173163162644,0.6481687188860417
10.0,255.0,25.0,649.0,559.0,122.0,27.6,75.0,2023-03-20 16:58:21,7.0,155.0,True,2.708755417472274,5.65195531386462,1.3803308072855012e-05,3982.227725442954,202.72732441908784,0.6670938186865095
10.0,248.0,25.0,634.0,540.0,119.0,27.7,74.8,2023-03-20 16:58:27,6.0,161.0,True,2.707932520249861,5.235079574002513,1.3799645066192915e-05,3694.9679481363255,187.8978114266299,0.6390157278424958
10.0,253.0,25.0,613.0,535.0,120.0,27.7,74.6,2023-03-20 16:58:33,6.0,167.0,True,2.711225085241144,5.534370198025649,1.3814300592931712e-05,3324.007715941294,184.26992319455107,0.648691152202754
10.0,250.0,25.0,591.0,525.0,120.0,27.7,74.5,2023-03-20 16:58:40,7.0,174.0,True,2.7128723439872666,5.3584549166037645,1.38216318567011e-05,2963.137987570736,176.9132556250693,0.6489001657438191
10.0,250.0,25.0,567.0,523.0,119.0,27.7,74.4,2023-03-20 16:58:46,6.0,180.0,True,2.71452025372582,5.360808924229168,1.3828965454400674e-05,2602.56471129901,175.5210905258147,0.6398397976867763
10.0,260.0,25.0,540.0,501.0,120.0,27.7,74.3,2023-03-20 16:58:53,7.0,187.0,True,2.7161688145758784,5.975658984108699,1.383630138627807e-05,2235.734295656284,159.9421313222116,0.6493182617519603
10.0,255.0,25.0,523.0,494.0,119.0,27.8,74.1,2023-03-20 16:58:59,6.0,193.0,True,2.7153444527544677,5.661895749807709,1.3832633128551669e-05,2023.387041932537,155.11022024036907,0.6399428318967646
10.0,260.0,25.0,511.0,489.0,123.0,27.9,74.1,2023-03-20 16:59:06,7.0,200.0,True,2.711225085241144,5.96779044891321,1.3814300592931712e-05,1880.1050981759727,151.5781825957361,0.6768784347224284
10.0,262.0,25.0,492.0,475.0,119.0,27.9,74.0,2023-03-20 16:59:12,6.0,206.0,True,2.7128723439872666,6.098917365197848,1.38216318567011e-05,1673.3696090922242,142.4270441123715,0.6396337462513643
10.0,253.0,25.0,472.0,482.0,120.0,27.9,73.9,2023-03-20 16:59:18,6.0,212.0,True,2.71452025372582,5.539234359363282,1.3828965454400674e-05,1473.666597338702,147.0525067032093,0.6491092022610044
10.0,262.0,25.0,448.0,463.0,120.0,27.9,73.7,2023-03-20 16:59:25,7.0,219.0,True,2.717818026656513,6.106957084324701,1.3843639652580858e-05,1257.5438035243135,134.96430600648955,0.6495273442143374
10.0,260.0,25.0,434.0,453.0,122.0,27.9,73.5,2023-03-20 16:59:31,6.0,225.0,True,2.7211184049857926,5.983532878642296,1.3858323189452888e-05,1142.8680639991549,128.89084101956962,0.668706981022224
10.0,248.0,25.0,424.0,455.0,120.0,28.0,73.5,2023-03-20 16:59:38,7.0,232.0,True,2.716993339204931,5.247743045913119,1.3839970227610813e-05,1063.0909955473348,129.97997648816298,0.6494228001118679
10.0,255.0,25.0,402.0,448.0,120.0,28.0,73.3,2023-03-20 16:59:44,6.0,238.0,True,2.720293066095264,5.669357002251123,1.385465142962422e-05,905.6558563954256,125.83521454378672,0.649841010974182
10.0,262.0,25.0,385.0,438.0,120.0,28.0,73.2,2023-03-20 16:59:51,7.0,245.0,True,2.721943906773265,6.113661032370547,1.3861995533073565e-05,795.4189165133223,119.95150351949965,0.6500501508548411
10.0,255.0,25.0,383.0,441.0,120.0,28.1,73.1,2023-03-20 16:59:57,6.0,251.0,True,2.719467890086796,5.6681131074583675,1.3850980253556621e-05,782.3492247154265,121.63938964921564,0.649736449645788
10.0,245.0,25.0,371.0,436.0,120.0,28.1,72.9,2023-03-20 17:00:03,6.0,257.0,True,2.7227695714725653,5.084230346725266,1.3865668460517184e-05,711.7795030917674,118.80873921039762,0.6501547294065195
10.0,260.0,25.0,356.0,426.0,121.0,28.1,72.7,2023-03-20 17:00:10,7.0,264.0,True,2.726073859685669,5.9914121327526635,1.3880366009139762e-05,629.6839988689956,113.16283306131888,0.6599296547318597
10.0,250.0,25.0,344.0,419.0,120.0,28.2,72.7,2023-03-20 17:00:16,6.0,270.0,True,2.721943906773265,5.371408572329802,1.3861995533073565e-05,567.5038826354852,109.12613006950505,0.6500501508548411
10.0,255.0,25.0,327.0,414.0,120.0,28.2,72.6,2023-03-20 17:00:23,7.0,277.0,True,2.723595399098572,5.6743339923324525,1.3869341971814678e-05,488.2416026436891,106.41864497631923,0.6502593136987064
10.0,255.0,25.0,310.0,409.0,122.0,28.2,72.6,2023-03-20 17:00:29,6.0,283.0,True,2.723595399098572,5.6743339923324525,1.3869341971814678e-05,416.67103122913625,103.70619198358068,0.669029773006059
10.0,253.0,25.0,305.0,409.0,121.0,28.2,72.5,2023-03-20 17:00:36,7.0,290.0,True,2.725247543190242,5.555058139293193,1.3876690746095034e-05,397.31111548491856,103.74905009543708,0.6598235488391326
10.0,250.0,25.0,298.0,407.0,119.0,28.2,72.3,2023-03-20 17:00:42,6.0,296.0,True,2.7285537871488823,5.380839567785035,1.3891395302263253e-05,371.3736735230943,102.75966926534353,0.6415921489743474
10.0,262.0,25.0,286.0,397.0,121.0,28.3,72.3,2023-03-20 17:00:48,6.0,302.0,True,2.724421389666172,6.117685226180593,1.387301606699699e-05,328.4511316055476,97.37887894531588,0.6597174487685822
10.0,255.0,25.0,279.0,395.0,120.0,28.3,72.3,2023-03-20 17:00:55,7.0,309.0,True,2.724421389666172,5.675578592585596,1.387301606699699e-05,305.32430811911667,96.34290392761703,0.6503639037311083
10.0,255.0,25.0,264.0,390.0,121.0,28.3,72.1,2023-03-20 17:01:01,6.0,315.0,True,2.727726981650106,5.680558404560805,1.3887718287192945e-05,259.84966179385793,93.8579727443269,0.6601418839826537
10.0,250.0,25.0,255.0,380.0,120.0,28.3,71.9,2023-03-20 17:01:08,7.0,322.0,True,2.7310351818899994,5.384378395888804,1.3902429852020137e-05,234.99795344826876,88.9194579323095,0.6512008306029005
10.0,262.0,25.0,250.0,380.0,119.0,28.4,71.7,2023-03-20 17:01:14,6.0,328.0,True,2.730207887253948,6.12708033480048,1.3898751084645928e-05,221.69517562596232,88.90110456884318,0.6417984154505043
10.0,241.0,25.0,255.0,385.0,121.0,28.4,71.6,2023-03-20 17:01:21,7.0,335.0,True,2.7318626396015704,4.873755778780414,1.3906109203557484e-05,235.06711359000778,91.42687644441318,0.6606725589769221
10.0,253.0,25.0,240.0,371.0,120.0,28.4,71.4,2023-03-20 17:01:27,6.0,341.0,True,2.7351741015006428,5.569685415803217,1.392083245195658e-05,197.1050819573769,84.62484222377442,0.6517240963785946
10.0,241.0,25.0,240.0,378.0,120.0,28.4,71.3,2023-03-20 17:01:33,6.0,347.0,True,2.7368308112901603,4.880164819117962,1.3928197581938735e-05,197.22104795903286,88.06200129059405,0.6519334428437287
10.0,253.0,25.0,223.0,371.0,122.0,28.5,71.1,2023-03-20 17:01:40,7.0,354.0,True,2.7360023748130047,5.570905253021616,1.3924514724773352e-05,159.1554716183373,84.64230167522855,0.6706445300606906
10.0,243.0,25.0,221.0,373.0,123.0,28.5,71.0,2023-03-20 17:01:46,6.0,360.0,True,2.737659410946991,4.99184894721312,1.3931881023483635e-05,155.12957927441985,85.64178256277955,0.6803708416769352
10.0,250.0,25.0,214.0,371.0,119.0,28.5,70.9,2023-03-20 17:01:53,7.0,367.0,True,2.7393170998591856,5.396183175626115,1.3939249659835645e-05,141.3587179681169,84.71215702809324,0.6429332854067297
10.0,253.0,25.0,199.0,368.0,120.0,28.5,70.9,2023-03-20 17:01:59,6.0,373.0,True,2.7393170998591856,5.575785982736593,1.3939249659835645e-05,114.50008465058562,83.27625600712162,0.6522475055571778
10.0,262.0,25.0,202.0,366.0,122.0,28.5,70.7,2023-03-20 17:02:06,7.0,380.0,True,2.742634436494296,6.147237806404787,1.3953993946453703e-05,119.71161347645982,82.39457205394586,0.6715062768160539
10.0,250.0,25.0,204.0,371.0,124.0,28.5,70.6,2023-03-20 17:02:12,6.0,386.0,True,2.7442940844552455,5.40327245808915,1.3961369597214112e-05,123.25084697031265,84.81699269751431,0.6908350140198208
10.0,250.0,25.0,199.0,368.0,120.0,28.6,70.6,2023-03-20 17:02:18,6.0,392.0,True,2.7401461891443057,5.397364388599396,1.3942934854704553e-05,114.53374650872102,83.29342813946305,0.652352204598024
10.0,255.0,25.0,185.0,356.0,122.0,28.6,70.7,2023-03-20 17:02:25,7.0,399.0,True,2.7384881737983737,5.696758385310766,1.3935565049438975e-05,92.70185822489952,77.6541640481871,0.6709676408417699
10.0,248.0,25.0,185.0,364.0,122.0,28.6,70.7,2023-03-20 17:02:31,6.0,405.0,True,2.7384881737983737,5.277737761654031,1.3935565049438975e-05,92.70185822489952,81.36639586393366,0.6709676408417699
10.0,253.0,25.0,185.0,354.0,122.0,28.6,70.6,2023-03-20 17:02:38,7.0,412.0,True,2.7401461891443057,5.577006510380797,1.3942934854704553e-05,92.7563759237474,76.77292277144826,0.6711830775321141
10.0,253.0,25.0,170.0,359.0,120.0,28.6,70.5,2023-03-20 17:02:44,6.0,418.0,True,2.7418048574469838,5.579447979934906,1.395030699798268e-05,72.73682057718828,79.10006543870263,0.6525616198825082
10.0,262.0,25.0,163.0,347.0,121.0,28.7,70.4,2023-03-20 17:02:51,7.0,425.0,True,2.7393170998591856,6.141859134362895,1.3939249659835645e-05,64.39563279555779,73.60878385886949,0.6616281405890558
10.0,255.0,25.0,153.0,347.0,119.0,28.7,70.3,2023-03-20 17:02:57,6.0,431.0,True,2.7409754416686134,5.70050022903509,1.3946620634076605e-05,53.725304551991655,73.63914265075945,0.6431396988959117
10.0,262.0,25.0,151.0,347.0,120.0,28.7,70.2,2023-03-20 17:03:03,6.0,437.0,True,2.742634436494296,6.147237806404787,1.3953993946453703e-05,51.76661840792239,73.66950754133833,0.6526663361255616
10.0,250.0,25.0,153.0,344.0,120.0,28.7,70.1,2023-03-20 17:03:10,7.0,444.0,True,2.7442940844552455,5.40327245808915,1.3961369597214112e-05,53.78848779113292,72.37147382150498,0.6528757858118306
10.0,255.0,25.0,156.0,347.0,121.0,28.7,70.0,2023-03-20 17:03:16,6.0,450.0,True,2.74595438567048,5.7079877266472785,1.3968747586604993e-05,56.90313381615622,73.73025561830491,0.662477942038044
10.0,250.0,25.0,144.0,339.0,122.0,28.8,69.8,2023-03-20 17:03:23,7.0,457.0,True,2.7451241533986384,5.404454472918696,1.3965058299565302e-05,45.225432969655714,70.20182427666796,0.671829529190887
10.0,253.0,25.0,139.0,335.0,121.0,28.8,69.7,2023-03-20 17:03:29,6.0,463.0,True,2.7467847812856445,5.586775702796444,1.3972437458364078e-05,40.90051390941638,68.50919203872482,0.6625841933886932
10.0,253.0,25.0,139.0,339.0,120.0,28.8,69.6,2023-03-20 17:03:36,7.0,470.0,True,2.7484460626054483,5.589219381843932,1.3979818956164e-05,40.92454197001132,70.25969453871488,0.6533995103481548
10.0,248.0,25.0,136.0,330.0,120.0,28.8,69.4,2023-03-20 17:03:42,6.0,476.0,True,2.7517705860194672,5.296239973646175,1.3994588969755548e-05,38.49514181829332,66.47266189668386,0.653818593144907
10.0,245.0,25.0,139.0,337.0,118.0,28.8,69.2,2023-03-20 17:03:48,6.0,482.0,True,2.7550977245926944,5.127820205692827,1.4009368342316284e-05,41.0207445905866,69.509971197465,0.6356189384484625
10.0,248.0,25.0,129.0,332.0,119.0,28.9,69.2,2023-03-20 17:03:55,7.0,489.0,True,2.7509392100319747,5.2950826048201955,1.3990895589031497e-05,33.09355300704079,67.30285736476444,0.6443786545339708
10.0,250.0,25.0,134.0,335.0,121.0,28.9,69.0,2023-03-20 17:04:01,6.0,495.0,True,2.754265694726152,5.417465456908435,1.400567262166467e-05,36.93219270061031,68.63626570303614,0.663540717159849
10.0,241.0,25.0,131.0,327.0,121.0,28.9,68.9,2023-03-20 17:04:08,7.0,502.0,True,2.7559299179661845,4.90477314109449,1.4013064648026964e-05,34.64006140719465,65.28479915971278,0.6637533419352765
10.0,245.0,25.0,117.0,325.0,121.0,28.9,68.8,2023-03-20 17:04:14,6.0,508.0,True,2.757594795293502,5.131181239574531,1.4020459014749026e-05,25.11362431842246,64.48115901979978,0.6639659899555398
10.0,241.0,25.0,115.0,310.0,121.0,28.9,68.7,2023-03-20 17:04:21,7.0,515.0,True,2.7592603268270848,4.909059380640802,1.4027855722077783e-05,23.925058087966953,58.463034838236794,0.6641786612182747
10.0,250.0,25.0,124.0,325.0,121.0,28.9,68.6,2023-03-20 17:04:27,6.0,521.0,True,2.7609265126859213,5.426938148579034,1.403525477026016e-05,29.669236483351185,64.53422937037517,0.6643913557211183
10.0,253.0,25.0,112.0,318.0,123.0,28.9,68.6,2023-03-20 17:04:33,6.0,527.0,True,2.7609265126859213,5.6075645828154235,1.403525477026016e-05,22.20508999538929,61.67133643327261,0.6834317250438865
10.0,241.0,25.0,124.0,325.0,122.0,28.9,68.6,2023-03-20 17:04:40,7.0,534.0,True,2.7609265126859213,4.911203226174291,1.403525477026016e-05,29.669236483351185,64.53422937037517,0.6738780265970538
10.0,238.0,25.0,117.0,318.0,120.0,28.9,68.5,2023-03-20 17:04:46,6.0,540.0,True,2.762593352988987,4.749788790977672,1.404265615954303e-05,25.157841142701873,61.69670206724323,0.6551812453330651
10.0,238.0,25.0,117.0,313.0,122.0,29.0,68.4,2023-03-20 17:04:53,7.0,547.0,True,2.76009333795841,4.746679545089998,1.4031554953546834e-05,25.13572650513936,59.658003291434675,0.6737701578946235
10.0,241.0,25.0,102.0,305.0,121.0,29.0,68.1,2023-03-20 17:04:59,6.0,553.0,True,2.765094840786775,4.916564956866281,1.4053762633570785e-05,17.049193610958753,56.60221179736866,0.6649231936381981
10.0,238.0,25.0,102.0,301.0,121.0,29.0,67.9,2023-03-20 17:05:05,6.0,559.0,True,2.7684324495157115,4.757047790901167,1.4068579461763357e-05,17.0691828790713,55.1174518933023,0.6653487685169244
10.0,238.0,25.0,100.0,298.0,120.0,29.0,67.8,2023-03-20 17:05:12,7.0,566.0,True,2.770102236290087,4.75912284335809,1.4075991389053003e-05,16.14602892055047,54.006259701822344,0.656125186885593
10.0,238.0,25.0,107.0,305.0,122.0,29.0,67.7,2023-03-20 17:05:18,6.0,572.0,True,2.7717726781630154,4.76119836359601,1.4083405658800578e-05,19.57640499529689,56.69531341452516,0.6752808558269775
10.0,243.0,25.0,100.0,305.0,120.0,29.0,67.8,2023-03-20 17:05:25,7.0,579.0,True,2.770102236290087,5.034565114442853,1.4075991389053003e-05,16.14602892055047,56.67203102175421,0.656125186885593
10.0,241.0,25.0,100.0,303.0,120.0,29.1,68.0,2023-03-20 17:05:31,6.0,585.0,True,2.762593352988987,4.913347555557526,1.404265615954303e-05,16.103514395716488,55.79989059113921,0.6551812453330651
10.0,241.0,25.0,100.0,308.0,119.0,29.1,68.0,2023-03-20 17:05:38,7.0,592.0,True,2.762593352988987,4.913347555557526,1.404265615954303e-05,16.103514395716488,57.729275165721596,0.6458251308129126
10.0,238.0,25.0,100.0,305.0,119.0,29.1,67.9,2023-03-20 17:05:44,6.0,598.0,True,2.764260847855258,4.751862206255442,1.4050059890173268e-05,16.112955865787615,56.590579336649895,0.6460318606150961
10.0,241.0,25.0,100.0,308.0,120.0,29.1,67.7,2023-03-20 17:05:50,6.0,604.0,False,2.767597801753306,4.9197834468771395,1.4064874376463143e-05,16.13184943725166,57.8005071601869,0.6558104881761189
10.0,245.0,25.0,100.0,305.0,119.0,29.1,67.6,2023-03-20 17:05:57,7.0,611.0,False,2.7692672610230153,5.146881116734925,1.4072285132616367e-05,16.1413015398099,56.66039157247387,0.6466521854717983
10.0,243.0,25.0,100.0,298.0,121.0,29.1,67.5,2023-03-20 17:06:03,6.0,617.0,False,2.7709373753317976,5.035662874823838,1.4079698231104132e-05,16.1507571876958,54.01735275799967,0.6656680106481999
10.0,236.0,25.0,100.0,296.0,120.0,29.1,67.2,2023-03-20 17:06:10,7.0,624.0,False,2.775951649682154,4.659244930200642,1.410195158304187e-05,16.179145409145256,53.33413511984155,0.6568596841962714
10.0,238.0,25.0,100.0,296.0,120.0,29.1,66.9,2023-03-20 17:06:16,6.0,630.0,False,2.780971823666463,4.772622086798034,1.4124226024871226e-05,16.20756555951542,53.399833105531805,0.6574894764751436
10.0,238.0,25.0,100.0,293.0,121.0,29.2,66.8,2023-03-20 17:06:23,7.0,637.0,False,2.7784609990193427,4.769505122495577,1.4113086167303909e-05,16.19335149223228,52.252336785819736,0.6666260505286127
10.0,238.0,25.0,100.0,289.0,121.0,29.2,66.9,2023-03-20 17:06:29,6.0,643.0,False,2.776787935562671,4.767427731064712,1.4105662525257782e-05,16.18387988316271,50.76531104064787,0.6664131121471332
10.0,250.0,25.0,100.0,298.0,120.0,29.2,67.1,2023-03-20 17:06:35,6.0,649.0,False,2.7734437752534546,5.444722503059724,1.4090822271252768e-05,16.16494730828843,54.05063858618001,0.6565448652977213
10.0,245.0,25.0,100.0,296.0,121.0,29.2,67.3,2023-03-20 17:06:42,7.0,656.0,False,2.770102236290087,5.148003485253457,1.4075991389053003e-05,16.14602892055047,53.257537270747264,0.6655615907981521
10.0,248.0,25.0,100.0,293.0,122.0,29.2,67.4,2023-03-20 17:06:48,6.0,662.0,False,2.7684324495157115,5.319414808741728,1.4068579461763357e-05,16.13657504540123,52.123762359125024,0.6748491100404505
10.0,250.0,25.0,100.0,298.0,119.0,29.2,67.3,2023-03-20 17:06:55,7.0,669.0,False,2.770102236290087,5.439977067714921,1.4075991389053003e-05,16.14602892055047,54.006259701822344,0.6467555926980526
10.0,245.0,25.0,100.0,298.0,120.0,29.2,67.3,2023-03-20 17:07:01,6.0,675.0,False,2.770102236290087,5.148003485253457,1.4075991389053003e-05,16.14602892055047,54.006259701822344,0.656125186885593
10.0,248.0,25.0,100.0,293.0,120.0,29.3,67.4,2023-03-20 17:07:08,7.0,682.0,False,2.764260847855258,5.313616196457611,1.4050059890173268e-05,16.112955865787615,52.07023522858001,0.6553909700445695
10.0,253.0,25.0,100.0,293.0,118.0,29.2,67.3,2023-03-20 17:07:14,6.0,688.0,False,2.770102236290087,5.6210374802656595,1.4075991389053003e-05,16.14602892055047,52.14518071337379,0.6374526439994438
10.0,255.0,25.0,100.0,293.0,120.0,29.3,67.3,2023-03-20 17:07:20,6.0,694.0,False,2.7659289974037087,5.737988523408705,1.4057465962397706e-05,16.122400879438445,52.09164286561374,0.6556007176596965
10.0,243.0,25.0,100.0,293.0,121.0,29.3,67.2,2023-03-20 17:07:27,7.0,701.0,False,2.767597801753306,5.031272575578174,1.4064874376463143e-05,16.13184943725166,52.11305478956736,0.6652423660863347
10.0,257.0,25.0,100.0,291.0,121.0,29.3,67.1,2023-03-20 17:07:33,6.0,707.0,False,2.7692672610230153,5.868216393125685,1.4072285132616367e-05,16.1413015398099,51.400184791583655,0.6654551767542954
10.0,255.0,25.0,100.0,293.0,121.0,29.3,67.0,2023-03-20 17:07:40,7.0,714.0,False,2.7709373753317976,5.745501425303092,1.4079698231104132e-05,16.1507571876958,52.15589149805363,0.6656680106481999
10.0,255.0,25.0,100.0,291.0,121.0,29.3,67.0,2023-03-20 17:07:46,6.0,720.0,False,2.7709373753317976,5.745501425303092,1.4079698231104132e-05,16.1507571876958,51.42130359296051,0.6656680106481999
10.0,250.0,25.0,100.0,286.0,120.0,29.3,66.9,2023-03-20 17:07:53,7.0,727.0,False,2.7726081447986117,5.443535943706402,1.4087113672173175e-05,16.16021638149195,49.630100168252625,0.6564399371099007
10.0,255.0,25.0,100.0,293.0,121.0,29.3,66.8,2023-03-20 17:07:59,6.0,733.0,False,2.774279569542413,5.7505128496251965,1.4094531456070195e-05,16.16967912178092,52.19874535367756,0.6660937481044084
10.0,250.0,25.0,100.0,296.0,120.0,29.3,66.7,2023-03-20 17:08:06,7.0,740.0,False,2.775951649682154,5.448282983201988,1.410195158304187e-05,16.179145409145256,53.33413511984155,0.6568596841962714
10.0,250.0,25.0,100.0,286.0,120.0,29.3,66.7,2023-03-20 17:08:12,6.0,746.0,False,2.775951649682154,5.448282983201988,1.410195158304187e-05,16.179145409145256,49.670870119624865,0.6568596841962714
10.0,243.0,25.0,100.0,293.0,122.0,29.3,66.7,2023-03-20 17:08:18,6.0,752.0,False,2.775951649682154,5.042252035147518,1.410195158304187e-05,16.179145409145256,52.22017871155332,0.675820670549109
10.0,250.0,25.0,100.0,286.0,119.0,29.3,66.6,2023-03-20 17:08:25,7.0,759.0,False,2.7776243853367792,5.450657305041925,1.4109374053334856e-05,16.18861524416746,49.69126121140457,0.6476865115959378
10.0,250.0,25.0,100.0,286.0,121.0,29.4,66.8,2023-03-20 17:08:31,6.0,765.0,False,2.770102236290087,5.439977067714921,1.4075991389053003e-05,16.14602892055047,49.59953340805625,0.6655615907981521
10.0,248.0,25.0,100.0,284.0,120.0,29.4,66.8,2023-03-20 17:08:38,7.0,772.0,False,2.770102236290087,5.321735169026813,1.4075991389053003e-05,16.14602892055047,48.88497123288168,0.656125186885593
10.0,248.0,25.0,100.0,293.0,121.0,29.4,66.8,2023-03-20 17:08:44,6.0,778.0,False,2.770102236290087,5.321735169026813,1.4075991389053003e-05,16.14602892055047,52.14518071337379,0.6655615907981521
10.0,253.0,25.0,100.0,286.0,120.0,29.4,66.6,2023-03-20 17:08:51,7.0,785.0,False,2.7734437752534546,5.625940859379447,1.4090822271252768e-05,16.16494730828843,49.64029112705887,0.6565448652977213
10.0,245.0,25.0,100.0,289.0,121.0,29.4,66.5,2023-03-20 17:08:57,6.0,791.0,False,2.7751155276803563,5.154740352921611,1.4098241226656283e-05,16.17441182204226,50.74447701426553,0.6662001969809916
10.0,250.0,25.0,100.0,289.0,122.0,29.4,66.6,2023-03-20 17:09:03,6.0,797.0,False,2.7734437752534546,5.444722503059724,1.4090822271252768e-05,16.16494730828843,50.72364715427182,0.6754967640524266
10.0,250.0,25.0,100.0,286.0,118.0,29.4,66.7,2023-03-20 17:09:10,7.0,804.0,False,2.7717726781630154,5.442349518031813,1.4083405658800578e-05,16.15548634131868,49.61991022881318,0.6376565003103156
10.0,248.0,25.0,100.0,284.0,120.0,29.4,66.7,2023-03-20 17:09:16,6.0,810.0,False,2.7717726781630154,5.32405605239287,1.4083405658800578e-05,16.15548634131868,48.9050544923012,0.6563350146450785
10.0,255.0,25.0,100.0,289.0,117.0,29.4,66.6,2023-03-20 17:09:23,7.0,817.0,False,2.7734437752534546,5.749259781810548,1.4090822271252768e-05,16.16494730828843,50.72364715427182,0.6286180059840942
10.0,262.0,25.0,100.0,293.0,122.0,29.4,66.5,2023-03-20 17:09:29,6.0,823.0,False,2.7751155276803563,6.199807414718514,1.4098241226656283e-05,16.17441182204226,52.20946149678151,0.6757126958294788
10.0,253.0,25.0,100.0,291.0,121.0,29.4,66.4,2023-03-20 17:09:36,7.0,830.0,False,2.776787935562671,5.630846448557677,1.4105662525257782e-05,16.18387988316271,51.49525268044527,0.6664131121471332
10.0,245.0,25.0,100.0,289.0,120.0,29.4,66.4,2023-03-20 17:09:42,6.0,836.0,False,2.776787935562671,5.156986987521737,1.4105662525257782e-05,16.18387988316271,50.76531104064787,0.656964635273183
10.0,262.0,25.0,100.0,281.0,121.0,29.4,66.2,2023-03-20 17:09:48,6.0,842.0,False,2.7801347181693186,6.207915585972439,1.4120512153041273e-05,16.202826649833458,47.94166445104167,0.6668390121230752
10.0,248.0,25.0,100.0,293.0,120.0,29.5,66.2,2023-03-20 17:09:55,7.0,849.0,False,2.775951649682154,5.329860549337853,1.410195158304187e-05,16.179145409145256,52.22017871155332,0.6568596841962714
10.0,250.0,25.0,100.0,291.0,121.0,29.5,66.2,2023-03-20 17:10:01,6.0,855.0,False,2.775951649682154,5.448282983201988,1.410195158304187e-05,16.179145409145256,51.48468535535712,0.666306651661998
10.0,257.0,25.0,100.0,291.0,122.0,29.5,66.2,2023-03-20 17:10:08,7.0,862.0,False,2.775951649682154,5.878457779169061,1.410195158304187e-05,16.179145409145256,51.48468535535712,0.675820670549109
10.0,250.0,25.0,100.0,281.0,122.0,29.5,66.2,2023-03-20 17:10:14,6.0,868.0,False,2.775951649682154,5.448282983201988,1.410195158304187e-05,16.179145409145256,47.89250450539419,0.675820670549109
10.0,257.0,25.0,100.0,281.0,120.0,29.5,66.1,2023-03-20 17:10:21,7.0,875.0,False,2.7776243853367792,5.881019568035984,1.4109374053334856e-05,16.18861524416746,47.91216553514014,0.657069592071642
10.0,260.0,25.0,100.0,279.0,120.0,29.5,66.1,2023-03-20 17:10:27,6.0,881.0,False,2.7776243853367792,6.07314498222566,1.4109374053334856e-05,16.18861524416746,47.210416088723754,0.657069592071642
10.0,253.0,25.0,100.0,279.0,118.0,29.5,66.0,2023-03-20 17:10:33,6.0,887.0,False,2.7792977766252345,5.6345270908353315,1.4116798867195772e-05,16.19808862743002,47.22979302536811,0.6385741289170078
10.0,255.0,25.0,100.0,276.0,121.0,29.5,65.9,2023-03-20 17:10:40,7.0,894.0,False,2.780971823666463,5.760542473911058,1.4124226024871226e-05,16.20756555951542,46.20625283703166,0.666945501624439
10.0,255.0,25.0,100.0,279.0,119.0,29.5,65.9,2023-03-20 17:10:46,6.0,900.0,False,2.780971823666463,5.760542473911058,1.4124226024871226e-05,16.20756555951542,47.24917383574835,0.6481003999691921
10.0,250.0,25.0,100.0,276.0,120.0,29.5,66.0,2023-03-20 17:10:53,7.0,907.0,False,2.7792977766252345,5.453032161620459,1.4116798867195772e-05,16.19808862743002,46.187299815170796,0.6572795228320397
10.0,255.0,25.0,100.0,284.0,122.0,29.5,66.0,2023-03-20 17:10:59,6.0,913.0,False,2.7792977766252345,5.7580342208635855,1.4116798867195772e-05,16.19808862743002,48.995478891058205,0.6762526282946881
10.0,262.0,25.0,100.0,279.0,120.0,29.5,66.0,2023-03-20 17:11:06,7.0,920.0,False,2.7792977766252345,6.206563843699989,1.4116798867195772e-05,16.19808862743002,47.22979302536811,0.6572795228320397
10.0,253.0,25.0,100.0,267.0,120.0,29.5,65.9,2023-03-20 17:11:12,6.0,926.0,False,2.780971823666463,5.636981543032825,1.4124226024871226e-05,16.20756555951542,43.15320928739186,0.6574894764751436
10.0,245.0,25.0,100.0,279.0,119.0,29.6,65.9,2023-03-20 17:11:18,6.0,932.0,False,2.776787935562671,5.156986987521737,1.4105662525257782e-05,16.18387988316271,47.200729073065276,0.6475830536007994
10.0,245.0,25.0,100.0,279.0,119.0,29.6,65.9,2023-03-20 17:11:25,7.0,939.0,False,2.776787935562671,5.156986987521737,1.4105662525257782e-05,16.18387988316271,47.200729073065276,0.6475830536007994
10.0,,92.0,140.8,79.0,119.0,,65.8,2023-03-20 17:11:31,6.0,945.0,False,2.749276948339839,5.263671338580239,0.0004322031351289356,42.47102353722832,3.6924047753790883,0.6441721054268812
10.0,250.0,25.0,100.0,276.0,120.0,29.6,65.8,2023-03-20 17:11:38,7.0,952.0,False,2.7784609990193427,5.4518446664883715,1.4113086167303909e-05,16.19335149223228,46.17782472482479,0.6571745545913573
10.0,245.0,25.0,100.0,272.0,120.0,29.6,65.8,2023-03-20 17:11:44,6.0,958.0,False,2.7784609990193427,5.1592341281563305,1.4113086167303909e-05,16.19335149223228,44.80777149409839,0.6571745545913573
10.0,250.0,25.0,100.0,279.0,120.0,29.6,65.6,2023-03-20 17:11:51,7.0,965.0,False,2.781809093131534,5.45659544914036,1.412794048271646e-05,16.212305356548693,47.25886569357669,0.6575944618769852
10.0,255.0,25.0,100.0,279.0,120.0,29.6,65.5,2023-03-20 17:11:57,6.0,971.0,False,2.783484124024926,5.764305912230861,1.4135371156576033e-05,16.221787612960377,47.278252314484384,0.6578044498397977
10.0,253.0,25.0,100.0,284.0,120.0,29.6,65.4,2023-03-20 17:12:03,6.0,977.0,False,2.7851598109684255,5.64312009096261,1.4142804174866537e-05,16.23127341965093,49.06586523895502,0.6580144606795166
10.0,257.0,25.0,100.0,267.0,120.0,29.6,65.4,2023-03-20 17:12:10,7.0,984.0,False,2.7851598109684255,5.892554757932844,1.4142804174866537e-05,16.23127341965093,43.19747655342005,0.6580144606795166
10.0,245.0,25.0,100.0,281.0,120.0,29.6,65.4,2023-03-20 17:12:16,6.0,990.0,False,2.7851598109684255,5.168227751188443,1.4142804174866537e-05,16.23127341965093,48.0006888189502,0.6580144606795166
10.0,255.0,25.0,100.0,276.0,120.0,29.6,65.4,2023-03-20 17:12:23,7.0,997.0,False,2.7851598109684255,5.766815576955252,1.4142804174866537e-05,16.23127341965093,46.25365196493617,0.6580144606795166
10.0,245.0,25.0,100.0,276.0,120.0,29.6,65.6,2023-03-20 17:12:29,6.0,1003.0,False,2.781809093131534,5.163729927558733,1.412794048271646e-05,16.212305356548693,46.21573076853652,0.6575944618769852
10.0,250.0,25.0,100.0,279.0,123.0,29.6,65.8,2023-03-20 17:12:36,7.0,1010.0,False,2.7784609990193427,5.4518446664883715,1.4113086167303909e-05,16.19335149223228,47.220104072826395,0.6857304625486438
10.0,262.0,25.0,100.0,272.0,120.0,29.6,65.8,2023-03-20 17:12:42,6.0,1016.0,False,2.7784609990193427,6.20521225358775,1.4113086167303909e-05,16.19335149223228,44.80777149409839,0.6571745545913573
10.0,255.0,25.0,100.0,286.0,121.0,29.7,65.8,2023-03-20 17:12:48,6.0,1022.0,False,2.774279569542413,5.7505128496251965,1.4094531456070195e-05,16.16967912178092,49.65048310522658,0.6660937481044084
10.0,255.0,25.0,100.0,276.0,122.0,29.7,65.7,2023-03-20 17:12:55,7.0,1029.0,False,2.775951649682154,5.753019408728973,1.410195158304187e-05,16.179145409145256,46.14940513618419,0.675820670549109
10.0,255.0,25.0,100.0,274.0,120.0,29.7,65.7,2023-03-20 17:13:01,6.0,1035.0,False,2.775951649682154,5.753019408728973,1.410195158304187e-05,16.179145409145256,45.46199915299347,0.6568596841962714
10.0,253.0,25.0,100.0,269.0,121.0,29.7,65.7,2023-03-20 17:13:08,7.0,1042.0,False,2.775951649682154,5.629619844066019,1.410195158304187e-05,16.179145409145256,43.76796737872176,0.666306651661998
10.0,253.0,25.0,100.0,272.0,121.0,29.7,65.6,2023-03-20 17:13:14,6.0,1048.0,False,2.7776243853367792,5.632073191182441,1.4109374053334856e-05,16.18861524416746,44.79857843985947,0.6665195784361032
10.0,253.0,25.0,100.0,269.0,121.0,29.7,65.6,2023-03-20 17:13:21,7.0,1055.0,False,2.7776243853367792,5.632073191182441,1.4109374053334856e-05,16.18861524416746,43.78593518636598,0.6665195784361032
10.0,262.0,25.0,100.0,272.0,120.0,29.7,65.6,2023-03-20 17:13:27,6.0,1061.0,False,2.7776243853367792,6.203860815634607,1.4109374053334856e-05,16.18861524416746,44.79857843985947,0.657069592071642
10.0,262.0,25.0,100.0,269.0,121.0,29.7,65.6,2023-03-20 17:13:33,6.0,1067.0,False,2.7776243853367792,6.203860815634607,1.4109374053334856e-05,16.18861524416746,43.78593518636598,0.6665195784361032
10.0,257.0,25.0,100.0,281.0,120.0,29.7,65.6,2023-03-20 17:13:40,7.0,1074.0,False,2.7776243853367792,5.881019568035984,1.4109374053334856e-05,16.18861524416746,47.91216553514014,0.657069592071642
10.0,265.0,25.0,100.0,274.0,120.0,29.7,65.6,2023-03-20 17:13:46,6.0,1080.0,False,2.7776243853367792,6.403955651242618,1.4109374053334856e-05,16.18861524416746,45.4806624015934,0.657069592071642
10.0,265.0,25.0,100.0,269.0,120.0,29.7,65.5,2023-03-20 17:13:53,7.0,1087.0,False,2.7792977766252345,6.40674586081843,1.4116798867195772e-05,16.19808862743002,43.80390658679645,0.6572795228320397
10.0,265.0,25.0,100.0,281.0,120.0,29.7,65.5,2023-03-20 17:13:59,6.0,1093.0,False,2.7792977766252345,6.40674586081843,1.4116798867195772e-05,16.19808862743002,47.931830496243705,0.6572795228320397
10.0,255.0,25.0,100.0,276.0,119.0,29.7,65.4,2023-03-20 17:14:06,7.0,1100.0,False,2.780971823666463,5.760542473911058,1.4124226024871226e-05,16.20756555951542,46.20625283703166,0.6481003999691921
10.0,255.0,25.0,100.0,276.0,119.0,29.7,65.4,2023-03-20 17:14:12,6.0,1106.0,False,2.780971823666463,5.760542473911058,1.4124226024871226e-05,16.20756555951542,46.20625283703166,0.6481003999691921
10.0,255.0,25.0,100.0,276.0,122.0,29.7,65.5,2023-03-20 17:14:18,6.0,1112.0,False,2.7792977766252345,5.7580342208635855,1.4116798867195772e-05,16.19808862743002,46.187299815170796,0.6762526282946881
10.0,265.0,25.0,100.0,267.0,120.0,29.7,65.4,2023-03-20 17:14:25,7.0,1119.0,False,2.780971823666463,6.409536698665753,1.4124226024871226e-05,16.20756555951542,43.15320928739186,0.6574894764751436
10.0,255.0,25.0,100.0,269.0,119.0,29.7,65.4,2023-03-20 17:14:31,6.0,1125.0,False,2.780971823666463,5.760542473911058,1.4124226024871226e-05,16.20756555951542,43.82188157997537,0.6481003999691921
10.0,255.0,25.0,100.0,267.0,119.0,29.7,65.4,2023-03-20 17:14:38,7.0,1132.0,False,2.780971823666463,5.760542473911058,1.4124226024871226e-05,16.20756555951542,43.15320928739186,0.6481003999691921
10.0,262.0,25.0,100.0,272.0,120.0,29.8,65.4,2023-03-20 17:14:44,6.0,1138.0,False,2.776787935562671,6.202509529839432,1.4105662525257782e-05,16.18387988316271,44.789386304589826,0.656964635273183
9.0,,,,,,,,2023-03-20 17:14:51,7.0,1145.0,False,2.0785073812759505,6.43705323615945,1.4288216977600418e-05,16.416957096129213,45.24088155170515,0.6573782647124231
10.0,267.0,25.0,100.0,272.0,119.0,29.8,65.4,2023-03-20 17:14:57,6.0,1151.0,False,2.776787935562671,6.538651654777417,1.4105662525257782e-05,16.18387988316271,44.789386304589826,0.6475830536007994
10.0,253.0,25.0,100.0,264.0,120.0,29.8,65.3,2023-03-20 17:15:03,6.0,1157.0,False,2.7784609990193427,5.633300071941316,1.4113086167303909e-05,16.19335149223228,42.134699316397146,0.6571745545913573
10.0,265.0,25.0,100.0,276.0,120.0,29.8,65.2,2023-03-20 17:15:10,7.0,1164.0,False,2.7801347181693186,6.408141201207575,1.4120512153041273e-05,16.202826649833458,46.19677585257475,0.6573844967933985
10.0,253.0,25.0,100.0,281.0,119.0,29.8,65.2,2023-03-20 17:15:16,6.0,1170.0,False,2.7801347181693186,5.63575424786549,1.4120512153041273e-05,16.202826649833458,47.94166445104167,0.6479969194175454
10.0,255.0,25.0,100.0,276.0,121.0,29.8,65.2,2023-03-20 17:15:23,7.0,1177.0,False,2.7801347181693186,5.759288276804775,1.4120512153041273e-05,16.202826649833458,46.19677585257475,0.6668390121230752
10.0,265.0,25.0,100.0,267.0,119.0,29.8,65.2,2023-03-20 17:15:29,6.0,1183.0,False,2.7801347181693186,6.408141201207575,1.4120512153041273e-05,16.202826649833458,43.144358487585066,0.6479969194175454
10.0,265.0,25.0,100.0,281.0,120.0,29.8,65.2,2023-03-20 17:15:36,7.0,1190.0,False,2.7801347181693186,6.408141201207575,1.4120512153041273e-05,16.202826649833458,47.94166445104167,0.6573844967933985
10.0,262.0,25.0,100.0,279.0,120.0,29.8,65.2,2023-03-20 17:15:42,6.0,1196.0,False,2.7801347181693186,6.207915585972439,1.4120512153041273e-05,16.202826649833458,47.23948294634379,0.6573844967933985
10.0,267.0,25.0,100.0,279.0,121.0,29.8,65.2,2023-03-20 17:15:48,6.0,1202.0,False,2.7801347181693186,6.544350689613216,1.4120512153041273e-05,16.202826649833458,47.23948294634379,0.6668390121230752
10.0,262.0,25.0,100.0,281.0,122.0,29.8,65.2,2023-03-20 17:15:55,7.0,1209.0,False,2.7801347181693186,6.207915585972439,1.4120512153041273e-05,16.202826649833458,47.94166445104167,0.6763606324463547
10.0,269.0,25.0,100.0,281.0,121.0,29.8,65.3,2023-03-20 17:16:01,6.0,1215.0,False,2.7784609990193427,6.679865862765025,1.4113086167303909e-05,16.19335149223228,47.92199752427481,0.6666260505286127
10.0,262.0,25.0,100.0,272.0,123.0,29.8,65.5,2023-03-20 17:16:08,7.0,1222.0,False,2.7751155276803563,6.199807414718514,1.4098241226656283e-05,16.17441182204226,44.77100479097766,0.6852924047350363
10.0,265.0,25.0,100.0,279.0,121.0,29.8,65.4,2023-03-20 17:16:14,6.0,1228.0,False,2.776787935562671,6.402560782053637,1.4105662525257782e-05,16.18387988316271,47.200729073065276,0.6664131121471332
10.0,272.0,25.0,100.0,279.0,122.0,29.8,65.2,2023-03-20 17:16:21,7.0,1235.0,False,2.7801347181693186,6.894635815662756,1.4120512153041273e-05,16.202826649833458,47.23948294634379,0.6763606324463547
10.0,267.0,25.0,100.0,267.0,121.0,29.8,65.2,2023-03-20 17:16:27,6.0,1241.0,False,2.7801347181693186,6.544350689613216,1.4120512153041273e-05,16.202826649833458,43.144358487585066,0.6668390121230752
10.0,269.0,25.0,100.0,279.0,120.0,29.8,65.2,2023-03-20 17:16:33,6.0,1247.0,False,2.7801347181693186,6.682775980416807,1.4120512153041273e-05,16.202826649833458,47.23948294634379,0.6573844967933985
10.0,255.0,25.0,100.0,262.0,121.0,29.8,65.2,2023-03-20 17:16:40,7.0,1254.0,False,2.7801347181693186,5.759288276804775,1.4120512153041273e-05,16.202826649833458,41.497353273658526,0.6668390121230752
10.0,272.0,25.0,100.0,262.0,119.0,29.8,65.2,2023-03-20 17:16:46,6.0,1260.0,False,2.7801347181693186,6.894635815662756,1.4120512153041273e-05,16.202826649833458,41.497353273658526,0.6479969194175454
10.0,269.0,25.0,100.0,267.0,123.0,29.8,65.2,2023-03-20 17:16:53,7.0,1267.0,False,2.7801347181693186,6.682775980416807,1.4120512153041273e-05,16.202826649833458,43.144358487585066,0.685949527274002
10.0,260.0,25.0,100.0,269.0,120.0,29.8,65.2,2023-03-20 17:16:59,6.0,1273.0,False,2.7801347181693186,6.077114318234819,1.4120512153041273e-05,16.202826649833458,43.81289363429472,0.6573844967933985
10.0,269.0,25.0,100.0,276.0,122.0,29.9,65.4,2023-03-20 17:17:06,7.0,1280.0,False,2.7726081447986117,6.669685610562386,1.4087113672173175e-05,16.16021638149195,46.11152561044348,0.6753888069956024
10.0,274.0,25.0,100.0,269.0,119.0,29.9,65.5,2023-03-20 17:17:12,6.0,1286.0,False,2.7709373753317976,7.021886269256881,1.4079698231104132e-05,16.1507571876958,43.7140855128847,0.6468590055664396
10.0,265.0,25.0,100.0,276.0,121.0,29.9,65.6,2023-03-20 17:17:18,6.0,1292.0,False,2.7692672610230153,6.390014027112291,1.4072285132616367e-05,16.1413015398099,46.073661238267725,0.6654551767542954
9.0,,925.0,,,,,,2023-03-20 17:17:25,7.0,1299.0,False,2.0785073812759505,6.302259722940538,39.37708026076351,16.416957096129213,47.14875714059153,0.6621142412592479
10.0,260.0,25.0,100.0,279.0,119.0,29.9,65.5,2023-03-20 17:17:31,6.0,1305.0,False,2.7709373753317976,6.06256664000838,1.4079698231104132e-05,16.1507571876958,47.132947080320655,0.6468590055664396
10.0,269.0,25.0,100.0,279.0,120.0,29.9,66.0,2023-03-20 17:17:38,7.0,1312.0,False,2.762593352988987,6.652252421440847,1.404265615954303e-05,16.103514395716488,47.0361979837682,0.6551812453330651
10.0,274.0,25.0,100.0,279.0,123.0,29.9,66.8,2023-03-20 17:17:44,6.0,1318.0,False,2.749276948339839,6.982142792519443,1.39835105822666e-05,16.028110134086678,46.88160088689261,0.6819006973024562
10.0,284.0,25.0,100.0,281.0,121.0,29.9,68.2,2023-03-20 17:17:51,7.0,1325.0,False,2.726073859685669,7.684845386370621,1.3880366009139762e-05,15.896697400136604,47.30450189984787,0.6599296547318597
10.0,284.0,25.0,100.0,279.0,122.0,29.9,69.1,2023-03-20 17:17:57,6.0,1331.0,False,2.711225085241144,7.654547188875646,1.3814300592931712e-05,15.812583258704413,46.43851555531218,0.6674163447820073
10.0,284.0,25.0,100.0,281.0,119.0,29.9,70.0,2023-03-20 17:18:03,6.0,1337.0,False,2.696429031536007,7.624310855701189,1.3748424204995772e-05,15.728754635756065,46.953399167181864,0.637574477920674
10.0,277.0,25.0,100.0,289.0,121.0,29.9,69.4,2023-03-20 17:18:10,7.0,1344.0,False,2.706287213766531,7.119273419531339,1.3792320802728125e-05,15.784608681121172,49.883539676709944,0.6573847208293112
10.0,279.0,25.0,100.0,276.0,123.0,29.9,68.6,2023-03-20 17:18:16,6.0,1350.0,False,2.719467890086796,7.2919349240081255,1.3850980253556621e-05,15.859278060851159,45.5075143008144,0.677969153001316
10.0,281.0,25.0,100.0,279.0,119.0,29.9,68.2,2023-03-20 17:18:23,7.0,1357.0,False,2.726073859685669,7.454974393760322,1.3880366009139762e-05,15.896697400136604,46.61165264850534,0.6412827916846645
10.0,279.0,25.0,100.0,284.0,123.0,29.9,67.8,2023-03-20 17:18:29,6.0,1363.0,False,2.7326902604035403,7.3175607112665935,1.390978913928889e-05,15.93417322215209,48.434160443372015,0.6797155482841504
10.0,274.0,25.0,100.0,276.0,122.0,29.9,67.4,2023-03-20 17:18:36,7.0,1370.0,False,2.7393170998591856,6.963838975831598,1.3939249659835645e-05,15.971705564226243,45.733563851822424,0.6710753562368466
10.0,269.0,25.0,100.0,276.0,121.0,29.9,67.1,2023-03-20 17:18:42,6.0,1376.0,False,2.7442940844552455,6.620352825139533,1.3961369597214112e-05,15.999891934521925,45.79016149907423,0.6622654567813189
10.0,269.0,25.0,100.0,284.0,121.0,29.9,66.9,2023-03-20 17:18:48,6.0,1382.0,False,2.747615340259009,6.626146856412694,1.3976127914873456e-05,16.01870053000797,48.6142405868879,0.6626904505538052
10.0,279.0,25.0,100.0,281.0,121.0,29.9,66.8,2023-03-20 17:18:55,7.0,1389.0,False,2.749276948339839,7.349658296836793,1.39835105822666e-05,16.028110134086678,47.578462727882574,0.6629029823262335
10.0,272.0,25.0,100.0,281.0,122.0,29.9,67.0,2023-03-20 17:19:01,6.0,1395.0,False,2.74595438567048,6.833222218447353,1.3968747586604993e-05,16.00929446368071,47.539278279328464,0.6719372917790724
10.0,281.0,25.0,100.0,276.0,121.0,29.9,67.1,2023-03-20 17:19:08,7.0,1402.0,False,2.7442940844552455,7.4909793516626815,1.3961369597214112e-05,15.999891934521925,45.79016149907423,0.6622654567813189
10.0,277.0,25.0,100.0,272.0,122.0,29.9,67.2,2023-03-20 17:19:14,6.0,1408.0,False,2.742634436494296,7.188302248881304,1.3953993946453703e-05,15.990492941948602,44.41330005081938,0.6715062768160539
10.0,279.0,25.0,100.0,286.0,123.0,29.9,67.2,2023-03-20 17:19:21,7.0,1415.0,False,2.742634436494296,7.336810548473529,1.3953993946453703e-05,15.990492941948602,49.263904591269814,0.681026350509883
10.0,277.0,25.0,100.0,276.0,119.0,29.9,67.3,2023-03-20 17:19:27,6.0,1421.0,False,2.7409754416686134,7.185157105065377,1.39466206340766e-05,15.981097485377736,45.7524259451023,0.6431396988959116
10.0,281.0,25.0,100.0,276.0,120.0,29.9,67.4,2023-03-20 17:19:33,6.0,1427.0,False,2.7393170998591856,7.481150924730554,1.3939249659835645e-05,15.971705564226243,45.733563851822424,0.6522475055571778
10.0,274.0,25.0,100.0,284.0,120.0,29.9,67.5,2023-03-20 17:19:40,7.0,1434.0,False,2.737659410946991,6.960790754259231,1.3931881023483635e-05,15.962317177911064,48.494150981721106,0.6520381246797377
10.0,272.0,25.0,100.0,279.0,121.0,29.9,67.5,2023-03-20 17:19:46,6.0,1440.0,False,2.737659410946991,6.818286375875285,1.3931881023483635e-05,15.962317177911064,46.74653183613717,0.6614157483921748
10.0,277.0,25.0,100.0,281.0,119.0,30.0,67.5,2023-03-20 17:19:53,7.0,1447.0,False,2.7335180443107903,7.1710127622506175,1.3913469659245263e-05,15.938861673205198,47.392476682640805,0.6422110162717108
10.0,274.0,25.0,100.0,281.0,122.0,30.0,67.6,2023-03-20 17:19:59,6.0,1453.0,False,2.7318626396015704,6.950127411194578,1.3906109203557484e-05,15.929485654224905,47.37291984897553,0.6701061301241166
10.0,277.0,25.0,100.0,272.0,120.0,30.0,67.6,2023-03-20 17:20:06,7.0,1460.0,False,2.7318626396015704,7.16787153141943,1.3906109203557484e-05,15.929485654224905,44.294375803635845,0.6513054722840529
10.0,281.0,25.0,100.0,272.0,120.0,29.9,67.7,2023-03-20 17:20:12,6.0,1466.0,False,2.734345991338199,7.471329167682129,1.3917150763457525e-05,15.943551007457142,44.32180607252693,0.6516194317500547
10.0,279.0,25.0,100.0,281.0,120.0,30.0,67.8,2023-03-20 17:20:18,6.0,1472.0,False,2.72855378714888,7.309547660928263,1.3891395302263247e-05,15.910744212317375,47.33381797918281,0.6508869399860858
10.0,279.0,25.0,100.0,267.0,120.0,29.9,67.7,2023-03-20 17:20:25,7.0,1479.0,False,2.734345991338199,7.320767202103541,1.3917150763457525e-05,15.943551007457142,42.6589267221628,0.6516194317500547
10.0,265.0,25.0,100.0,272.0,122.0,30.0,67.5,2023-03-20 17:20:31,6.0,1485.0,False,2.7335180443107903,6.3302439918404225,1.3913469659245263e-05,15.938861673205198,44.312661730335314,0.6703214723921566
10.0,255.0,25.0,100.0,279.0,122.0,30.0,67.1,2023-03-20 17:20:38,7.0,1492.0,False,2.7401461891443057,5.699252806678916,1.3942934854704553e-05,15.976401082911005,46.775459221259915,0.6711830775321141
10.0,260.0,25.0,100.0,276.0,122.0,30.0,66.6,2023-03-20 17:20:44,6.0,1498.0,False,2.7484460626054483,6.026935107403566,1.3979818956164e-05,16.023404889791955,45.83735225502402,0.6722606149291449
10.0,255.0,25.0,100.0,279.0,122.0,30.0,66.6,2023-03-20 17:20:51,7.0,1505.0,False,2.7484460626054483,5.71173338059152,1.3979818956164e-05,16.023404889791955,46.87194680137135,0.6722606149291449
10.0,260.0,25.0,100.0,264.0,120.0,30.0,66.6,2023-03-20 17:20:57,6.0,1511.0,False,2.7484460626054483,6.026935107403566,1.3979818956164e-05,16.023404889791955,41.82403710512902,0.6533995103481548
10.0,265.0,25.0,100.0,262.0,122.0,30.0,66.6,2023-03-20 17:21:03,6.0,1517.0,False,2.7484460626054483,6.355228675371588,1.3979818956164e-05,16.023404889791955,41.17449247380424,0.6722606149291449
10.0,269.0,25.0,100.0,262.0,120.0,30.0,66.6,2023-03-20 17:21:10,7.0,1524.0,False,2.7484460626054483,6.627595773611552,1.3979818956164e-05,16.023404889791955,41.17449247380424,0.6533995103481548
10.0,267.0,25.0,100.0,276.0,120.0,30.0,67.0,2023-03-20 17:21:16,6.0,1530.0,False,2.7418048574469838,6.478966723749084,1.395030699798268e-05,15.985794771699299,45.761858412676254,0.6525616198825082
10.0,267.0,25.0,100.0,281.0,120.0,30.0,67.2,2023-03-20 17:21:23,7.0,1537.0,False,2.7384881737983737,6.4732971984781456,1.3935565049438975e-05,15.967010929250561,47.45117077821294,0.6521428122509848
10.0,269.0,25.0,100.0,262.0,121.0,30.0,66.6,2023-03-20 17:21:29,6.0,1543.0,False,2.7484460626054483,6.627595773611552,1.3979818956164e-05,16.023404889791955,41.17449247380424,0.6627967135330838
10.0,255.0,25.0,100.0,262.0,121.0,30.0,66.6,2023-03-20 17:21:36,7.0,1550.0,False,2.7484460626054483,5.71173338059152,1.3979818956164e-05,16.023404889791955,41.17449247380424,0.6627967135330838
10.0,265.0,25.0,100.0,260.0,120.0,30.0,66.6,2023-03-20 17:21:42,6.0,1556.0,False,2.7484460626054483,6.355228675371588,1.3979818956164e-05,16.023404889791955,40.530443764386,0.6533995103481548
10.0,255.0,25.0,100.0,262.0,119.0,30.0,66.6,2023-03-20 17:21:48,6.0,1562.0,False,2.7484460626054483,5.71173338059152,1.3979818956164e-05,16.023404889791955,41.17449247380424,0.6440688393471539
10.0,255.0,25.0,100.0,260.0,120.0,30.0,66.4,2023-03-20 17:21:55,7.0,1569.0,False,2.7517705860194672,5.716729561612636,1.3994588969755548e-05,16.04223117476389,40.56384056435478,0.653818593144907
10.0,257.0,25.0,100.0,267.0,120.0,30.0,66.0,2023-03-20 17:22:01,6.0,1575.0,False,2.758427479277071,5.85159382785284,1.4024157075822128e-05,16.079926219875805,42.91454815770229,0.6546570337729294
10.0,257.0,25.0,100.0,260.0,121.0,30.0,65.8,2023-03-20 17:22:08,7.0,1582.0,False,2.761759851024487,5.856705867335729,1.40389551722486e-05,16.098794989341208,40.66411136851515,0.6644977116868421
10.0,245.0,25.0,100.0,255.0,120.0,30.0,65.7,2023-03-20 17:22:14,6.0,1588.0,False,2.7634270185942866,5.139028079059252,1.4046357732174306e-05,16.108234687840998,39.08879875594414,0.655286104825719
10.0,243.0,25.0,100.0,264.0,120.0,30.0,65.4,2023-03-20 17:22:21,7.0,1595.0,False,2.7684324495157115,5.0323699648209335,1.4068579461763357e-05,16.13657504540123,42.03102079899865,0.6559153820215888
10.0,243.0,25.0,100.0,264.0,120.0,30.0,65.4,2023-03-20 17:22:27,6.0,1601.0,False,2.7684324495157115,5.0323699648209335,1.4068579461763357e-05,16.13657504540123,42.03102079899865,0.6559153820215888
10.0,243.0,25.0,100.0,257.0,120.0,30.0,65.5,2023-03-20 17:22:33,6.0,1607.0,False,2.766763317720928,5.030175310046329,1.406116987668487e-05,16.127124715288332,39.75416373857186,0.655705600055391
10.0,241.0,25.0,100.0,262.0,121.0,30.0,65.3,2023-03-20 17:22:40,7.0,1614.0,False,2.770102236290087,4.923003025614192,1.4075991389053003e-05,16.14602892055047,41.39526450874694,0.6655615907981521
10.0,248.0,25.0,100.0,255.0,120.0,30.0,65.2,2023-03-20 17:22:46,6.0,1620.0,False,2.7717726781630154,5.32405605239287,1.4083405658800578e-05,16.15548634131868,39.16919230931732,0.6563350146450785
10.0,241.0,25.0,100.0,255.0,122.0,30.0,65.2,2023-03-20 17:22:53,7.0,1627.0,False,2.7717726781630154,4.9251500162986765,1.4083405658800578e-05,16.15548634131868,39.16919230931732,0.6752808558269775
10.0,241.0,25.0,100.0,267.0,122.0,30.0,65.3,2023-03-20 17:22:59,6.0,1633.0,False,2.770102236290087,4.923003025614192,1.4075991389053003e-05,16.14602892055047,43.038217880451555,0.6750649711555214
10.0,245.0,25.0,100.0,264.0,121.0,30.0,65.3,2023-03-20 17:23:06,7.0,1640.0,False,2.770102236290087,5.148003485253457,1.4075991389053003e-05,16.14602892055047,42.04829191014195,0.6655615907981521
9.0,,92.0,140.8,260.0,123.0,,65.3,2023-03-20 17:23:12,6.0,1646.0,False,2.033977376949476,5.363029498589039,0.00043334513936764624,42.59583127876225,40.622317210039775,0.6829941689913572
10.0,253.0,25.0,100.0,257.0,120.0,30.0,65.2,2023-03-20 17:23:18,6.0,1652.0,False,2.7717726781630154,5.62348889356857,1.4083405658800578e-05,16.15548634131868,39.80319044019677,0.6563350146450785
10.0,245.0,25.0,100.0,255.0,121.0,30.0,65.1,2023-03-20 17:23:25,7.0,1659.0,False,2.7734437752534546,5.152494224348497,1.4090822271252768e-05,16.16494730828843,39.18528067624785,0.6659873050325432
10.0,243.0,25.0,100.0,255.0,120.0,30.0,65.2,2023-03-20 17:23:31,6.0,1665.0,False,2.7717726781630154,5.036760758919383,1.4083405658800578e-05,16.15548634131868,39.16919230931732,0.6563350146450785
10.0,245.0,25.0,100.0,260.0,121.0,30.0,65.1,2023-03-20 17:23:38,7.0,1672.0,False,2.7734437752534546,5.152494224348497,1.4090822271252768e-05,16.16494730828843,40.78124639839477,0.6659873050325432
10.0,250.0,25.0,100.0,255.0,120.0,30.0,65.0,2023-03-20 17:23:44,6.0,1678.0,False,2.7751155276803563,5.447096022806533,1.4098241226656283e-05,16.17441182204226,39.20137226185126,0.656754738841197
10.0,238.0,25.0,100.0,255.0,120.0,30.0,65.0,2023-03-20 17:23:51,7.0,1685.0,False,2.7751155276803563,4.765350807442426,1.4098241226656283e-05,16.17441182204226,39.20137226185126,0.656754738841197
10.0,243.0,25.0,100.0,250.0,119.0,30.0,64.9,2023-03-20 17:23:57,6.0,1691.0,False,2.776787935562671,5.043350661549603,1.4105662525257782e-05,16.18387988316271,37.65453505855561,0.6475830536007994
10.0,253.0,25.0,100.0,255.0,122.0,30.0,64.8,2023-03-20 17:24:03,6.0,1697.0,False,2.7784609990193427,5.633300071941316,1.4113086167303909e-05,16.19335149223228,39.233565088941155,0.6761446300288316
10.0,243.0,25.0,100.0,245.0,120.0,30.0,64.6,2023-03-20 17:24:10,7.0,1704.0,False,2.781809093131534,5.049945018133913,1.412794048271646e-05,16.212305356548693,36.17026961099257,0.6575944618769852
10.0,243.0,25.0,100.0,250.0,120.0,30.0,64.5,2023-03-20 17:24:16,6.0,1710.0,False,2.783484124024926,5.052144126796946,1.4135371156576033e-05,16.221787612960377,37.71637947641088,0.6578044498397977
10.0,245.0,25.0,100.0,247.0,121.0,30.0,64.4,2023-03-20 17:24:23,7.0,1717.0,False,2.7851598109684255,5.168227751188443,1.4142804174866537e-05,16.23127341965093,36.808610430385464,0.667478036160821
10.0,243.0,25.0,100.0,257.0,120.0,30.0,64.5,2023-03-20 17:24:29,6.0,1723.0,False,2.783484124024926,5.052144126796946,1.4135371156576033e-05,16.221787612960377,39.91770055389725,0.6578044498397977
9.0,,92.0,140.8,257.0,122.0,,,2023-03-20 17:24:36,7.0,1730.0,False,2.0785073812759505,5.154522208356792,0.0004416210176114737,43.50138384415975,40.253973447906574,0.6812269062538993
10.0,245.0,25.0,100.0,250.0,120.0,30.0,64.7,2023-03-20 17:24:42,6.0,1736.0,False,2.7801347181693186,5.161481774832844,1.4120512153041273e-05,16.202826649833458,37.68545108694495,0.6573844967933985
10.0,250.0,25.0,100.0,250.0,122.0,30.0,64.6,2023-03-20 17:24:48,6.0,1742.0,False,2.781809093131534,5.45659544914036,1.412794048271646e-05,16.212305356548693,37.7009137365596,0.6765766584059251
10.0,,92.0,,,,,,2023-03-20 17:24:55,7.0,1749.0,False,2.817967004717604,5.507801468877839,0.0004416210176114737,16.416957096129213,38.81912625416602,0.666867072656525
10.0,250.0,25.0,100.0,255.0,119.0,30.1,64.6,2023-03-20 17:25:01,6.0,1755.0,False,2.7776243853367792,5.450657305041925,1.4109374053334856e-05,16.18861524416746,39.2255156751939,0.6476865115959378
10.0,250.0,25.0,100.0,252.0,120.0,30.0,64.6,2023-03-20 17:25:08,7.0,1762.0,False,2.781809093131534,5.45659544914036,1.412794048271646e-05,16.212305356548693,38.32274129820245,0.6575944618769852
10.0,245.0,25.0,100.0,255.0,120.0,30.0,64.8,2023-03-20 17:25:14,6.0,1768.0,False,2.7784609990193427,5.1592341281563305,1.4113086167303909e-05,16.19335149223228,39.233565088941155,0.6571745545913573
10.0,250.0,25.0,100.0,255.0,120.0,30.1,65.1,2023-03-20 17:25:21,7.0,1775.0,False,2.7692672610230153,5.438791043070643,1.4072285132616367e-05,16.1413015398099,39.14506579400727,0.6560202815915105
10.0,253.0,25.0,100.0,255.0,120.0,30.1,65.5,2023-03-20 17:25:27,6.0,1781.0,False,2.762593352988987,5.610012957470179,1.404265615954303e-05,16.103514395716488,39.08076382649182,0.6551812453330651
10.0,262.0,25.0,100.0,255.0,120.0,30.1,65.7,2023-03-20 17:25:33,6.0,1787.0,False,2.7592603268270848,6.174167674646223,1.4027855722077783e-05,16.08464208398251,39.048632155958195,0.6547618646302352
10.0,265.0,25.0,100.0,255.0,122.0,30.1,65.7,2023-03-20 17:25:40,7.0,1794.0,False,2.7592603268270848,6.373304809180448,1.4027855722077783e-05,16.08464208398251,39.048632155958195,0.6736622950848812
10.0,260.0,25.0,100.0,257.0,119.0,30.1,65.7,2023-03-20 17:25:46,6.0,1800.0,False,2.7592603268270848,6.044077478044126,1.4027855722077783e-05,16.08464208398251,39.6806788830077,0.645411738947387
10.0,262.0,25.0,100.0,260.0,121.0,30.1,65.8,2023-03-20 17:25:53,7.0,1807.0,False,2.7575947952935,6.171471949571246,1.402045901474902e-05,16.07521124115415,40.622317210039775,0.6639659899555397
10.0,255.0,25.0,100.0,255.0,122.0,30.1,65.8,2023-03-20 17:25:59,6.0,1813.0,False,2.7575947952935,5.725478311932861,1.402045901474902e-05,16.07521124115415,39.03257114911618,0.673446587144656
10.0,255.0,25.0,100.0,255.0,121.0,30.1,65.8,2023-03-20 17:26:06,7.0,1820.0,False,2.7575947952935,5.725478311932861,1.402045901474902e-05,16.07521124115415,39.03257114911618,0.6639659899555397
10.0,265.0,25.0,100.0,260.0,120.0,30.1,65.8,2023-03-20 17:26:12,6.0,1826.0,False,2.7575947952935,6.37052213814041,1.402045901474902e-05,16.07521124115415,40.622317210039775,0.6545522086435669
10.0,255.0,25.0,100.0,255.0,120.0,30.1,65.8,2023-03-20 17:26:18,6.0,1832.0,False,2.7575947952935,5.725478311932861,1.402045901474902e-05,16.07521124115415,39.03257114911618,0.6545522086435669
10.0,265.0,25.0,100.0,260.0,120.0,30.1,65.8,2023-03-20 17:26:25,7.0,1839.0,False,2.7575947952935,6.37052213814041,1.402045901474902e-05,16.07521124115415,40.622317210039775,0.6545522086435669
10.0,260.0,25.0,100.0,255.0,120.0,30.1,65.9,2023-03-20 17:26:31,6.0,1845.0,False,2.7559299179661845,6.038800221873722,1.4013064648026964e-05,16.06578393957454,39.01651336126932,0.6543425755698362
10.0,274.0,25.0,100.0,260.0,120.0,30.1,66.0,2023-03-20 17:26:38,7.0,1852.0,False,2.754265694726152,6.99130401455709,1.400567262166467e-05,16.056360178660835,40.58889695868587,0.6541329654113736
10.0,274.0,25.0,100.0,255.0,121.0,30.1,66.0,2023-03-20 17:26:44,6.0,1858.0,False,2.754265694726152,6.99130401455709,1.400567262166467e-05,16.056360178660835,39.000458792451546,0.663540717159849
10.0,269.0,25.0,100.0,255.0,120.0,30.1,66.2,2023-03-20 17:26:51,7.0,1865.0,False,2.7509392100319747,6.631943507740857,1.3990895589031497e-05,16.03752327649979,38.96835931203925,0.6537138138495783
10.0,265.0,25.0,100.0,260.0,122.0,30.1,66.2,2023-03-20 17:26:57,6.0,1871.0,False,2.7509392100319747,6.359397735398075,1.3990895589031497e-05,16.03752327649979,40.555490108017395,0.6725839911511882
10.0,269.0,25.0,100.0,255.0,118.0,30.1,66.2,2023-03-20 17:27:03,6.0,1877.0,False,2.7509392100319747,6.631943507740857,1.3990895589031497e-05,16.03752327649979,38.96835931203925,0.6351098957736473
10.0,260.0,25.0,100.0,257.0,120.0,30.1,66.3,2023-03-20 17:27:10,7.0,1884.0,False,2.749276948339839,6.0282528577870345,1.39835105822666e-05,16.028110134086678,39.58280211464099,0.6535042724509105
10.0,265.0,25.0,100.0,264.0,121.0,30.1,66.3,2023-03-20 17:27:16,6.0,1890.0,False,2.749276948339839,6.356618205020536,1.39835105822666e-05,16.028110134086678,41.832651486621806,0.6629029823262335
10.0,262.0,25.0,100.0,247.0,120.0,30.1,66.3,2023-03-20 17:27:23,7.0,1897.0,False,2.749276948339839,6.158002451879007,1.39835105822666e-05,16.028110134086678,36.48483266631478,0.6535042724509105
10.0,265.0,25.0,100.0,255.0,119.0,30.1,66.3,2023-03-20 17:27:29,6.0,1903.0,False,2.749276948339839,6.356618205020536,1.39835105822666e-05,16.028110134086678,38.95231440051267,0.6441721054268812
10.0,255.0,25.0,100.0,260.0,120.0,30.1,66.3,2023-03-20 17:27:36,7.0,1910.0,False,2.749276948339839,5.712982214155914,1.39835105822666e-05,16.028110134086678,40.53879170802857,0.6535042724509105
10.0,267.0,25.0,100.0,255.0,119.0,30.1,66.3,2023-03-20 17:27:42,6.0,1916.0,False,2.749276948339839,6.4917325363858716,1.39835105822666e-05,16.028110134086678,38.95231440051267,0.6441721054268812
10.0,265.0,25.0,100.0,260.0,123.0,30.1,66.4,2023-03-20 17:27:48,6.0,1922.0,False,2.747615340259009,6.353839302747647,1.3976127914873456e-05,16.01870053000797,40.52209665831721,0.681682074717128
10.0,262.0,25.0,100.0,255.0,120.0,30.1,66.4,2023-03-20 17:27:55,7.0,1929.0,False,2.747615340259009,6.155310377814146,1.3976127914873456e-05,16.01870053000797,38.93627270815112,0.6532947539768404
10.0,272.0,25.0,100.0,260.0,121.0,30.1,66.4,2023-03-20 17:28:01,6.0,1935.0,False,2.747615340259009,6.836211414229506,1.3976127914873456e-05,16.01870053000797,40.52209665831721,0.6626904505538052
10.0,272.0,25.0,100.0,252.0,119.0,30.1,66.3,2023-03-20 17:28:08,7.0,1942.0,False,2.749276948339839,6.839201285790898,1.39835105822666e-05,16.028110134086678,38.01681305859522,0.6441721054268812
10.0,272.0,25.0,100.0,260.0,120.0,30.1,66.2,2023-03-20 17:28:14,6.0,1948.0,False,2.7509392100319747,6.842191833141525,1.3990895589031497e-05,16.03752327649979,40.555490108017395,0.6537138138495783
10.0,267.0,25.0,100.0,255.0,120.0,30.1,66.2,2023-03-20 17:28:21,7.0,1955.0,False,2.7509392100319747,6.494571147610547,1.3990895589031497e-05,16.03752327649979,38.96835931203925,0.6537138138495783
10.0,265.0,25.0,100.0,260.0,120.0,30.1,66.2,2023-03-20 17:28:27,6.0,1961.0,False,2.7509392100319747,6.359397735398075,1.3990895589031497e-05,16.03752327649979,40.555490108017395,0.6537138138495783
10.0,265.0,25.0,100.0,257.0,120.0,30.1,66.3,2023-03-20 17:28:33,6.0,1967.0,False,2.749276948339839,6.356618205020536,1.39835105822666e-05,16.028110134086678,39.58280211464099,0.6535042724509105
10.0,260.0,25.0,100.0,262.0,122.0,30.1,66.3,2023-03-20 17:28:40,7.0,1974.0,False,2.749276948339839,6.0282528577870345,1.39835105822666e-05,16.028110134086678,41.18297307038198,0.6723684011066741
10.0,265.0,25.0,100.0,255.0,121.0,30.1,66.3,2023-03-20 17:28:46,6.0,1980.0,False,2.749276948339839,6.356618205020536,1.39835105822666e-05,16.028110134086678,38.95231440051267,0.6629029823262335
10.0,267.0,25.0,100.0,260.0,121.0,30.1,66.4,2023-03-20 17:28:53,7.0,1987.0,False,2.747615340259009,6.48889456661665,1.3976127914873456e-05,16.01870053000797,40.52209665831721,0.6626904505538052
10.0,262.0,25.0,100.0,260.0,120.0,30.1,66.4,2023-03-20 17:28:59,6.0,1993.0,False,2.747615340259009,6.155310377814146,1.3976127914873456e-05,16.01870053000797,40.52209665831721,0.6532947539768404
10.0,262.0,25.0,100.0,260.0,121.0,30.1,66.4,2023-03-20 17:29:06,7.0,2000.0,False,2.747615340259009,6.155310377814146,1.3976127914873456e-05,16.01870053000797,40.52209665831721,0.6626904505538052
10.0,274.0,25.0,100.0,255.0,121.0,30.1,66.4,2023-03-20 17:29:12,6.0,2006.0,False,2.747615340259009,6.9790904316807145,1.3976127914873456e-05,16.01870053000797,38.93627270815112,0.6626904505538052
10.0,269.0,25.0,100.0,255.0,120.0,30.1,66.4,2023-03-20 17:29:18,6.0,2012.0,False,2.747615340259009,6.626146856412694,1.3976127914873456e-05,16.01870053000797,38.93627270815112,0.6532947539768404
10.0,262.0,25.0,100.0,257.0,120.0,30.1,66.3,2023-03-20 17:29:25,7.0,2019.0,False,2.749276948339839,6.158002451879007,1.39835105822666e-05,16.028110134086678,39.58280211464099,0.6535042724509105
10.0,265.0,25.0,100.0,260.0,119.0,30.1,66.3,2023-03-20 17:29:31,6.0,2025.0,False,2.749276948339839,6.356618205020536,1.39835105822666e-05,16.028110134086678,40.53879170802857,0.6441721054268812
10.0,262.0,25.0,100.0,262.0,122.0,30.1,66.3,2023-03-20 17:29:38,7.0,2032.0,False,2.749276948339839,6.158002451879007,1.39835105822666e-05,16.028110134086678,41.18297307038198,0.6723684011066741
9.0,,925.0,140.8,255.0,120.0,,,2023-03-20 17:29:44,6.0,2038.0,False,2.0785073812759505,6.505272907006683,39.37708026076351,43.50138384415975,39.61279509903053,0.6621142412592479
10.0,269.0,25.0,100.0,252.0,119.0,30.1,66.4,2023-03-20 17:29:51,7.0,2045.0,False,2.747615340259009,6.626146856412694,1.3976127914873456e-05,16.01870053000797,38.001156632807984,0.6439655789170214
10.0,274.0,25.0,100.0,267.0,120.0,30.1,66.3,2023-03-20 17:29:57,6.0,2051.0,False,2.749276948339839,6.982142792519443,1.39835105822666e-05,16.028110134086678,42.81750072144958,0.6535042724509105
10.0,260.0,25.0,100.0,264.0,119.0,30.1,66.3,2023-03-20 17:30:03,6.0,2057.0,False,2.749276948339839,6.0282528577870345,1.39835105822666e-05,16.028110134086678,41.832651486621806,0.6441721054268812
10.0,265.0,25.0,100.0,255.0,121.0,30.1,66.3,2023-03-20 17:30:10,7.0,2064.0,False,2.749276948339839,6.356618205020536,1.39835105822666e-05,16.028110134086678,38.95231440051267,0.6629029823262335
10.0,274.0,25.0,100.0,260.0,119.0,30.1,66.3,2023-03-20 17:30:16,6.0,2070.0,False,2.749276948339839,6.982142792519443,1.39835105822666e-05,16.028110134086678,40.53879170802857,0.6441721054268812
10.0,253.0,25.0,100.0,264.0,124.0,30.1,66.3,2023-03-20 17:30:23,7.0,2077.0,False,2.749276948339839,5.59044142851483,1.39835105822666e-05,16.028110134086678,41.832651486621806,0.6915000418636396
10.0,260.0,25.0,100.0,255.0,121.0,30.2,66.3,2023-03-20 17:30:29,6.0,2083.0,False,2.745124153398638,6.021665594993913,1.3965058299565295e-05,16.00459275699169,38.91221620561762,0.6623716965021539
10.0,,92.0,140.8,26.0,120.0,,,2023-03-20 17:30:36,7.0,2090.0,False,2.817967004717604,6.302259722940538,0.0004416210176114737,43.50138384415975,0.42107990287486763,0.6621142412592479
10.0,265.0,25.0,100.0,255.0,120.0,30.1,66.2,2023-03-20 17:30:42,6.0,2096.0,False,2.7509392100319747,6.359397735398075,1.3990895589031497e-05,16.03752327649979,38.96835931203925,0.6537138138495783
10.0,269.0,25.0,100.0,255.0,120.0,30.1,66.2,2023-03-20 17:30:48,6.0,2102.0,False,2.7509392100319747,6.631943507740857,1.3990895589031497e-05,16.03752327649979,38.96835931203925,0.6537138138495783
10.0,267.0,25.0,100.0,262.0,120.0,30.1,66.2,2023-03-20 17:30:55,7.0,2109.0,False,2.7509392100319747,6.494571147610547,1.3990895589031497e-05,16.03752327649979,41.19993681616925,0.6537138138495783
10.0,272.0,25.0,100.0,257.0,120.0,30.1,66.2,2023-03-20 17:31:01,6.0,2115.0,False,2.7509392100319747,6.842191833141525,1.3990895589031497e-05,16.03752327649979,39.599106731392986,0.6537138138495783
10.0,267.0,25.0,100.0,257.0,120.0,30.1,66.3,2023-03-20 17:31:08,7.0,2122.0,False,2.749276948339839,6.4917325363858716,1.39835105822666e-05,16.028110134086678,39.58280211464099,0.6535042724509105
10.0,269.0,25.0,100.0,260.0,119.0,30.1,66.3,2023-03-20 17:31:14,6.0,2128.0,False,2.749276948339839,6.629044854565056,1.39835105822666e-05,16.028110134086678,40.53879170802857,0.6441721054268812
10.0,260.0,25.0,100.0,255.0,121.0,30.1,66.4,2023-03-20 17:31:21,7.0,2135.0,False,2.747615340259009,6.025617505933621,1.3976127914873456e-05,16.01870053000797,38.93627270815112,0.6626904505538052
10.0,272.0,25.0,100.0,255.0,120.0,30.1,66.3,2023-03-20 17:31:27,6.0,2141.0,False,2.749276948339839,6.839201285790898,1.39835105822666e-05,16.028110134086678,38.95231440051267,0.6535042724509105
10.0,262.0,25.0,100.0,260.0,122.0,30.1,66.3,2023-03-20 17:31:33,6.0,2147.0,False,2.749276948339839,6.158002451879007,1.39835105822666e-05,16.028110134086678,40.53879170802857,0.6723684011066741
10.0,274.0,25.0,100.0,255.0,120.0,30.1,66.3,2023-03-20 17:31:40,7.0,2154.0,False,2.749276948339839,6.982142792519443,1.39835105822666e-05,16.028110134086678,38.95231440051267,0.6535042724509105
10.0,265.0,25.0,100.0,260.0,125.0,30.1,66.2,2023-03-20 17:31:46,6.0,2160.0,False,2.7509392100319747,6.359397735398075,1.3990895589031497e-05,16.03752327649979,40.555490108017395,0.7013914321447916
10.0,260.0,25.0,100.0,255.0,120.0,30.1,66.2,2023-03-20 17:31:53,7.0,2167.0,False,2.7509392100319747,6.0308888052989476,1.3990895589031497e-05,16.03752327649979,38.96835931203925,0.6537138138495783
10.0,272.0,25.0,100.0,255.0,122.0,30.1,66.2,2023-03-20 17:31:59,6.0,2173.0,False,2.7509392100319747,6.842191833141525,1.3990895589031497e-05,16.03752327649979,38.96835931203925,0.6725839911511882
10.0,269.0,25.0,100.0,255.0,119.0,30.1,66.2,2023-03-20 17:32:06,7.0,2180.0,False,2.7509392100319747,6.631943507740857,1.3990895589031497e-05,16.03752327649979,38.96835931203925,0.6443786545339708
9.0,,92.0,,,,,,2023-03-20 17:32:12,6.0,2186.0,False,2.0785073812759505,6.748426864946267,0.0004416210176114737,16.416957096129213,39.61279509903053,0.6573782647124231
10.0,269.0,25.0,100.0,255.0,120.0,30.1,66.2,2023-03-20 17:32:18,6.0,2192.0,False,2.7509392100319747,6.631943507740857,1.3990895589031497e-05,16.03752327649979,38.96835931203925,0.6537138138495783
10.0,265.0,25.0,100.0,252.0,120.0,30.1,66.1,2023-03-20 17:32:25,7.0,2199.0,False,2.7526021254544126,6.362177893889546,1.3998282935415182e-05,16.046939957830205,38.04813533569161,0.6539233781705103
10.0,265.0,25.0,100.0,255.0,121.0,30.1,66.1,2023-03-20 17:32:31,6.0,2205.0,False,2.7526021254544126,6.362177893889546,1.3998282935415182e-05,16.046939957830205,38.98440744269688,0.6633281156316221
10.0,262.0,25.0,100.0,257.0,119.0,30.1,66.0,2023-03-20 17:32:38,7.0,2212.0,False,2.754265694726152,6.166082324984794,1.400567262166467e-05,16.056360178660835,39.631725778571514,0.6447918205306395
10.0,272.0,25.0,100.0,255.0,121.0,30.1,66.0,2023-03-20 17:32:44,6.0,2218.0,False,2.754265694726152,6.848174955250426,1.400567262166467e-05,16.056360178660835,39.000458792451546,0.663540717159849
10.0,265.0,25.0,100.0,255.0,119.0,30.1,66.0,2023-03-20 17:32:51,7.0,2225.0,False,2.754265694726152,6.364958680504239,1.400567262166467e-05,16.056360178660835,39.000458792451546,0.6447918205306395
10.0,265.0,25.0,100.0,255.0,120.0,30.1,65.9,2023-03-20 17:32:57,6.0,2231.0,False,2.7559299179661845,6.367740095251434,1.4013064648026964e-05,16.06578393957454,39.01651336126932,0.6543425755698362
10.0,265.0,25.0,100.0,255.0,120.0,30.1,65.9,2023-03-20 17:33:03,6.0,2237.0,False,2.7559299179661845,6.367740095251434,1.4013064648026964e-05,16.06578393957454,39.01651336126932,0.6543425755698362
10.0,265.0,25.0,100.0,255.0,121.0,30.1,65.9,2023-03-20 17:33:10,7.0,2244.0,False,2.7559299179661845,6.367740095251434,1.4013064648026964e-05,16.06578393957454,39.01651336126932,0.6637533419352765
10.0,265.0,25.0,100.0,255.0,119.0,30.1,65.8,2023-03-20 17:33:16,6.0,2250.0,False,2.7575947952935,6.37052213814041,1.402045901474902e-05,16.07521124115415,39.03257114911618,0.6452050768886357
10.0,260.0,25.0,100.0,250.0,120.0,30.1,65.8,2023-03-20 17:33:23,7.0,2257.0,False,2.7575947952935,6.0414385521076674,1.402045901474902e-05,16.07521124115415,37.47700779050745,0.6545522086435669
10.0,265.0,25.0,100.0,257.0,122.0,30.1,65.7,2023-03-20 17:33:29,6.0,2263.0,False,2.7592603268270848,6.373304809180448,1.4027855722077783e-05,16.08464208398251,39.6806788830077,0.6736622950848812
10.0,262.0,25.0,100.0,257.0,122.0,30.1,65.7,2023-03-20 17:33:36,7.0,2270.0,False,2.7592603268270848,6.174167674646223,1.4027855722077783e-05,16.08464208398251,39.6806788830077,0.6736622950848812
10.0,265.0,25.0,100.0,255.0,122.0,30.1,65.7,2023-03-20 17:33:42,6.0,2276.0,False,2.7592603268270848,6.373304809180448,1.4027855722077783e-05,16.08464208398251,39.048632155958195,0.6736622950848812
10.0,255.0,25.0,100.0,257.0,120.0,30.1,65.7,2023-03-20 17:33:48,6.0,2282.0,False,2.7592603268270848,5.727979225098768,1.4027855722077783e-05,16.08464208398251,39.6806788830077,0.6547618646302352
10.0,265.0,25.0,100.0,255.0,120.0,30.1,65.6,2023-03-20 17:33:55,7.0,2289.0,False,2.7609265126859213,6.376088108380821,1.403525477026016e-05,16.094076468642353,39.06469638176138,0.6549715435275107
10.0,272.0,25.0,100.0,255.0,121.0,30.1,65.6,2023-03-20 17:34:01,6.0,2295.0,False,2.7609265126859213,6.860149309378461,1.403525477026016e-05,16.094076468642353,39.06469638176138,0.6643913557211183
10.0,265.0,25.0,100.0,243.0,119.0,30.1,65.6,2023-03-20 17:34:08,7.0,2302.0,False,2.7609265126859213,6.376088108380821,1.403525477026016e-05,16.094076468642353,35.38541654438563,0.6456184235895779
10.0,262.0,25.0,100.0,257.0,119.0,30.1,65.6,2023-03-20 17:34:14,6.0,2308.0,False,2.7609265126859213,6.176864008254348,1.403525477026016e-05,16.094076468642353,39.69700312665994,0.6456184235895779
10.0,265.0,25.0,100.0,257.0,122.0,30.1,65.6,2023-03-20 17:34:21,7.0,2315.0,False,2.7609265126859213,6.376088108380821,1.403525477026016e-05,16.094076468642353,39.69700312665994,0.6738780265970538
10.0,265.0,25.0,100.0,255.0,122.0,30.1,65.5,2023-03-20 17:34:27,6.0,2321.0,False,2.762593352988987,6.378872035750806,1.404265615954303e-05,16.103514395716488,39.08076382649182,0.6740937816787779
10.0,262.0,25.0,100.0,255.0,122.0,30.1,65.5,2023-03-20 17:34:33,6.0,2327.0,False,2.762593352988987,6.179560950404606,1.404265615954303e-05,16.103514395716488,39.08076382649182,0.6740937816787779
10.0,260.0,25.0,100.0,252.0,120.0,30.1,65.4,2023-03-20 17:34:40,7.0,2334.0,False,2.764260847855258,6.051997830156525,1.4050059890173268e-05,16.112955865787615,38.15786227002722,0.6553909700445695
10.0,265.0,25.0,100.0,255.0,120.0,30.1,65.4,2023-03-20 17:34:46,6.0,2340.0,False,2.764260847855258,6.3816565912996746,1.4050059890173268e-05,16.112955865787615,39.096834490115555,0.6553909700445695
10.0,267.0,25.0,100.0,245.0,120.0,30.1,65.3,2023-03-20 17:34:53,7.0,2347.0,False,2.7659289974037087,6.520147515691958,1.4057465962397706e-05,16.122400879438445,36.02945804022902,0.6556007176596965
10.0,260.0,25.0,100.0,255.0,121.0,30.1,65.3,2023-03-20 17:34:59,6.0,2353.0,False,2.7659289974037087,6.0546391389909795,1.4057465962397706e-05,16.122400879438445,39.11290837259865,0.6650295786466764
10.0,255.0,25.0,100.0,255.0,119.0,30.2,65.3,2023-03-20 17:35:06,7.0,2360.0,False,2.761759851024487,5.731731653393287,1.40389551722486e-05,16.098794989341208,39.07272970176281,0.6457217743787456
10.0,262.0,25.0,100.0,243.0,120.0,30.1,65.2,2023-03-20 17:35:12,6.0,2366.0,False,2.767597801753306,6.187655428198008,1.4064874376463143e-05,16.13184943725166,35.4436506154407,0.6558104881761189
10.0,267.0,25.0,100.0,250.0,121.0,30.2,65.3,2023-03-20 17:35:18,6.0,2372.0,False,2.761759851024487,6.5130377567022695,1.40389551722486e-05,16.098794989341208,37.51556590610387,0.6644977116868421
10.0,265.0,25.0,100.0,247.0,119.0,30.2,65.2,2023-03-20 17:35:25,7.0,2379.0,False,2.7634270185942866,6.3802642350023,1.4046357732174306e-05,16.108234687840998,36.61267125424273,0.6459284928917916
10.0,265.0,25.0,100.0,255.0,122.0,30.2,65.2,2023-03-20 17:35:31,6.0,2385.0,False,2.7634270185942866,6.3802642350023,1.4046357732174306e-05,16.108234687840998,39.08879875594414,0.6742016680574731
10.0,265.0,25.0,100.0,247.0,120.0,30.1,65.1,2023-03-20 17:35:38,7.0,2392.0,False,2.7692672610230153,6.390014027112291,1.4072285132616367e-05,16.1413015398099,36.665373988340995,0.6560202815915105
10.0,269.0,25.0,100.0,255.0,120.0,30.1,65.1,2023-03-20 17:35:44,6.0,2398.0,False,2.7692672610230153,6.663871926989587,1.4072285132616367e-05,16.1413015398099,39.14506579400727,0.6560202815915105
10.0,265.0,25.0,100.0,247.0,122.0,30.2,65.2,2023-03-20 17:35:51,7.0,2405.0,False,2.7634270185942866,6.3802642350023,1.4046357732174306e-05,16.108234687840998,36.61267125424273,0.6742016680574731
10.0,269.0,25.0,100.0,245.0,121.0,30.2,65.2,2023-03-20 17:35:57,6.0,2411.0,False,2.7634270185942866,6.653704286408504,1.4046357732174306e-05,16.108234687840998,36.00724909546469,0.6647104410454185
10.0,260.0,25.0,100.0,255.0,120.0,30.1,65.1,2023-03-20 17:36:03,6.0,2417.0,False,2.7692672610230153,6.05992354390812,1.4072285132616367e-05,16.1413015398099,39.14506579400727,0.6560202815915105
10.0,255.0,25.0,100.0,255.0,120.0,30.2,65.2,2023-03-20 17:36:10,7.0,2424.0,False,2.7634270185942866,5.734233977965563,1.4046357732174306e-05,16.108234687840998,39.08879875594414,0.655286104825719
10.0,269.0,25.0,100.0,247.0,121.0,30.2,65.2,2023-03-20 17:36:16,6.0,2430.0,False,2.7634270185942866,6.653704286408504,1.4046357732174306e-05,16.108234687840998,36.61267125424273,0.6647104410454185
10.0,262.0,25.0,100.0,255.0,119.0,30.2,65.2,2023-03-20 17:36:23,7.0,2437.0,False,2.7634270185942866,6.180909649685842,1.4046357732174306e-05,16.108234687840998,39.08879875594414,0.6459284928917916
10.0,274.0,25.0,100.0,252.0,120.0,30.1,65.1,2023-03-20 17:36:29,6.0,2443.0,False,2.7692672610230153,7.018824938748401,1.4072285132616367e-05,16.1413015398099,38.20493522299149,0.6560202815915105
10.0,265.0,25.0,100.0,255.0,122.0,30.2,65.2,2023-03-20 17:36:36,7.0,2450.0,False,2.7634270185942866,6.3802642350023,1.4046357732174306e-05,16.108234687840998,39.08879875594414,0.6742016680574731
10.0,260.0,25.0,100.0,252.0,122.0,30.2,65.2,2023-03-20 17:36:42,6.0,2456.0,False,2.7634270185942866,6.050677399141478,1.4046357732174306e-05,16.108234687840998,38.150019526701584,0.6742016680574731
10.0,265.0,25.0,100.0,255.0,120.0,30.2,65.2,2023-03-20 17:36:48,6.0,2462.0,False,2.7634270185942866,6.3802642350023,1.4046357732174306e-05,16.108234687840998,39.08879875594414,0.655286104825719
10.0,262.0,25.0,100.0,250.0,120.0,30.2,65.2,2023-03-20 17:36:55,7.0,2469.0,False,2.7634270185942866,6.180909649685842,1.4046357732174306e-05,16.108234687840998,37.53099456096854,0.655286104825719
10.0,260.0,25.0,100.0,255.0,121.0,30.2,65.2,2023-03-20 17:37:01,6.0,2475.0,False,2.7634270185942866,6.050677399141478,1.4046357732174306e-05,16.108234687840998,39.08879875594414,0.6647104410454185
10.0,262.0,25.0,100.0,255.0,120.0,30.1,65.2,2023-03-20 17:37:08,7.0,2482.0,False,2.767597801753306,6.187655428198008,1.4064874376463143e-05,16.13184943725166,39.12898547390721,0.6558104881761189
10.0,267.0,25.0,100.0,255.0,120.0,30.2,65.3,2023-03-20 17:37:14,6.0,2488.0,False,2.761759851024487,6.5130377567022695,1.40389551722486e-05,16.098794989341208,39.07272970176281,0.6550763915668986
10.0,257.0,25.0,100.0,245.0,120.0,30.2,65.4,2023-03-20 17:37:27,13.0,2501.0,False,2.76009333795841,5.854149559159238,1.4031554953546834e-05,16.089358833547056,35.97764754704177,0.6548667012151924
10.0,260.0,25.0,100.0,252.0,120.0,30.2,65.4,2023-03-20 17:37:33,6.0,2507.0,False,2.76009333795841,6.045397164403544,1.4031554953546834e-05,16.089358833547056,38.11865640736524,0.6548667012151924
10.0,265.0,25.0,100.0,247.0,119.0,30.2,65.5,2023-03-20 17:37:40,7.0,2514.0,False,2.758427479277071,6.371913395140968,1.4024157075822128e-05,16.079926219875805,36.567526878090696,0.6453084050949378
,,92.0,,,,,,2023-03-20 17:37:46,6.0,2520.0,False,2.817967004717604,6.136815246643597,0.0004416210176114737,16.416957096129213,37.567240428970145,0.6573782647124231
10.0,255.0,25.0,100.0,250.0,120.0,30.2,65.6,2023-03-20 17:37:53,7.0,2527.0,False,2.756762274861495,5.724228067055915,1.4016761538827586e-05,16.07049714774469,37.469298485403364,0.6544473892424387
10.0,262.0,25.0,100.0,260.0,123.0,30.2,65.6,2023-03-20 17:37:59,6.0,2533.0,False,2.756762274861495,6.170124315230882,1.4016761538827586e-05,16.07049714774469,40.6139608909025,0.682884794920317
10.0,253.0,25.0,100.0,252.0,121.0,30.1,65.6,2023-03-20 17:38:06,7.0,2540.0,False,2.7609265126859213,5.6075645828154235,1.403525477026016e-05,16.094076468642353,38.126496009096115,0.6643913557211183
10.0,272.0,25.0,100.0,247.0,121.0,30.2,65.7,2023-03-20 17:38:12,6.0,2546.0,False,2.7550977245926944,6.849671158161529,1.4009368342316284e-05,16.061071616570874,36.53744570261007,0.6636470266418104
10.0,267.0,25.0,100.0,252.0,119.0,30.2,65.8,2023-03-20 17:38:18,6.0,2552.0,False,2.753433828351682,6.498830267197267,1.4001977486041257e-05,16.05164962577156,38.055967868591914,0.6446885205593796
10.0,265.0,25.0,100.0,255.0,119.0,30.2,65.8,2023-03-20 17:38:25,7.0,2559.0,False,2.753433828351682,6.363568208680909,1.4001977486041257e-05,16.05164962577156,38.9924327151892,0.6446885205593796
10.0,265.0,25.0,100.0,243.0,121.0,30.2,65.9,2023-03-20 17:38:31,6.0,2565.0,False,2.7517705860194672,6.360787736128986,1.3994588969755548e-05,16.04223117476389,35.30542087118454,0.6632218235859483
10.0,262.0,25.0,100.0,247.0,123.0,30.2,65.9,2023-03-20 17:38:38,7.0,2572.0,False,2.7517705860194672,6.16204170387762,1.3994588969755548e-05,16.04223117476389,36.50737658765625,0.6822286760310557
10.0,272.0,25.0,100.0,255.0,120.0,30.2,65.9,2023-03-20 17:38:44,6.0,2578.0,False,2.7517705860194672,6.843687360240918,1.3994588969755548e-05,16.04223117476389,38.97638297497881,0.653818593144907
10.0,265.0,25.0,100.0,247.0,122.0,30.2,65.9,2023-03-20 17:38:51,7.0,2585.0,False,2.7517705860194672,6.360787736128986,1.3994588969755548e-05,16.04223117476389,36.50737658765625,0.6726917950175731
10.0,265.0,25.0,100.0,257.0,120.0,30.2,66.0,2023-03-20 17:38:57,6.0,2591.0,False,2.750107997477055,6.358007891695641,1.3987202793212134e-05,16.032816262964996,39.59095401411028,0.6536090402848156
10.0,262.0,25.0,100.0,245.0,120.0,30.2,65.9,2023-03-20 17:39:03,6.0,2597.0,False,2.7517705860194672,6.16204170387762,1.3994588969755548e-05,16.04223117476389,35.903695567182766,0.653818593144907
10.0,272.0,25.0,100.0,255.0,120.0,30.2,65.9,2023-03-20 17:39:10,7.0,2604.0,False,2.7517705860194672,6.843687360240918,1.3994588969755548e-05,16.04223117476389,38.97638297497881,0.653818593144907
10.0,267.0,25.0,100.0,250.0,122.0,30.2,65.9,2023-03-20 17:39:16,6.0,2610.0,False,2.7517705860194672,6.495990693771639,1.3994588969755548e-05,16.04223117476389,37.42305888122766,0.6726917950175731
10.0,269.0,25.0,100.0,255.0,121.0,30.2,65.8,2023-03-20 17:39:23,7.0,2617.0,False,2.753433828351682,6.63629271569468,1.4001977486041257e-05,16.05164962577156,38.9924327151892,0.6634344134896875
10.0,260.0,25.0,100.0,247.0,120.0,30.2,65.8,2023-03-20 17:39:29,6.0,2623.0,False,2.753433828351682,6.034843843445761,1.4001977486041257e-05,16.05164962577156,36.522409637551405,0.6540281689260962
10.0,265.0,25.0,100.0,255.0,119.0,30.2,65.8,2023-03-20 17:39:36,7.0,2630.0,False,2.753433828351682,6.363568208680909,1.4001977486041257e-05,16.05164962577156,38.9924327151892,0.6446885205593796
10.0,265.0,25.0,100.0,247.0,120.0,30.2,65.7,2023-03-20 17:39:42,6.0,2636.0,False,2.7550977245926944,6.366349309360693,1.4009368342316284e-05,16.061071616570874,36.53744570261007,0.6542377676260507
10.0,269.0,25.0,100.0,250.0,120.0,30.2,65.6,2023-03-20 17:39:48,6.0,2642.0,False,2.756762274861495,6.642093952305503,1.4016761538827586e-05,16.07049714774469,37.469298485403364,0.6544473892424387
10.0,267.0,25.0,100.0,247.0,120.0,30.2,65.6,2023-03-20 17:39:55,7.0,2649.0,False,2.756762274861495,6.504511338495468,1.4016761538827586e-05,16.07049714774469,36.55248478280044,0.6544473892424387
10.0,262.0,25.0,100.0,252.0,122.0,30.2,65.6,2023-03-20 17:40:01,6.0,2655.0,False,2.756762274861495,6.170124315230882,1.4016761538827586e-05,16.07049714774469,38.08730585457364,0.6733387420147733
10.0,269.0,25.0,100.0,250.0,123.0,30.2,65.5,2023-03-20 17:40:08,7.0,2662.0,False,2.758427479277071,6.644995553206571,1.4024157075822128e-05,16.079926219875805,37.4847178682887,0.6831035490395381
10.0,260.0,25.0,100.0,255.0,122.0,30.2,65.5,2023-03-20 17:40:14,6.0,2668.0,False,2.758427479277071,6.042757940612533,1.4024157075822128e-05,16.079926219875805,39.04060125016491,0.6735544381681253
9.0,,92.0,140.8,277.0,128.0,,,2023-03-20 17:40:21,7.0,2675.0,False,2.0785073812759505,6.5395901233906235,0.0004416210176114737,43.50138384415975,46.973542556471955,0.7401967415039789
10.0,272.0,25.0,100.0,250.0,121.0,30.2,65.5,2023-03-20 17:40:27,6.0,2681.0,False,2.758427479277071,6.8556576593788945,1.4024157075822128e-05,16.079926219875805,37.4847178682887,0.6640723226817461
10.0,262.0,25.0,100.0,255.0,121.0,30.2,65.4,2023-03-20 17:40:33,6.0,2687.0,False,2.76009333795841,6.1755157653830794,1.4031554953546834e-05,16.089358833547056,39.056663866491746,0.6642850055648306
10.0,262.0,25.0,100.0,255.0,120.0,30.2,65.4,2023-03-20 17:40:40,7.0,2694.0,False,2.76009333795841,6.1755157653830794,1.4031554953546834e-05,16.089358833547056,39.056663866491746,0.6548667012151924
10.0,265.0,25.0,100.0,250.0,119.0,30.2,65.4,2023-03-20 17:40:46,6.0,2700.0,False,2.76009333795841,6.374696380260012,1.4031554953546834e-05,16.089358833547056,37.50014034186641,0.6455150784456957
10.0,260.0,25.0,100.0,255.0,120.0,30.2,65.3,2023-03-20 17:40:53,7.0,2707.0,False,2.761759851024487,6.04803698391026,1.40389551722486e-05,16.098794989341208,39.07272970176281,0.6550763915668986
10.0,269.0,25.0,100.0,243.0,118.0,30.2,65.3,2023-03-20 17:40:59,6.0,2713.0,False,2.761759851024487,6.650800720248398,1.40389551722486e-05,16.098794989341208,35.392693252022276,0.636433696148822
10.0,262.0,25.0,100.0,252.0,120.0,30.2,65.2,2023-03-20 17:41:06,7.0,2720.0,False,2.7634270185942866,6.180909649685842,1.4046357732174306e-05,16.108234687840998,38.150019526701584,0.655286104825719
10.0,265.0,25.0,100.0,250.0,119.0,30.2,65.2,2023-03-20 17:41:12,6.0,2726.0,False,2.7634270185942866,6.3802642350023,1.4046357732174306e-05,16.108234687840998,37.53099456096854,0.6459284928917916
10.0,262.0,25.0,100.0,255.0,120.0,30.2,65.2,2023-03-20 17:41:18,6.0,2732.0,False,2.7634270185942866,6.180909649685842,1.4046357732174306e-05,16.108234687840998,39.08879875594414,0.655286104825719
10.0,255.0,25.0,100.0,255.0,120.0,30.2,65.2,2023-03-20 17:41:25,7.0,2739.0,False,2.7634270185942866,5.734233977965563,1.4046357732174306e-05,16.108234687840998,39.08879875594414,0.655286104825719
10.0,269.0,25.0,100.0,255.0,120.0,30.2,65.2,2023-03-20 17:41:31,6.0,2745.0,False,2.7634270185942866,6.653704286408504,1.4046357732174306e-05,16.108234687840998,39.08879875594414,0.655286104825719
10.0,,92.0,,,,,,2023-03-20 17:41:38,7.0,2752.0,False,2.817967004717604,6.43705323615945,0.0004416210176114737,16.416957096129213,39.61279509903053,0.6621142412592479
10.0,260.0,25.0,100.0,255.0,120.0,30.2,65.2,2023-03-20 17:41:44,6.0,2758.0,False,2.7634270185942866,6.050677399141478,1.4046357732174306e-05,16.108234687840998,39.08879875594414,0.655286104825719
10.0,262.0,25.0,100.0,255.0,119.0,30.2,65.1,2023-03-20 17:41:51,7.0,2765.0,False,2.765094840786775,6.183607504666145,1.4053762633570785e-05,16.117677929629146,39.10487102900181,0.646135233982539
9.0,262.0,92.0,,,,,,2023-03-20 17:41:57,6.0,2771.0,False,2.0785073812759505,6.268901492203268,0.0004416210176114737,16.416957096129213,39.135554479836024,0.6573782647124231
10.0,265.0,25.0,100.0,252.0,120.0,30.2,65.1,2023-03-20 17:42:03,6.0,2777.0,False,2.765094840786775,6.383049104644088,1.4053762633570785e-05,16.117677929629146,38.16570579874122,0.6554958409893256
10.0,267.0,25.0,100.0,243.0,120.0,30.2,65.0,2023-03-20 17:42:10,7.0,2784.0,False,2.766763317720928,6.521569948647811,1.406116987668487e-05,16.127124715288332,35.43636880534048,0.655705600055391
10.0,260.0,25.0,100.0,255.0,121.0,30.2,65.1,2023-03-20 17:42:16,6.0,2790.0,False,2.765094840786775,6.053318410105991,1.4053762633570785e-05,16.117677929629146,39.10487102900181,0.6649231936381981
10.0,262.0,25.0,100.0,255.0,121.0,30.2,65.0,2023-03-20 17:42:23,7.0,2797.0,False,2.766763317720928,6.186305968211034,1.406116987668487e-05,16.127124715288332,39.120946520901875,0.6651359694628199
10.0,265.0,25.0,100.0,247.0,120.0,30.2,65.0,2023-03-20 17:42:29,6.0,2803.0,False,2.766763317720928,6.385834602478665,1.406116987668487e-05,16.127124715288332,36.64278257992723,0.655705600055391
10.0,269.0,25.0,100.0,243.0,120.0,30.2,65.0,2023-03-20 17:42:36,7.0,2810.0,False,2.766763317720928,6.6595133840554395,1.406116987668487e-05,16.127124715288332,35.43636880534048,0.655705600055391
10.0,269.0,25.0,100.0,245.0,122.0,30.2,65.0,2023-03-20 17:42:42,6.0,2816.0,False,2.766763317720928,6.6595133840554395,1.406116987668487e-05,16.127124715288332,36.036862504357664,0.6746332724841565
10.0,267.0,25.0,100.0,255.0,120.0,30.2,64.9,2023-03-20 17:42:48,6.0,2822.0,False,2.7684324495157115,6.524415295726895,1.4068579461763357e-05,16.13657504540123,39.13702523161041,0.6559153820215888
10.0,272.0,25.0,100.0,243.0,120.0,30.2,64.9,2023-03-20 17:42:55,7.0,2829.0,False,2.7684324495157115,6.873633383610007,1.4068579461763357e-05,16.13657504540123,35.450933154448904,0.6559153820215888
10.0,260.0,25.0,100.0,250.0,120.0,30.2,64.9,2023-03-20 17:43:01,6.0,2835.0,False,2.7684324495157115,6.0586022192700595,1.4068579461763357e-05,16.13657504540123,37.577299068999764,0.6559153820215888
10.0,260.0,25.0,100.0,255.0,119.0,30.2,64.9,2023-03-20 17:43:08,7.0,2842.0,False,2.7684324495157115,6.0586022192700595,1.4068579461763357e-05,16.13657504540123,39.13702523161041,0.6465487838879626
10.0,265.0,25.0,100.0,257.0,119.0,30.2,64.9,2023-03-20 17:43:14,6.0,2848.0,False,2.7684324495157115,6.388620728515302,1.4068579461763357e-05,16.13657504540123,39.7705027015842,0.6465487838879626
10.0,260.0,25.0,100.0,255.0,120.0,30.2,65.0,2023-03-20 17:43:21,7.0,2855.0,False,2.766763317720928,6.055960016812588,1.406116987668487e-05,16.127124715288332,39.120946520901875,0.655705600055391
10.0,267.0,25.0,100.0,250.0,121.0,30.2,64.9,2023-03-20 17:43:27,6.0,2861.0,False,2.7684324495157115,6.524415295726895,1.4068579461763357e-05,16.13657504540123,37.577299068999764,0.6653487685169244
10.0,269.0,25.0,100.0,243.0,119.0,30.2,65.0,2023-03-20 17:43:33,6.0,2867.0,False,2.766763317720928,6.6595133840554395,1.406116987668487e-05,16.127124715288332,35.43636880534048,0.6463419976486937
10.0,260.0,25.0,100.0,252.0,120.0,30.2,65.0,2023-03-20 17:43:40,7.0,2874.0,False,2.766763317720928,6.055960016812588,1.406116987668487e-05,16.127124715288332,38.181395212317675,0.655705600055391
10.0,269.0,25.0,100.0,243.0,122.0,30.2,65.0,2023-03-20 17:43:46,6.0,2880.0,False,2.766763317720928,6.6595133840554395,1.406116987668487e-05,16.127124715288332,35.43636880534048,0.6746332724841565
10.0,272.0,25.0,100.0,252.0,120.0,30.2,65.0,2023-03-20 17:43:53,7.0,2887.0,False,2.766763317720928,6.870635739869644,1.406116987668487e-05,16.127124715288332,38.181395212317675,0.655705600055391
10.0,265.0,25.0,100.0,257.0,120.0,30.2,65.0,2023-03-20 17:43:59,6.0,2893.0,False,2.766763317720928,6.385834602478665,1.406116987668487e-05,16.127124715288332,39.75416373857186,0.655705600055391
10.0,274.0,25.0,100.0,243.0,120.0,30.2,65.0,2023-03-20 17:44:06,7.0,2900.0,False,2.766763317720928,7.014234236799447,1.406116987668487e-05,16.127124715288332,35.43636880534048,0.655705600055391
10.0,267.0,25.0,100.0,255.0,119.0,30.2,65.1,2023-03-20 17:44:12,6.0,2906.0,False,2.765094840786775,6.518725243123656,1.4053762633570785e-05,16.117677929629146,39.10487102900181,0.646135233982539
10.0,272.0,25.0,100.0,247.0,120.0,30.2,65.1,2023-03-20 17:44:18,6.0,2912.0,False,2.765094840786775,6.867638772023319,1.4053762633570785e-05,16.117677929629146,36.62772540961452,0.6554958409893256
10.0,269.0,25.0,100.0,245.0,120.0,30.2,65.1,2023-03-20 17:44:25,7.0,2919.0,False,2.765094840786775,6.656608507674295,1.4053762633570785e-05,16.117677929629146,36.022054317368045,0.6554958409893256
10.0,272.0,25.0,100.0,245.0,121.0,30.2,65.1,2023-03-20 17:44:31,6.0,2925.0,False,2.765094840786775,6.867638772023319,1.4053762633570785e-05,16.117677929629146,36.022054317368045,0.6649231936381981
10.0,269.0,25.0,100.0,247.0,119.0,30.2,65.1,2023-03-20 17:44:38,7.0,2932.0,False,2.765094840786775,6.656608507674295,1.4053762633570785e-05,16.117677929629146,36.62772540961452,0.646135233982539
10.0,255.0,25.0,100.0,255.0,120.0,30.2,65.2,2023-03-20 17:44:44,6.0,2938.0,False,2.7634270185942866,5.734233977965563,1.4046357732174306e-05,16.108234687840998,39.08879875594414,0.655286104825719
10.0,272.0,25.0,100.0,247.0,120.0,30.2,65.2,2023-03-20 17:44:51,7.0,2945.0,False,2.7634270185942866,6.864642480061055,1.4046357732174306e-05,16.108234687840998,36.61267125424273,0.655286104825719
10.0,265.0,25.0,100.0,243.0,122.0,30.2,65.2,2023-03-20 17:44:57,6.0,2951.0,False,2.7634270185942866,6.3802642350023,1.4046357732174306e-05,16.108234687840998,35.40724885409644,0.6742016680574731
10.0,272.0,25.0,100.0,245.0,120.0,30.2,65.1,2023-03-20 17:45:03,6.0,2957.0,False,2.765094840786775,6.867638772023319,1.4053762633570785e-05,16.117677929629146,36.022054317368045,0.6554958409893256
9.0,260.0,925.0,,,,,,2023-03-20 17:45:10,7.0,2964.0,False,2.0785073812759505,6.136815246643597,39.37708026076351,16.416957096129213,38.03410810060762,0.6621142412592479
10.0,267.0,25.0,100.0,255.0,120.0,30.2,65.1,2023-03-20 17:45:16,6.0,2970.0,False,2.765094840786775,6.518725243123656,1.4053762633570785e-05,16.117677929629146,39.10487102900181,0.6554958409893256
10.0,262.0,25.0,100.0,255.0,123.0,30.2,65.1,2023-03-20 17:45:23,7.0,2977.0,False,2.765094840786775,6.183607504666145,1.4053762633570785e-05,16.117677929629146,39.10487102900181,0.6839788045655928
10.0,265.0,25.0,100.0,250.0,120.0,30.2,65.1,2023-03-20 17:45:29,6.0,2983.0,False,2.765094840786775,6.383049104644088,1.4053762633570785e-05,16.117677929629146,37.54642630642779,0.6554958409893256
10.0,262.0,25.0,100.0,255.0,120.0,30.2,65.1,2023-03-20 17:45:36,7.0,2990.0,False,2.765094840786775,6.183607504666145,1.4053762633570785e-05,16.117677929629146,39.10487102900181,0.6554958409893256
10.0,265.0,25.0,100.0,247.0,121.0,30.2,65.1,2023-03-20 17:45:42,6.0,2996.0,False,2.765094840786775,6.383049104644088,1.4053762633570785e-05,16.117677929629146,36.62772540961452,0.6649231936381981
10.0,274.0,25.0,100.0,240.0,119.0,30.2,65.0,2023-03-20 17:45:49,7.0,3003.0,False,2.766763317720928,7.014234236799447,1.406116987668487e-05,16.127124715288332,34.54577883122393,0.6463419976486937
10.0,265.0,25.0,100.0,250.0,121.0,30.2,65.0,2023-03-20 17:45:55,6.0,3009.0,False,2.766763317720928,6.385834602478665,1.406116987668487e-05,16.127124715288332,37.561861142449054,0.6651359694628199
10.0,269.0,25.0,100.0,243.0,122.0,30.2,65.0,2023-03-20 17:46:01,6.0,3015.0,False,2.766763317720928,6.6595133840554395,1.406116987668487e-05,16.127124715288332,35.43636880534048,0.6746332724841565
10.0,272.0,25.0,100.0,240.0,120.0,30.2,65.0,2023-03-20 17:46:08,7.0,3022.0,False,2.766763317720928,6.870635739869644,1.406116987668487e-05,16.127124715288332,34.54577883122393,0.655705600055391
10.0,265.0,25.0,100.0,247.0,121.0,30.2,65.0,2023-03-20 17:46:14,6.0,3028.0,False,2.766763317720928,6.385834602478665,1.406116987668487e-05,16.127124715288332,36.64278257992723,0.6651359694628199
10.0,262.0,25.0,100.0,243.0,119.0,30.2,64.9,2023-03-20 17:46:21,7.0,3035.0,False,2.7684324495157115,6.1890050403294925,1.4068579461763357e-05,16.13657504540123,35.450933154448904,0.6465487838879626
10.0,272.0,25.0,100.0,250.0,122.0,30.2,64.9,2023-03-20 17:46:27,6.0,3041.0,False,2.7684324495157115,6.873633383610007,1.4068579461763357e-05,16.13657504540123,37.577299068999764,0.6748491100404505
10.0,260.0,25.0,100.0,252.0,122.0,30.2,64.9,2023-03-20 17:46:34,7.0,3048.0,False,2.7684324495157115,6.0586022192700595,1.4068579461763357e-05,16.13657504540123,38.19708776739784,0.6748491100404505
10.0,262.0,25.0,100.0,255.0,121.0,30.2,64.9,2023-03-20 17:46:40,6.0,3054.0,False,2.7684324495157115,6.1890050403294925,1.4068579461763357e-05,16.13657504540123,39.13702523161041,0.6653487685169244
10.0,267.0,25.0,100.0,245.0,119.0,30.2,64.9,2023-03-20 17:46:46,6.0,3060.0,False,2.7684324495157115,6.524415295726895,1.4068579461763357e-05,16.13657504540123,36.0516736564023,0.6465487838879626
10.0,272.0,25.0,100.0,250.0,120.0,30.2,64.9,2023-03-20 17:46:53,7.0,3067.0,False,2.7684324495157115,6.873633383610007,1.4068579461763357e-05,16.13657504540123,37.577299068999764,0.6559153820215888
10.0,267.0,25.0,100.0,235.0,119.0,30.2,64.8,2023-03-20 17:46:59,6.0,3073.0,False,2.770102236290087,6.527261284370372,1.4075991389053003e-05,16.14602892055047,33.11564136367577,0.6467555926980526
10.0,274.0,25.0,100.0,247.0,120.0,30.2,64.8,2023-03-20 17:47:06,7.0,3080.0,False,2.770102236290087,7.02035551774754,1.4075991389053003e-05,16.14602892055047,36.672905965248304,0.656125186885593
10.0,267.0,25.0,100.0,243.0,121.0,30.2,64.8,2023-03-20 17:47:12,6.0,3086.0,False,2.770102236290087,6.527261284370372,1.4075991389053003e-05,16.14602892055047,35.46550041917397,0.6655615907981521
10.0,265.0,25.0,100.0,245.0,120.0,30.2,64.8,2023-03-20 17:47:19,7.0,3093.0,False,2.770102236290087,6.391407482763267,1.4075991389053003e-05,16.14602892055047,36.06648777347072,0.656125186885593
10.0,255.0,25.0,100.0,250.0,121.0,30.2,64.8,2023-03-20 17:47:25,6.0,3099.0,False,2.770102236290087,5.744248922109298,1.4075991389053003e-05,16.14602892055047,37.59274008604736,0.6655615907981521
10.0,269.0,25.0,100.0,243.0,122.0,30.2,64.7,2023-03-20 17:47:31,6.0,3105.0,False,2.7717726781630154,6.668231943987642,1.4083405658800578e-05,16.15548634131868,35.480070599484975,0.6752808558269775
10.0,265.0,25.0,100.0,243.0,120.0,30.2,64.7,2023-03-20 17:47:38,7.0,3112.0,False,2.7717726781630154,6.394194865231822,1.4083405658800578e-05,16.15548634131868,35.480070599484975,0.6563350146450785
10.0,269.0,25.0,100.0,247.0,121.0,30.2,64.7,2023-03-20 17:47:44,6.0,3118.0,False,2.7717726781630154,6.668231943987642,1.4083405658800578e-05,16.15548634131868,36.68797218019314,0.6657744363041441
10.0,269.0,25.0,100.0,240.0,122.0,30.2,64.6,2023-03-20 17:47:51,7.0,3125.0,False,2.7734437752534546,6.671139440926836,1.4090822271252768e-05,16.16494730828843,34.60258915151331,0.6754967640524266
10.0,265.0,25.0,100.0,240.0,121.0,30.2,64.5,2023-03-20 17:47:57,6.0,3131.0,False,2.7751155276803563,6.399771514867745,1.4098241226656283e-05,16.17441182204226,34.61679883728872,0.6662001969809916
10.0,269.0,25.0,100.0,231.0,121.0,30.2,64.5,2023-03-20 17:48:04,7.0,3138.0,False,2.7751155276803563,6.674047593029696,1.4098241226656283e-05,16.17441182204226,32.0124286010264,0.6662001969809916
10.0,272.0,25.0,100.0,247.0,120.0,30.2,64.5,2023-03-20 17:48:10,6.0,3144.0,False,2.7751155276803563,6.885630717711173,1.4098241226656283e-05,16.17441182204226,36.7181136544927,0.656754738841197
9.0,,92.0,140.8,262.0,120.0,,64.0,2023-03-20 17:48:16,6.0,3150.0,False,2.049985302811698,6.542925690295751,0.00043632281697016106,42.92142976299133,41.48884119755518,0.6572795228320397
10.0,262.0,25.0,100.0,252.0,120.0,30.2,64.4,2023-03-20 17:48:23,7.0,3157.0,False,2.776787935562671,6.202509529839432,1.4105662525257782e-05,16.18387988316271,38.275597664196155,0.656964635273183
10.0,262.0,25.0,100.0,250.0,122.0,30.2,64.3,2023-03-20 17:48:29,6.0,3163.0,False,2.7784609990193427,6.20521225358775,1.4113086167303909e-05,16.19335149223228,37.66999152759944,0.6761446300288316
10.0,255.0,25.0,100.0,247.0,121.0,30.2,64.3,2023-03-20 17:48:36,7.0,3170.0,False,2.7784609990193427,5.75678030608645,1.4113086167303909e-05,16.19335149223228,36.748267187793786,0.6666260505286127
10.0,260.0,25.0,100.0,250.0,122.0,30.2,64.3,2023-03-20 17:48:42,6.0,3176.0,False,2.7784609990193427,6.074467945275258,1.4113086167303909e-05,16.19335149223228,37.66999152759944,0.6761446300288316
10.0,260.0,25.0,100.0,243.0,122.0,30.2,64.3,2023-03-20 17:48:49,7.0,3183.0,False,2.7784609990193427,6.074467945275258,1.4113086167303909e-05,16.19335149223228,35.53838047597419,0.6761446300288316
10.0,260.0,25.0,100.0,252.0,120.0,30.2,64.4,2023-03-20 17:48:55,6.0,3189.0,False,2.776787935562671,6.071822168128053,1.4105662525257782e-05,16.18387988316271,38.275597664196155,0.656964635273183
10.0,272.0,25.0,100.0,240.0,120.0,30.2,64.4,2023-03-20 17:49:01,6.0,3195.0,False,2.776787935562671,6.8886317410712214,1.4105662525257782e-05,16.18387988316271,34.631011365285524,0.656964635273183
10.0,260.0,25.0,100.0,243.0,122.0,30.2,64.4,2023-03-20 17:49:08,7.0,3202.0,False,2.776787935562671,6.071822168128053,1.4105662525257782e-05,16.18387988316271,35.52379863362649,0.6759286511557436
10.0,265.0,25.0,100.0,243.0,121.0,30.2,64.4,2023-03-20 17:49:14,6.0,3208.0,False,2.776787935562671,6.402560782053637,1.4105662525257782e-05,16.18387988316271,35.52379863362649,0.6664131121471332
9.0,,925.0,,,,,,2023-03-20 17:49:21,7.0,3215.0,False,2.0785073812759505,6.302259722940538,39.37708026076351,16.416957096129213,35.88189298512068,0.6621142412592479
10.0,260.0,25.0,100.0,243.0,119.0,30.2,64.5,2023-03-20 17:49:27,6.0,3221.0,False,2.7751155276803563,6.069176986784424,1.4098241226656283e-05,16.17441182204226,35.509219706741916,0.6473761545303358
10.0,265.0,25.0,100.0,255.0,122.0,30.2,64.5,2023-03-20 17:49:34,7.0,3228.0,False,2.7751155276803563,6.399771514867745,1.4098241226656283e-05,16.17441182204226,39.20137226185126,0.6757126958294788
10.0,269.0,25.0,100.0,233.0,120.0,30.2,64.6,2023-03-20 17:49:40,6.0,3234.0,False,2.7734437752534546,6.671139440926836,1.4090822271252768e-05,16.16494730828843,32.56838568583976,0.6565448652977213
10.0,265.0,25.0,100.0,240.0,116.0,30.3,64.8,2023-03-20 17:49:46,6.0,3240.0,False,2.7659289974037087,6.384441775036698,1.4057465962397706e-05,16.122400879438445,34.53868073881589,0.6185512083940725
10.0,262.0,25.0,100.0,250.0,119.0,30.3,64.9,2023-03-20 17:49:53,7.0,3247.0,False,2.764260847855258,6.18225850110598,1.4050059890173268e-05,16.112955865787615,37.53871004737587,0.6460318606150961
10.0,277.0,25.0,100.0,240.0,119.0,30.2,64.9,2023-03-20 17:49:59,6.0,3253.0,False,2.7684324495157115,7.237142965802601,1.4068579461763357e-05,16.13657504540123,34.55997714781456,0.6465487838879626
10.0,265.0,25.0,100.0,243.0,120.0,30.3,65.2,2023-03-20 17:50:06,7.0,3260.0,False,2.7592603268270848,6.373304809180448,1.4027855722077783e-05,16.08464208398251,35.370865315932335,0.6547618646302352
10.0,274.0,25.0,100.0,240.0,121.0,30.2,65.3,2023-03-20 17:50:12,6.0,3266.0,False,2.761759851024487,7.005057490505134,1.40389551722486e-05,16.098794989341208,34.50320093579819,0.6644977116868421
10.0,274.0,25.0,100.0,247.0,119.0,30.3,65.4,2023-03-20 17:50:19,7.0,3273.0,False,2.7559299179661845,6.9943591351107814,1.4013064648026964e-05,16.06578393957454,36.544964865815786,0.6449984374156209
10.0,265.0,25.0,100.0,255.0,121.0,30.2,65.4,2023-03-20 17:50:25,6.0,3279.0,False,2.76009333795841,6.374696380260012,1.4031554953546834e-05,16.089358833547056,39.056663866491746,0.6642850055648306
10.0,274.0,25.0,100.0,243.0,122.0,30.2,65.5,2023-03-20 17:50:31,6.0,3285.0,False,2.758427479277071,6.998943109608684,1.4024157075822128e-05,16.079926219875805,35.36359079512339,0.6735544381681253
10.0,265.0,25.0,100.0,255.0,120.0,30.3,65.6,2023-03-20 17:50:38,7.0,3292.0,False,2.7526021254544126,6.362177893889546,1.3998282935415182e-05,16.046939957830205,38.98440744269688,0.6539233781705103
10.0,277.0,25.0,100.0,247.0,122.0,30.2,65.6,2023-03-20 17:50:44,6.0,3298.0,False,2.756762274861495,7.215064698626171,1.4016761538827586e-05,16.07049714774469,36.55248478280044,0.6733387420147733
10.0,262.0,25.0,100.0,250.0,120.0,30.2,65.7,2023-03-20 17:50:51,7.0,3305.0,False,2.7550977245926944,6.167429502938779,1.4009368342316284e-05,16.061071616570874,37.453882193243004,0.6542377676260507
10.0,269.0,25.0,100.0,255.0,123.0,30.2,65.7,2023-03-20 17:50:57,6.0,3311.0,False,2.7550977245926944,6.639193006471432,1.4009368342316284e-05,16.061071616570874,39.00848567447967,0.6826660647108747
10.0,267.0,25.0,100.0,255.0,120.0,30.3,65.8,2023-03-20 17:51:04,7.0,3318.0,False,2.749276948339839,6.4917325363858716,1.39835105822666e-05,16.028110134086678,38.95231440051267,0.6535042724509105
10.0,269.0,25.0,100.0,247.0,119.0,30.2,65.8,2023-03-20 17:51:10,6.0,3324.0,False,2.753433828351682,6.63629271569468,1.4001977486041257e-05,16.05164962577156,36.522409637551405,0.6446885205593796
10.0,267.0,25.0,100.0,255.0,122.0,30.2,65.9,2023-03-20 17:51:16,6.0,3330.0,False,2.7517705860194672,6.495990693771639,1.3994588969755548e-05,16.04223117476389,38.97638297497881,0.6726917950175731
10.0,267.0,25.0,100.0,255.0,123.0,30.2,65.8,2023-03-20 17:51:23,7.0,3337.0,False,2.753433828351682,6.498830267197267,1.4001977486041257e-05,16.05164962577156,38.9924327151892,0.6824473584136431
10.0,274.0,25.0,100.0,255.0,121.0,30.3,65.8,2023-03-20 17:51:29,6.0,3343.0,False,2.749276948339839,6.982142792519443,1.39835105822666e-05,16.028110134086678,38.95231440051267,0.6629029823262335
10.0,277.0,25.0,100.0,255.0,122.0,30.3,65.7,2023-03-20 17:51:42,13.0,3356.0,False,2.7509392100319747,7.204038640461437,1.3990895589031497e-05,16.03752327649979,38.96835931203925,0.6725839911511882
10.0,274.0,25.0,100.0,255.0,122.0,30.3,65.7,2023-03-20 17:51:49,7.0,3363.0,False,2.7509392100319747,6.985195843271618,1.3990895589031497e-05,16.03752327649979,38.96835931203925,0.6725839911511882
10.0,269.0,25.0,100.0,243.0,119.0,30.2,65.7,2023-03-20 17:51:55,6.0,3369.0,False,2.7550977245926944,6.639193006471432,1.4009368342316284e-05,16.061071616570874,35.33450000142878,0.6448951261494824
10.0,277.0,25.0,100.0,245.0,122.0,30.2,65.6,2023-03-20 17:52:08,13.0,3382.0,False,2.756762274861495,7.215064698626171,1.4016761538827586e-05,16.07049714774469,35.948057859339066,0.6733387420147733
10.0,265.0,25.0,100.0,250.0,122.0,30.3,65.6,2023-03-20 17:52:14,6.0,3388.0,False,2.7526021254544126,6.362177893889546,1.3998282935415182e-05,16.046939957830205,37.43076355018313,0.6727996047796432
10.0,277.0,25.0,100.0,245.0,118.0,30.3,65.4,2023-03-20 17:52:21,7.0,3395.0,False,2.7559299179661845,7.21348901378873,1.4013064648026964e-05,16.06578393957454,35.94066229068023,0.6357207636827525
10.0,274.0,25.0,100.0,243.0,120.0,30.3,65.3,2023-03-20 17:52:27,6.0,3401.0,False,2.7575947952935,6.9974149456187025,1.402045901474902e-05,16.07521124115415,35.356317003264735,0.6545522086435669
10.0,262.0,25.0,100.0,255.0,120.0,30.3,65.2,2023-03-20 17:52:34,7.0,3408.0,False,2.7592603268270848,6.174167674646223,1.4027855722077783e-05,16.08464208398251,39.048632155958195,0.6547618646302352
10.0,265.0,25.0,100.0,255.0,120.0,30.3,65.3,2023-03-20 17:52:40,6.0,3414.0,False,2.7575947952935,6.37052213814041,1.402045901474902e-05,16.07521124115415,39.03257114911618,0.6545522086435669
10.0,274.0,25.0,100.0,243.0,120.0,30.3,65.2,2023-03-20 17:52:46,6.0,3420.0,False,2.7592603268270848,7.000471446091047,1.4027855722077783e-05,16.08464208398251,35.370865315932335,0.6547618646302352
10.0,274.0,25.0,100.0,238.0,120.0,30.2,64.9,2023-03-20 17:52:53,7.0,3427.0,False,2.7684324495157115,7.017294532258187,1.4068579461763357e-05,16.13657504540123,33.972760447153284,0.6559153820215888
10.0,262.0,25.0,100.0,252.0,120.0,30.2,64.9,2023-03-20 17:52:59,6.0,3433.0,False,2.7684324495157115,6.1890050403294925,1.4068579461763357e-05,16.13657504540123,38.19708776739784,0.6559153820215888
10.0,272.0,25.0,100.0,243.0,119.0,30.3,64.7,2023-03-20 17:53:06,7.0,3440.0,False,2.767597801753306,6.872134477252451,1.4064874376463143e-05,16.13184943725166,35.4436506154407,0.6464453879468324
10.0,262.0,25.0,100.0,243.0,120.0,30.3,64.7,2023-03-20 17:53:12,6.0,3446.0,False,2.767597801753306,6.187655428198008,1.4064874376463143e-05,16.13184943725166,35.4436506154407,0.6558104881761189
10.0,269.0,25.0,100.0,250.0,120.0,30.3,64.6,2023-03-20 17:53:19,7.0,3453.0,False,2.7692672610230153,6.663871926989587,1.4072285132616367e-05,16.1413015398099,37.58501919121349,0.6560202815915105
10.0,272.0,25.0,100.0,240.0,122.0,30.2,64.6,2023-03-20 17:53:25,6.0,3459.0,False,2.7734437752534546,6.882630370294994,1.4090822271252768e-05,16.16494730828843,34.60258915151331,0.6754967640524266
10.0,272.0,25.0,100.0,240.0,120.0,30.2,64.8,2023-03-20 17:53:31,6.0,3465.0,False,2.770102236290087,6.876631703254369,1.4075991389053003e-05,16.14602892055047,34.574178306746276,0.656125186885593
10.0,265.0,25.0,100.0,243.0,120.0,30.2,64.9,2023-03-20 17:53:38,7.0,3472.0,False,2.7684324495157115,6.388620728515302,1.4068579461763357e-05,16.13657504540123,35.450933154448904,0.6559153820215888
10.0,260.0,25.0,100.0,250.0,121.0,30.2,64.8,2023-03-20 17:53:44,6.0,3478.0,False,2.770102236290087,6.061245017487193,1.4075991389053003e-05,16.14602892055047,37.59274008604736,0.6655615907981521
10.0,265.0,25.0,100.0,250.0,123.0,30.3,64.8,2023-03-20 17:53:51,7.0,3485.0,False,2.7659289974037087,6.384441775036698,1.4057465962397706e-05,16.122400879438445,37.554143338120205,0.6840882383943699
10.0,255.0,25.0,100.0,243.0,119.0,30.2,64.6,2023-03-20 17:53:57,6.0,3491.0,False,2.7734437752534546,5.749259781810548,1.4090822271252768e-05,16.16494730828843,35.494643695351186,0.6471692780215301
10.0,255.0,25.0,100.0,240.0,119.0,30.3,64.4,2023-03-20 17:54:04,7.0,3498.0,False,2.7726081447986117,5.748006855152677,1.4087113672173175e-05,16.16021638149195,34.59548537446796,0.6470658482284647
10.0,272.0,25.0,100.0,240.0,122.0,30.3,64.3,2023-03-20 17:54:10,6.0,3504.0,False,2.774279569542413,6.884130459510719,1.4094531456070195e-05,16.16967912178092,34.60969363912147,0.6756047269971519
10.0,265.0,25.0,100.0,252.0,120.0,30.3,64.3,2023-03-20 17:54:16,6.0,3510.0,False,2.774279569542413,6.3983771168685175,1.4094531456070195e-05,16.16967912178092,38.252036449042365,0.6566497992082501
10.0,265.0,25.0,100.0,247.0,119.0,30.2,64.2,2023-03-20 17:54:23,7.0,3517.0,False,2.7801347181693186,6.408141201207575,1.4120512153041273e-05,16.202826649833458,36.7633484764906,0.6479969194175454
10.0,260.0,25.0,100.0,238.0,120.0,30.3,64.2,2023-03-20 17:54:29,6.0,3523.0,False,2.775951649682154,6.070499502981341,1.410195158304187e-05,16.179145409145256,34.03560183649252,0.6568596841962714
10.0,260.0,25.0,100.0,250.0,120.0,30.3,64.2,2023-03-20 17:54:36,7.0,3530.0,False,2.775951649682154,6.070499502981341,1.410195158304187e-05,16.179145409145256,37.64680798290698,0.6568596841962714
10.0,262.0,25.0,100.0,250.0,120.0,30.3,64.2,2023-03-20 17:54:42,6.0,3536.0,False,2.775951649682154,6.2011583962011105,1.410195158304187e-05,16.179145409145256,37.64680798290698,0.6568596841962714
10.0,262.0,25.0,100.0,250.0,120.0,30.3,64.2,2023-03-20 17:54:49,7.0,3543.0,False,2.775951649682154,6.2011583962011105,1.410195158304187e-05,16.179145409145256,37.64680798290698,0.6568596841962714
10.0,265.0,25.0,100.0,247.0,120.0,30.3,64.2,2023-03-20 17:54:55,6.0,3549.0,False,2.775951649682154,6.401166069929066,1.410195158304187e-05,16.179145409145256,36.7256509072965,0.6568596841962714
10.0,262.0,25.0,100.0,233.0,119.0,30.2,64.2,2023-03-20 17:55:01,6.0,3555.0,False,2.7801347181693186,6.207915585972439,1.4120512153041273e-05,16.202826649833458,32.62189906585307,0.6479969194175454
10.0,267.0,25.0,100.0,238.0,121.0,30.3,64.2,2023-03-20 17:55:08,7.0,3562.0,False,2.775951649682154,6.5372272970787275,1.410195158304187e-05,16.179145409145256,34.03560183649252,0.666306651661998
10.0,260.0,25.0,100.0,238.0,120.0,30.3,64.1,2023-03-20 17:55:14,6.0,3568.0,False,2.7776243853367792,6.07314498222566,1.4109374053334856e-05,16.18861524416746,34.04957427303639,0.657069592071642
10.0,262.0,25.0,100.0,245.0,120.0,30.3,64.0,2023-03-20 17:55:21,7.0,3575.0,False,2.7792977766252345,6.206563843699989,1.4116798867195772e-05,16.19808862743002,36.14801841575157,0.6572795228320397
10.0,257.0,25.0,100.0,247.0,120.0,30.2,63.9,2023-03-20 17:55:27,6.0,3581.0,False,2.7851598109684255,5.892554757932844,1.4142804174866537e-05,16.23127341965093,36.808610430385464,0.6580144606795166
10.0,269.0,25.0,100.0,243.0,120.0,30.3,64.0,2023-03-20 17:55:34,7.0,3588.0,False,2.7792977766252345,6.681320839691235,1.4116798867195772e-05,16.19808862743002,35.54567249043715,0.6572795228320397
10.0,265.0,25.0,100.0,238.0,120.0,30.2,63.9,2023-03-20 17:55:40,6.0,3594.0,False,2.7851598109684255,6.416516542032654,1.4142804174866537e-05,16.23127341965093,34.112484811379154,0.6580144606795166
9.0,260.0,92.0,,,,,,2023-03-20 17:55:46,6.0,3600.0,False,2.0785073812759505,6.136815246643597,0.0004416210176114737,16.416957096129213,36.48993639850581,0.6621142412592479
10.0,255.0,25.0,100.0,252.0,120.0,30.2,,2023-03-20 17:55:53,7.0,3607.0,False,2.8221911450784862,5.822171080979936,1.4306924216941871e-05,16.440860565818628,38.700908046194336,0.6626404823254878
10.0,269.0,25.0,100.0,238.0,120.0,30.3,63.9,2023-03-20 17:55:59,6.0,3613.0,False,2.780971823666463,6.684231284942944,1.4124226024871226e-05,16.20756555951542,34.077527527748,0.6574894764751436
10.0,255.0,25.0,100.0,252.0,122.0,30.3,63.8,2023-03-20 17:56:06,7.0,3620.0,False,2.7826465265793985,5.763051291623062,1.4131655526607789e-05,16.217046041006075,38.33060131911624,0.6766846802132318
10.0,265.0,25.0,100.0,231.0,120.0,30.3,63.8,2023-03-20 17:56:12,6.0,3626.0,False,2.7826465265793985,6.412328164793842,1.4131655526607789e-05,16.217046041006075,32.0715939627224,0.6576994529986332
10.0,269.0,25.0,100.0,233.0,119.0,30.2,63.7,2023-03-20 17:56:19,7.0,3633.0,False,2.7885131534814667,6.697336396902777,1.4157677245726323e-05,16.250255686198045,32.68885097927334,0.6490319786282783
10.0,260.0,25.0,100.0,240.0,120.0,30.3,63.8,2023-03-20 17:56:25,6.0,3639.0,False,2.7826465265793985,6.081084994841516,1.4131655526607789e-05,16.217046041006075,34.680777595335854,0.6576994529986332
10.0,260.0,25.0,100.0,233.0,120.0,30.2,63.8,2023-03-20 17:56:31,6.0,3645.0,False,2.786836154080964,6.08770576837208,1.4150239537834465e-05,16.240762777202693,32.675455246659,0.6582244943938237
10.0,260.0,25.0,100.0,231.0,119.0,30.3,64.0,2023-03-20 17:56:38,7.0,3652.0,False,2.7792977766252345,6.075791057277946,1.4116798867195772e-05,16.19808862743002,32.045291675602236,0.6478934445045965
10.0,255.0,25.0,100.0,231.0,120.0,30.3,64.0,2023-03-20 17:56:44,6.0,3658.0,False,2.7792977766252345,5.7580342208635855,1.4116798867195772e-05,16.19808862743002,32.045291675602236,0.6572795228320397
10.0,260.0,25.0,100.0,243.0,120.0,30.2,63.9,2023-03-20 17:56:51,7.0,3665.0,False,2.7851598109684255,6.085057012075365,1.4142804174866537e-05,16.23127341965093,35.59673699938298,0.6580144606795166
10.0,265.0,25.0,100.0,243.0,120.0,30.3,64.0,2023-03-20 17:56:57,6.0,3671.0,False,2.7792977766252345,6.40674586081843,1.4116798867195772e-05,16.19808862743002,35.54567249043715,0.6572795228320397
10.0,255.0,25.0,100.0,247.0,120.0,30.2,63.8,2023-03-20 17:57:04,7.0,3678.0,False,2.786836154080964,5.769325806364957,1.4150239537834465e-05,16.240762777202693,36.82370377751289,0.6582244943938237
10.0,269.0,25.0,100.0,240.0,121.0,30.3,63.9,2023-03-20 17:57:10,6.0,3684.0,False,2.780971823666463,6.684231284942944,1.4124226024871226e-05,16.20756555951542,34.66655511979977,0.666945501624439
10.0,265.0,25.0,100.0,233.0,121.0,30.3,63.9,2023-03-20 17:57:16,6.0,3690.0,False,2.780971823666463,6.409536698665753,1.4124226024871226e-05,16.20756555951542,32.628591247822406,0.666945501624439
10.0,274.0,25.0,100.0,243.0,122.0,30.3,64.0,2023-03-20 17:57:23,7.0,3697.0,False,2.7792977766252345,7.037203272690917,1.4116798867195772e-05,16.19808862743002,35.54567249043715,0.6762526282946881
10.0,269.0,25.0,100.0,240.0,121.0,30.2,64.1,2023-03-20 17:57:29,6.0,3703.0,False,2.781809093131534,6.6856867532708595,1.412794048271646e-05,16.212305356548693,34.67366600230509,0.6670519969281662
10.0,,92.0,,,,,,2023-03-20 17:57:35,6.0,3709.0,False,2.817967004717604,6.608641698724267,0.0004416210176114737,16.416957096129213,35.73073936600985,0.6764233839677005
10.0,265.0,25.0,100.0,245.0,122.0,30.3,64.2,2023-03-20 17:57:42,7.0,3716.0,False,2.775951649682154,6.401166069929066,1.410195158304187e-05,16.179145409145256,36.118360532321525,0.675820670549109
10.0,267.0,25.0,100.0,238.0,121.0,30.3,64.3,2023-03-20 17:57:49,7.0,3723.0,False,2.774279569542413,6.534379062885375,1.4094531456070195e-05,16.16967912178092,34.02163219386246,0.6660937481044084
10.0,269.0,25.0,100.0,245.0,122.0,30.3,64.4,2023-03-20 17:57:55,6.0,3729.0,False,2.7726081447986117,6.669685610562386,1.4087113672173175e-05,16.16021638149195,36.088714508424594,0.6753888069956024
10.0,255.0,25.0,100.0,247.0,120.0,30.3,64.3,2023-03-20 17:58:01,6.0,3735.0,False,2.774279569542413,5.7505128496251965,1.4094531456070195e-05,16.16967912178092,36.71057715537649,0.6566497992082501
10.0,272.0,25.0,100.0,245.0,119.0,30.3,64.2,2023-03-20 17:58:08,7.0,3742.0,False,2.775951649682154,6.887131144897593,1.410195158304187e-05,16.179145409145256,36.118360532321525,0.6474796012455035
10.0,274.0,25.0,100.0,238.0,120.0,30.3,64.2,2023-03-20 17:58:14,6.0,3748.0,False,2.775951649682154,7.031074401098292,1.410195158304187e-05,16.179145409145256,34.03560183649252,0.6568596841962714
10.0,265.0,25.0,100.0,238.0,120.0,30.3,64.2,2023-03-20 17:58:21,7.0,3755.0,False,2.775951649682154,6.401166069929066,1.410195158304187e-05,16.179145409145256,34.03560183649252,0.6568596841962714
10.0,255.0,25.0,100.0,243.0,121.0,30.3,64.1,2023-03-20 17:58:27,6.0,3761.0,False,2.7776243853367792,5.75552653247233,1.4109374053334856e-05,16.18861524416746,35.53108919036938,0.6665195784361032
10.0,262.0,25.0,100.0,233.0,121.0,30.3,64.1,2023-03-20 17:58:34,7.0,3768.0,False,2.7776243853367792,6.203860815634607,1.4109374053334856e-05,16.18861524416746,32.60182653253345,0.6665195784361032
10.0,269.0,25.0,100.0,247.0,122.0,30.3,64.1,2023-03-20 17:58:40,6.0,3774.0,False,2.7776243853367792,6.678411049636978,1.4109374053334856e-05,16.18861524416746,36.74072767395101,0.6760366376490841
10.0,265.0,25.0,100.0,243.0,120.0,30.3,64.2,2023-03-20 17:58:46,6.0,3780.0,False,2.775951649682154,6.401166069929066,1.410195158304187e-05,16.179145409145256,35.5165088057494,0.6568596841962714
10.0,262.0,25.0,100.0,245.0,120.0,30.3,64.3,2023-03-20 17:58:53,7.0,3787.0,False,2.774279569542413,6.198456585390533,1.4094531456070195e-05,16.16967912178092,36.10353603791581,0.6566497992082501
10.0,272.0,25.0,100.0,240.0,121.0,30.3,64.3,2023-03-20 17:58:59,6.0,3793.0,False,2.774279569542413,6.884130459510719,1.4094531456070195e-05,16.16967912178092,34.60969363912147,0.6660937481044084
10.0,272.0,25.0,100.0,240.0,120.0,30.3,64.4,2023-03-20 17:59:06,7.0,3800.0,False,2.7726081447986117,6.881130450062735,1.4087113672173175e-05,16.16021638149195,34.59548537446796,0.6564399371099007
10.0,,92.0,,,,,,2023-03-20 17:59:12,6.0,3806.0,False,2.817967004717604,6.783726398746568,0.0004416210176114737,16.416957096129213,35.42945960147304,0.6621142412592479
10.0,267.0,25.0,100.0,243.0,120.0,30.3,64.5,2023-03-20 17:59:19,7.0,3813.0,False,2.7709373753317976,6.528684519281717,1.4079698231104132e-05,16.1507571876958,35.472785144883154,0.656230097903546
10.0,262.0,25.0,100.0,243.0,121.0,30.3,64.5,2023-03-20 17:59:25,6.0,3819.0,False,2.7709373753317976,6.1930547896022565,1.4079698231104132e-05,16.1507571876958,35.472785144883154,0.6656680106481999
10.0,265.0,25.0,100.0,240.0,121.0,30.3,64.4,2023-03-20 17:59:31,6.0,3825.0,False,2.7726081447986117,6.3955887920517105,1.4087113672173175e-05,16.16021638149195,34.59548537446796,0.66588086776569
10.0,274.0,25.0,100.0,233.0,120.0,30.3,64.3,2023-03-20 17:59:38,7.0,3832.0,False,2.774279569542413,7.028011000421651,1.4094531456070195e-05,16.16967912178092,32.5750725176115,0.6566497992082501
10.0,255.0,25.0,100.0,247.0,120.0,30.3,64.3,2023-03-20 17:59:44,6.0,3838.0,False,2.774279569542413,5.7505128496251965,1.4094531456070195e-05,16.16967912178092,36.71057715537649,0.6566497992082501
10.0,272.0,25.0,100.0,245.0,120.0,30.3,64.4,2023-03-20 17:59:51,7.0,3845.0,False,2.7726081447986117,6.881130450062735,1.4087113672173175e-05,16.16021638149195,36.088714508424594,0.6564399371099007
10.0,269.0,25.0,100.0,240.0,120.0,30.3,64.4,2023-03-20 17:59:57,6.0,3851.0,False,2.7726081447986117,6.669685610562386,1.4087113672173175e-05,16.16021638149195,34.59548537446796,0.6564399371099007
10.0,265.0,25.0,100.0,235.0,121.0,30.3,64.4,2023-03-20 18:00:04,7.0,3858.0,False,2.7726081447986117,6.3955887920517105,1.4087113672173175e-05,16.16021638149195,33.13604957719635,0.66588086776569
10.0,262.0,25.0,100.0,250.0,121.0,30.3,64.3,2023-03-20 18:00:10,6.0,3864.0,False,2.774279569542413,6.198456585390533,1.4094531456070195e-05,16.16967912178092,37.63135614937661,0.6660937481044084
10.0,265.0,25.0,100.0,238.0,118.0,30.3,64.2,2023-03-20 18:00:16,6.0,3870.0,False,2.775951649682154,6.401166069929066,1.410195158304187e-05,16.179145409145256,34.03560183649252,0.6381662383897536
10.0,272.0,25.0,100.0,245.0,120.0,30.3,64.1,2023-03-20 18:00:23,7.0,3877.0,False,2.7776243853367792,6.890132506233311,1.4109374053334856e-05,16.18861524416746,36.13318799161051,0.657069592071642
10.0,260.0,25.0,100.0,243.0,120.0,30.3,64.0,2023-03-20 18:00:29,6.0,3883.0,False,2.7792977766252345,6.075791057277946,1.4116798867195772e-05,16.19808862743002,35.54567249043715,0.6572795228320397
10.0,262.0,25.0,100.0,247.0,123.0,30.3,63.9,2023-03-20 18:00:36,7.0,3890.0,False,2.780971823666463,6.209267480406226,1.4124226024871226e-05,16.20756555951542,36.77089025133669,0.6860590685902603
10.0,257.0,25.0,100.0,245.0,120.0,30.3,63.9,2023-03-20 18:00:42,6.0,3896.0,False,2.780971823666463,5.886144876656637,1.4124226024871226e-05,16.20756555951542,36.16285180471352,0.6574894764751436
10.0,255.0,25.0,100.0,247.0,122.0,30.3,63.9,2023-03-20 18:00:49,7.0,3903.0,False,2.780971823666463,5.760542473911058,1.4124226024871226e-05,16.20756555951542,36.77089025133669,0.6764686424835332
10.0,265.0,25.0,100.0,240.0,120.0,30.3,63.9,2023-03-20 18:00:55,6.0,3909.0,False,2.780971823666463,6.409536698665753,1.4124226024871226e-05,16.20756555951542,34.66655511979977,0.6574894764751436
10.0,269.0,25.0,100.0,231.0,123.0,30.3,63.8,2023-03-20 18:01:01,6.0,3915.0,False,2.7826465265793985,6.687142385401755,1.4131655526607789e-05,16.217046041006075,32.0715939627224,0.6862781691284217
10.0,265.0,25.0,100.0,240.0,119.0,30.3,63.7,2023-03-20 18:01:08,7.0,3922.0,False,2.7843218854829797,6.415120259211953,1.4139087372652016e-05,16.2265300724844,34.69500291295876,0.6485143785570451
10.0,265.0,25.0,100.0,243.0,119.0,30.3,63.6,2023-03-20 18:01:14,6.0,3928.0,False,2.7859979004961337,6.41791298192933,1.4146521563250425e-05,16.236017654532763,35.60403484457287,0.6487214016757301
10.0,269.0,25.0,100.0,243.0,120.0,30.3,63.6,2023-03-20 18:01:21,7.0,3935.0,False,2.7859979004961337,6.692966551979263,1.4146521563250425e-05,16.236017654532763,35.60403484457287,0.6581194746774918
10.0,260.0,25.0,100.0,240.0,120.0,30.3,63.6,2023-03-20 18:01:27,6.0,3941.0,False,2.7859979004961337,6.086381315742246,1.4146521563250425e-05,16.236017654532763,34.709231072638595,0.6581194746774918
10.0,262.0,25.0,100.0,228.0,119.0,30.3,63.6,2023-03-20 18:01:34,7.0,3948.0,False,2.7859979004961337,6.2173820424596755,1.4146521563250425e-05,16.236017654532763,31.251706180927822,0.6487214016757301
10.0,253.0,25.0,100.0,243.0,121.0,30.3,63.6,2023-03-20 18:01:40,6.0,3954.0,False,2.7859979004961337,5.644348214974311,1.4146521563250425e-05,16.236017654532763,35.60403484457287,0.6675845604719514
10.0,250.0,25.0,100.0,243.0,119.0,30.3,63.6,2023-03-20 18:01:46,6.0,3960.0,False,2.7859979004961337,5.462536935478098,1.4146521563250425e-05,16.236017654532763,35.60403484457287,0.6487214016757301
10.0,265.0,25.0,100.0,233.0,119.0,30.3,63.5,2023-03-20 18:01:53,7.0,3967.0,False,2.7876745717377873,6.420706332955222,1.4153958098649501e-05,16.245508787733524,32.6821527786008,0.6489284473412068
10.0,267.0,25.0,100.0,240.0,120.0,30.3,63.5,2023-03-20 18:01:59,6.0,3973.0,False,2.7876745717377873,6.55718290195621,1.4153958098649501e-05,16.245508787733524,34.72346207434548,0.6583295198282233
10.0,265.0,25.0,100.0,233.0,119.0,30.3,63.7,2023-03-20 18:02:06,7.0,3980.0,False,2.7843218854829797,6.415120259211953,1.4139087372652016e-05,16.2265300724844,32.655366663253204,0.6485143785570451
10.0,255.0,25.0,100.0,238.0,120.0,30.3,63.7,2023-03-20 18:02:12,6.0,3986.0,False,2.7843218854829797,5.765560674007913,1.4139087372652016e-05,16.2265300724844,34.10549195776216,0.657909452400189
10.0,262.0,25.0,100.0,243.0,121.0,30.3,63.6,2023-03-20 18:02:19,7.0,3993.0,False,2.7859979004961337,6.2173820424596755,1.4146521563250425e-05,16.236017654532763,35.60403484457287,0.6675845604719514
10.0,265.0,25.0,100.0,238.0,123.0,30.3,63.6,2023-03-20 18:02:25,6.0,3999.0,False,2.7859979004961337,6.41791298192933,1.4146521563250425e-05,16.236017654532763,34.119478363434226,0.6867164418188535
10.0,265.0,25.0,100.0,228.0,122.0,30.3,63.6,2023-03-20 18:02:31,6.0,4005.0,False,2.7859979004961337,6.41791298192933,1.4146521563250425e-05,16.236017654532763,31.251706180927822,0.6771168262856442
10.0,255.0,25.0,100.0,247.0,120.0,30.3,63.7,2023-03-20 18:02:38,7.0,4012.0,False,2.7843218854829797,5.765560674007913,1.4139087372652016e-05,16.2265300724844,36.80106488727982,0.657909452400189
10.0,255.0,25.0,100.0,233.0,121.0,30.3,63.8,2023-03-20 18:02:44,6.0,4018.0,False,2.7826465265793985,5.763051291623062,1.4131655526607789e-05,16.217046041006075,32.64197761803413,0.6671584980339619
10.0,272.0,25.0,100.0,233.0,121.0,30.3,63.8,2023-03-20 18:02:51,7.0,4025.0,False,2.7826465265793985,6.899140646033118,1.4131655526607789e-05,16.217046041006075,32.64197761803413,0.6671584980339619
10.0,262.0,25.0,100.0,245.0,120.0,30.3,63.9,2023-03-20 18:02:57,6.0,4031.0,False,2.780971823666463,6.209267480406226,1.4124226024871226e-05,16.20756555951542,36.16285180471352,0.6574894764751436
10.0,267.0,25.0,100.0,233.0,120.0,30.3,64.0,2023-03-20 18:03:04,7.0,4038.0,False,2.7792977766252345,6.542925690295751,1.4116798867195772e-05,16.19808862743002,32.61520755264612,0.6572795228320397
10.0,267.0,25.0,100.0,231.0,120.0,30.3,64.1,2023-03-20 18:03:10,6.0,4044.0,False,2.7776243853367792,6.540076172879033,1.4109374053334856e-05,16.18861524416746,32.03214447450791,0.657069592071642
10.0,272.0,25.0,100.0,233.0,120.0,30.3,64.2,2023-03-20 18:03:16,6.0,4050.0,False,2.775951649682154,6.887131144897593,1.410195158304187e-05,16.179145409145256,32.588448187512526,0.6568596841962714
10.0,260.0,25.0,100.0,243.0,120.0,30.3,64.3,2023-03-20 18:03:23,7.0,4057.0,False,2.774279569542413,6.067854619536208,1.4094531456070195e-05,16.16967912178092,35.50193133660791,0.6566497992082501
10.0,272.0,25.0,100.0,231.0,121.0,30.3,64.3,2023-03-20 18:03:29,6.0,4063.0,False,2.774279569542413,6.884130459510719,1.4094531456070195e-05,16.16967912178092,32.00585795738906,0.6660937481044084
10.0,260.0,25.0,100.0,240.0,121.0,30.3,64.4,2023-03-20 18:03:36,7.0,4070.0,False,2.7726081447986117,6.065210331881482,1.4087113672173175e-05,16.16021638149195,34.59548537446796,0.66588086776569
10.0,269.0,25.0,100.0,238.0,120.0,30.3,64.2,2023-03-20 18:03:42,6.0,4076.0,False,2.775951649682154,6.675501914770519,1.410195158304187e-05,16.179145409145256,34.03560183649252,0.6568596841962714
10.0,265.0,25.0,100.0,252.0,121.0,30.3,63.9,2023-03-20 18:03:49,7.0,4083.0,False,2.780971823666463,6.409536698665753,1.4124226024871226e-05,16.20756555951542,38.31488206259017,0.666945501624439
10.0,265.0,25.0,100.0,243.0,122.0,30.3,63.7,2023-03-20 18:03:55,6.0,4089.0,False,2.7843218854829797,6.415120259211953,1.4139087372652016e-05,16.2265300724844,35.58943988302058,0.6769007414813977
10.0,269.0,25.0,100.0,233.0,123.0,30.3,63.7,2023-03-20 18:04:01,6.0,4095.0,False,2.7843218854829797,6.6900541410773116,1.4139087372652016e-05,16.2265300724844,32.655366663253204,0.6864972935387594
10.0,272.0,25.0,100.0,243.0,120.0,30.3,63.7,2023-03-20 18:04:08,7.0,4102.0,False,2.7843218854829797,6.9021447112637935,1.4139087372652016e-05,16.2265300724844,35.58943988302058,0.657909452400189
10.0,272.0,25.0,100.0,240.0,121.0,30.3,63.8,2023-03-20 18:04:14,6.0,4108.0,False,2.7826465265793985,6.899140646033118,1.4131655526607789e-05,16.217046041006075,34.680777595335854,0.6671584980339619
10.0,257.0,25.0,100.0,240.0,121.0,30.3,63.9,2023-03-20 18:04:21,7.0,4115.0,False,2.780971823666463,5.886144876656637,1.4124226024871226e-05,16.20756555951542,34.66655511979977,0.666945501624439
10.0,260.0,25.0,100.0,245.0,122.0,30.3,63.9,2023-03-20 18:04:27,6.0,4121.0,False,2.780971823666463,6.078437728146971,1.4124226024871226e-05,16.20756555951542,36.16285180471352,0.6764686424835332
10.0,257.0,25.0,100.0,243.0,120.0,30.3,63.8,2023-03-20 18:04:34,7.0,4128.0,False,2.7826465265793985,5.888708396427361,1.4131655526607789e-05,16.217046041006075,35.57484783679341,0.6576994529986332
10.0,260.0,25.0,100.0,235.0,120.0,30.3,63.6,2023-03-20 18:04:40,6.0,4134.0,False,2.7859979004961337,6.086381315742246,1.4146521563250425e-05,16.236017654532763,33.244996830081455,0.6581194746774918
10.0,267.0,25.0,100.0,243.0,121.0,30.3,63.5,2023-03-20 18:04:46,6.0,4140.0,False,2.7876745717377873,6.55718290195621,1.4153958098649501e-05,16.245508787733524,35.61863272141965,0.6677976264957143
10.0,269.0,25.0,100.0,238.0,121.0,30.3,63.5,2023-03-20 18:04:53,7.0,4147.0,False,2.7876745717377873,6.695879618117254,1.4153958098649501e-05,16.245508787733524,34.13346756284379,0.6677976264957143
10.0,267.0,25.0,100.0,240.0,122.0,30.3,63.6,2023-03-20 18:05:06,13.0,4160.0,False,2.7859979004961337,6.5543301763157125,1.4146521563250425e-05,16.236017654532763,34.709231072638595,0.6771168262856442
10.0,262.0,25.0,100.0,238.0,121.0,30.3,63.7,2023-03-20 18:05:12,6.0,4166.0,False,2.7843218854829797,6.214676579777108,1.4139087372652016e-05,16.2265300724844,34.10549195776216,0.6673715176505834
10.0,274.0,25.0,100.0,233.0,120.0,30.3,63.9,2023-03-20 18:05:19,7.0,4173.0,False,2.780971823666463,7.040268743627239,1.4124226024871226e-05,16.20756555951542,32.628591247822406,0.6574894764751436
10.0,265.0,25.0,100.0,228.0,119.0,30.3,64.0,2023-03-20 18:05:25,6.0,4179.0,False,2.7792977766252345,6.40674586081843,1.4116798867195772e-05,16.19808862743002,31.200478190857616,0.6478934445045965
10.0,265.0,25.0,100.0,233.0,122.0,30.3,64.0,2023-03-20 18:05:31,6.0,4185.0,False,2.7792977766252345,6.40674586081843,1.4116798867195772e-05,16.19808862743002,32.61520755264612,0.6762526282946881
10.0,272.0,25.0,100.0,233.0,119.0,30.3,64.1,2023-03-20 18:05:38,7.0,4192.0,False,2.7776243853367792,6.890132506233311,1.4109374053334856e-05,16.18861524416746,32.60182653253345,0.6476865115959378
10.0,265.0,25.0,100.0,245.0,120.0,30.3,64.1,2023-03-20 18:05:44,6.0,4198.0,False,2.7776243853367792,6.403955651242618,1.4109374053334856e-05,16.18861524416746,36.13318799161051,0.657069592071642
10.0,272.0,25.0,100.0,250.0,122.0,30.3,64.1,2023-03-20 18:05:51,7.0,4205.0,False,2.7776243853367792,6.890132506233311,1.4109374053334856e-05,16.18861524416746,37.662262906787795,0.6760366376490841
10.0,277.0,25.0,100.0,243.0,121.0,30.3,64.2,2023-03-20 18:05:57,6.0,4211.0,False,2.775951649682154,7.2513545512487285,1.410195158304187e-05,16.179145409145256,35.5165088057494,0.666306651661998
10.0,260.0,25.0,100.0,243.0,121.0,30.3,64.2,2023-03-20 18:06:04,7.0,4218.0,False,2.775951649682154,6.070499502981341,1.410195158304187e-05,16.179145409145256,35.5165088057494,0.666306651661998
10.0,277.0,25.0,100.0,233.0,119.0,30.3,64.2,2023-03-20 18:06:10,6.0,4224.0,False,2.775951649682154,7.2513545512487285,1.410195158304187e-05,16.179145409145256,32.588448187512526,0.6474796012455035
10.0,265.0,25.0,100.0,238.0,120.0,30.3,64.2,2023-03-20 18:06:16,6.0,4230.0,False,2.775951649682154,6.401166069929066,1.410195158304187e-05,16.179145409145256,34.03560183649252,0.6568596841962714
10.0,269.0,25.0,100.0,240.0,121.0,30.3,64.1,2023-03-20 18:06:23,7.0,4237.0,False,2.7776243853367792,6.678411049636978,1.4109374053334856e-05,16.18861524416746,34.6381186951076,0.6665195784361032
10.0,274.0,25.0,100.0,233.0,123.0,30.3,63.9,2023-03-20 18:06:29,6.0,4243.0,False,2.780971823666463,7.040268743627239,1.4124226024871226e-05,16.20756555951542,32.628591247822406,0.6860590685902603
10.0,277.0,25.0,100.0,231.0,122.0,30.3,63.7,2023-03-20 18:06:36,7.0,4250.0,False,2.7843218854829797,7.267162104569489,1.4139087372652016e-05,16.2265300724844,32.08474904869297,0.6769007414813977
10.0,269.0,25.0,100.0,238.0,122.0,30.3,63.7,2023-03-20 18:06:42,6.0,4256.0,False,2.7843218854829797,6.6900541410773116,1.4139087372652016e-05,16.2265300724844,34.10549195776216,0.6769007414813977
10.0,262.0,25.0,100.0,243.0,121.0,30.3,63.7,2023-03-20 18:06:49,7.0,4263.0,False,2.7843218854829797,6.214676579777108,1.4139087372652016e-05,16.2265300724844,35.58943988302058,0.6673715176505834
10.0,269.0,25.0,100.0,245.0,122.0,30.3,64.0,2023-03-20 18:06:55,6.0,4269.0,False,2.7792977766252345,6.681320839691235,1.4116798867195772e-05,16.19808862743002,36.14801841575157,0.6762526282946881
10.0,269.0,25.0,100.0,233.0,120.0,30.3,64.2,2023-03-20 18:07:01,6.0,4275.0,False,2.775951649682154,6.675501914770519,1.410195158304187e-05,16.179145409145256,32.588448187512526,0.6568596841962714
10.0,265.0,25.0,100.0,247.0,123.0,30.3,64.3,2023-03-20 18:07:08,7.0,4282.0,False,2.774279569542413,6.3983771168685175,1.4094531456070195e-05,16.16967912178092,36.71057715537649,0.6851829052077987
10.0,277.0,25.0,100.0,243.0,121.0,30.3,64.5,2023-03-20 18:07:14,6.0,4288.0,False,2.7709373753317976,7.24187855969397,1.4079698231104132e-05,16.1507571876958,35.472785144883154,0.6656680106481999
9.0,,92.0,140.8,233.0,119.0,,,2023-03-20 18:07:21,7.0,4295.0,False,2.0785073812759505,6.890480596309313,0.0004416210176114737,43.50138384415975,32.92370927590109,0.652659122220399
10.0,265.0,25.0,100.0,240.0,121.0,30.3,64.5,2023-03-20 18:07:27,6.0,4301.0,False,2.7709373753317976,6.39280109546939,1.4079698231104132e-05,16.1507571876958,34.58127995208072,0.6656680106481999
10.0,265.0,25.0,100.0,247.0,120.0,30.3,64.2,2023-03-20 18:07:34,7.0,4308.0,False,2.775951649682154,6.401166069929066,1.410195158304187e-05,16.179145409145256,36.7256509072965,0.6568596841962714
10.0,265.0,25.0,100.0,245.0,123.0,30.3,64.1,2023-03-20 18:07:40,6.0,4314.0,False,2.7776243853367792,6.403955651242618,1.4109374053334856e-05,16.18861524416746,36.13318799161051,0.6856209391401491
10.0,272.0,25.0,100.0,240.0,120.0,30.3,64.1,2023-03-20 18:07:46,6.0,4320.0,False,2.7776243853367792,6.890132506233311,1.4109374053334856e-05,16.18861524416746,34.6381186951076,0.657069592071642
10.0,260.0,25.0,100.0,243.0,121.0,30.3,64.1,2023-03-20 18:07:53,7.0,4327.0,False,2.7776243853367792,6.07314498222566,1.4109374053334856e-05,16.18861524416746,35.53108919036938,0.6665195784361032
9.0,,92.0,,208.0,120.0,,,2023-03-20 18:07:59,6.0,4333.0,False,2.0785073812759505,6.713269114160251,0.0004416210176114737,16.416957096129213,26.11911654561553,0.6621142412592479
10.0,277.0,25.0,100.0,240.0,120.0,30.3,64.1,2023-03-20 18:08:06,7.0,4340.0,False,2.7776243853367792,7.254514638478637,1.4109374053334856e-05,16.18861524416746,34.6381186951076,0.657069592071642
10.0,265.0,25.0,100.0,245.0,120.0,30.3,64.2,2023-03-20 18:08:12,6.0,4346.0,False,2.775951649682154,6.401166069929066,1.410195158304187e-05,16.179145409145256,36.118360532321525,0.6568596841962714
9.0,265.0,92.0,,,,,,2023-03-20 18:08:19,7.0,4353.0,False,2.0785073812759505,6.471094102708655,0.0004416210176114737,16.416957096129213,35.42945960147304,0.666867072656525
10.0,269.0,25.0,100.0,238.0,121.0,30.3,64.1,2023-03-20 18:08:25,6.0,4359.0,False,2.7776243853367792,6.678411049636978,1.4109374053334856e-05,16.18861524416746,34.04957427303639,0.6665195784361032
10.0,277.0,25.0,100.0,233.0,120.0,30.3,64.0,2023-03-20 18:08:31,6.0,4365.0,False,2.7792977766252345,7.257675437415184,1.4116798867195772e-05,16.19808862743002,32.61520755264612,0.6572795228320397
10.0,274.0,25.0,100.0,240.0,120.0,30.3,64.2,2023-03-20 18:08:38,7.0,4372.0,False,2.775951649682154,7.031074401098292,1.410195158304187e-05,16.179145409145256,34.62390474601132,0.6568596841962714
10.0,269.0,25.0,100.0,243.0,120.0,30.3,64.1,2023-03-20 18:08:44,6.0,4378.0,False,2.7776243853367792,6.678411049636978,1.4109374053334856e-05,16.18861524416746,35.53108919036938,0.657069592071642
10.0,277.0,25.0,100.0,233.0,121.0,30.3,63.9,2023-03-20 18:08:51,7.0,4385.0,False,2.780971823666463,7.260836948068852,1.4124226024871226e-05,16.20756555951542,32.628591247822406,0.666945501624439
10.0,255.0,25.0,100.0,243.0,120.0,30.3,63.8,2023-03-20 18:08:57,6.0,4391.0,False,2.7826465265793985,5.763051291623062,1.4131655526607789e-05,16.217046041006075,35.57484783679341,0.6576994529986332
10.0,272.0,25.0,100.0,238.0,122.0,30.3,63.7,2023-03-20 18:09:04,7.0,4398.0,False,2.7843218854829797,6.9021447112637935,1.4139087372652016e-05,16.2265300724844,34.10549195776216,0.6769007414813977
10.0,255.0,25.0,100.0,240.0,120.0,30.3,63.6,2023-03-20 18:09:10,6.0,4404.0,False,2.7859979004961337,5.768070621073924,1.4146521563250425e-05,16.236017654532763,34.709231072638595,0.6581194746774918
10.0,269.0,25.0,100.0,247.0,120.0,30.3,63.5,2023-03-20 18:09:16,6.0,4410.0,False,2.7876745717377873,6.695879618117254,1.4153958098649501e-05,16.245508787733524,36.831251581526764,0.6583295198282233
10.0,267.0,25.0,100.0,223.0,123.0,30.3,63.5,2023-03-20 18:09:23,7.0,4417.0,False,2.7876745717377873,6.55718290195621,1.4153958098649501e-05,16.245508787733524,29.880400797734715,0.6869356139662854
10.0,267.0,25.0,100.0,238.0,121.0,30.3,63.4,2023-03-20 18:09:29,6.0,4423.0,False,2.7893518993268667,6.560036269269797,1.4161396979095733e-05,16.255003472669017,34.1474595559615,0.6680107157195212
9.0,,925.0,,,,,,2023-03-20 18:09:36,7.0,4430.0,False,2.0785073812759505,6.67825265935415,39.37708026076351,16.416957096129213,34.38575084788468,0.6764233839677005
10.0,269.0,25.0,100.0,238.0,122.0,30.3,63.4,2023-03-20 18:09:42,6.0,4436.0,False,2.7893518993268667,6.698793339500925,1.4161396979095733e-05,16.255003472669017,34.1474595559615,0.6775490664928404
10.0,255.0,25.0,100.0,243.0,122.0,30.3,63.3,2023-03-20 18:09:49,7.0,4443.0,False,2.7910298833822913,5.775603850442013,1.4168838204835561e-05,16.264501709921536,35.64783722087414,0.6777652218910221
10.0,257.0,25.0,100.0,243.0,120.0,30.3,63.4,2023-03-20 18:09:55,6.0,4449.0,False,2.7893518993268667,5.8989682454444745,1.4161396979095733e-05,16.255003472669017,35.63323351353029,0.6585395878500664
10.0,267.0,25.0,100.0,243.0,120.0,30.3,63.3,2023-03-20 18:10:01,6.0,4455.0,False,2.7910298833822913,6.562890278265919,1.4168838204835561e-05,16.264501709921536,35.64783722087414,0.6587496787407038
10.0,260.0,25.0,100.0,245.0,121.0,30.3,63.3,2023-03-20 18:10:08,7.0,4462.0,False,2.7910298833822913,6.094330266003989,1.4168838204835561e-05,16.264501709921536,36.25191439797755,0.6682238281410221
10.0,255.0,25.0,100.0,247.0,120.0,30.3,63.2,2023-03-20 18:10:14,6.0,4468.0,False,2.7927085240229776,5.778116056315758,1.4176281776115405e-05,16.27400350007336,36.876554231662304,0.6589597924978199
10.0,257.0,25.0,100.0,238.0,122.0,30.3,63.1,2023-03-20 18:10:21,7.0,4475.0,False,2.794387821367839,5.906669190875975,1.4183727693181649e-05,16.28350884370671,34.1894522972699,0.6781976032646377
10.0,257.0,25.0,100.0,240.0,120.0,30.3,63.0,2023-03-20 18:10:27,6.0,4481.0,False,2.796067775535786,5.909237326763864,1.4191175956280669e-05,16.29301774140383,34.79465971224037,0.6593800886022265
10.0,269.0,25.0,100.0,233.0,120.0,30.3,63.0,2023-03-20 18:10:34,7.0,4488.0,False,2.796067775535786,6.7104547776851735,1.4191175956280669e-05,16.29301774140383,32.74916487762982,0.6593800886022265
10.0,267.0,25.0,100.0,223.0,119.0,30.3,63.0,2023-03-20 18:10:40,6.0,4494.0,False,2.796067775535786,6.571456155443841,1.4191175956280669e-05,16.29301774140383,29.941668131953772,0.6499640137905389
10.0,269.0,25.0,100.0,231.0,122.0,30.3,63.0,2023-03-20 18:10:46,6.0,4500.0,False,2.796067775535786,6.7104547776851735,1.4191175956280669e-05,16.29301774140383,32.176908239570345,0.678413829235308
10.0,260.0,25.0,100.0,233.0,120.0,30.3,63.0,2023-03-20 18:10:53,7.0,4507.0,False,2.796067775535786,6.102284579168903,1.4191175956280669e-05,16.29301774140383,32.74916487762982,0.6593800886022265
10.0,272.0,25.0,100.0,223.0,120.0,30.3,63.1,2023-03-20 18:11:06,13.0,4520.0,False,2.794387821367839,6.920183298967106,1.4183727693181649e-05,16.28350884370671,29.929409774045922,0.6591699291190991
10.0,260.0,25.0,100.0,238.0,120.0,30.3,63.3,2023-03-20 18:11:12,6.0,4526.0,False,2.7910298833822913,6.094330266003989,1.4168838204835561e-05,16.264501709921536,34.161454342757985,0.6587496787407038
10.0,260.0,25.0,100.0,240.0,123.0,30.3,63.3,2023-03-20 18:11:25,13.0,4539.0,False,2.7910298833822913,6.094330266003989,1.4168838204835561e-05,16.264501709921536,34.75193260372091,0.6873740298534894
10.0,,92.0,,,,,,2023-03-20 18:11:31,6.0,4545.0,False,2.817967004717604,6.302259722940538,0.0004416210176114737,16.416957096129213,33.65047815720163,0.6860473681340767
10.0,265.0,25.0,100.0,231.0,122.0,30.3,63.1,2023-03-20 18:11:38,7.0,4552.0,False,2.794387821367839,6.431886020328816,1.4183727693181649e-05,16.28350884370671,32.16373475652224,0.6781976032646377
10.0,262.0,25.0,100.0,243.0,120.0,30.3,63.1,2023-03-20 18:11:44,6.0,4558.0,False,2.794387821367839,6.230918486202088,1.4183727693181649e-05,16.28350884370671,35.67705338113898,0.6591699291190991
10.0,260.0,25.0,100.0,240.0,120.0,30.3,63.1,2023-03-20 18:11:51,7.0,4565.0,False,2.794387821367839,6.09963254555453,1.4183727693181649e-05,16.28350884370671,34.78041450084618,0.6591699291190991
10.0,265.0,25.0,100.0,240.0,120.0,30.3,63.0,2023-03-20 18:11:57,6.0,4571.0,False,2.796067775535786,6.434682513035932,1.4191175956280669e-05,16.29301774140383,34.79465971224037,0.6593800886022265
10.0,262.0,25.0,100.0,226.0,120.0,30.3,62.9,2023-03-20 18:12:04,7.0,4578.0,False,2.7977483866457247,6.2363373246866365,1.4198626565658801e-05,16.302530193746897,30.78242148361892,0.6595902709448888
10.0,262.0,25.0,100.0,240.0,120.0,30.3,63.0,2023-03-20 18:12:10,6.0,4584.0,False,2.796067775535786,6.2336276010791565,1.4191175956280669e-05,16.29301774140383,34.79465971224037,0.6593800886022265
10.0,265.0,25.0,100.0,238.0,122.0,30.3,63.0,2023-03-20 18:12:16,6.0,4590.0,False,2.796067775535786,6.434682513035932,1.4191175956280669e-05,16.29301774140383,34.203455464926634,0.678413829235308
10.0,272.0,25.0,100.0,231.0,120.0,30.3,63.0,2023-03-20 18:12:23,7.0,4597.0,False,2.796067775535786,6.923192096397016,1.4191175956280669e-05,16.29301774140383,32.176908239570345,0.6593800886022265
10.0,26.0,,,,,,,2023-03-20 18:12:29,6.0,4603.0,False,2.817967004717604,0.030024090784035427,1.4288216977600418e-05,16.416957096129213,34.38575084788468,0.666867072656525
10.0,255.0,25.0,100.0,245.0,121.0,30.3,62.9,2023-03-20 18:12:36,7.0,4610.0,False,2.7977483866457247,5.785656062306393,1.4198626565658801e-05,16.302530193746897,36.31134875262319,0.6690765097569885
10.0,260.0,25.0,100.0,233.0,118.0,30.3,62.9,2023-03-20 18:12:42,6.0,4616.0,False,2.7977483866457247,6.104937208687688,1.4198626565658801e-05,16.302530193746897,32.76257532189541,0.6408191158853395
10.0,265.0,25.0,100.0,238.0,119.0,30.3,62.9,2023-03-20 18:12:49,7.0,4623.0,False,2.7977483866457247,6.437479634107007,1.4198626565658801e-05,16.302530193746897,34.21746142614479,0.6501711946888191
10.0,272.0,25.0,100.0,226.0,118.0,30.3,62.9,2023-03-20 18:12:55,6.0,4629.0,False,2.7977483866457247,6.926201569895159,1.4198626565658801e-05,16.302530193746897,30.78242148361892,0.6408191158853395
10.0,267.0,25.0,100.0,226.0,120.0,30.3,63.0,2023-03-20 18:13:01,6.0,4635.0,False,2.796067775535786,6.571456155443841,1.4191175956280669e-05,16.29301774140383,30.769821559967923,0.6593800886022265
10.0,267.0,25.0,100.0,228.0,122.0,30.3,63.1,2023-03-20 18:13:08,7.0,4642.0,False,2.794387821367839,6.5686002213435035,1.4183727693181649e-05,16.28350884370671,31.315798744045658,0.6781976032646377
10.0,269.0,25.0,100.0,221.0,120.0,30.3,63.1,2023-03-20 18:13:14,6.0,4648.0,False,2.794387821367839,6.707538435222404,1.4183727693181649e-05,16.28350884370671,29.38421642676555,0.6591699291190991
10.0,260.0,25.0,100.0,238.0,120.0,30.3,63.0,2023-03-20 18:13:21,7.0,4655.0,False,2.796067775535786,6.102284579168903,1.4191175956280669e-05,16.29301774140383,34.203455464926634,0.6593800886022265
10.0,269.0,25.0,100.0,231.0,119.0,30.3,62.9,2023-03-20 18:13:27,6.0,4661.0,False,2.7977483866457247,6.713371775441806,1.4198626565658801e-05,16.302530193746897,32.19008435066198,0.6501711946888191
10.0,272.0,25.0,100.0,231.0,120.0,30.3,62.9,2023-03-20 18:13:34,7.0,4668.0,False,2.7977483866457247,6.926201569895159,1.4198626565658801e-05,16.302530193746897,32.19008435066198,0.6595902709448888
10.0,267.0,25.0,100.0,240.0,121.0,30.3,62.9,2023-03-20 18:13:40,6.0,4674.0,False,2.7977483866457247,6.574312731264451,1.4198626565658801e-05,16.302530193746897,34.80890776548247,0.6690765097569885
10.0,267.0,25.0,100.0,233.0,123.0,30.3,62.8,2023-03-20 18:13:46,6.0,4680.0,False,2.7994296548165574,6.577169948814766,1.4206079521562367e-05,16.312046201318093,32.7759884409154,0.6884704870807246
10.0,265.0,25.0,100.0,226.0,121.0,30.3,62.7,2023-03-20 18:13:53,7.0,4687.0,False,2.801111580167185,6.443075761377984,1.4213534824237661e-05,16.321565764699535,30.807628870175236,0.6695029896900858
10.0,267.0,25.0,100.0,233.0,120.0,30.3,62.8,2023-03-20 18:13:59,6.0,4693.0,False,2.7994296548165574,6.577169948814766,1.4206079521562367e-05,16.312046201318093,32.7759884409154,0.6598004761447722
10.0,255.0,25.0,100.0,238.0,120.0,30.3,62.9,2023-03-20 18:14:06,7.0,4700.0,False,2.7977483866457247,5.785656062306393,1.4198626565658801e-05,16.302530193746897,34.21746142614479,0.6595902709448888
10.0,272.0,25.0,100.0,228.0,120.0,30.3,62.9,2023-03-20 18:14:12,6.0,4706.0,False,2.7977483866457247,6.926201569895159,1.4198626565658801e-05,16.302530193746897,31.341453680989822,0.6595902709448888
10.0,262.0,25.0,100.0,238.0,122.0,30.3,62.9,2023-03-20 18:14:19,7.0,4713.0,False,2.7977483866457247,6.2363373246866365,1.4198626565658801e-05,16.302530193746897,34.21746142614479,0.6786300787253787
10.0,255.0,25.0,100.0,243.0,121.0,30.3,62.9,2023-03-20 18:14:25,6.0,4719.0,False,2.7977483866457247,5.785656062306393,1.4198626565658801e-05,16.302530193746897,35.706281201969226,0.6690765097569885
10.0,265.0,25.0,100.0,243.0,120.0,30.3,62.9,2023-03-20 18:14:31,6.0,4725.0,False,2.7977483866457247,6.437479634107007,1.4198626565658801e-05,16.302530193746897,35.706281201969226,0.6595902709448888
10.0,262.0,25.0,100.0,231.0,121.0,30.3,62.9,2023-03-20 18:14:38,7.0,4732.0,False,2.7977483866457247,6.2363373246866365,1.4198626565658801e-05,16.302530193746897,32.19008435066198,0.6690765097569885
10.0,260.0,25.0,100.0,233.0,120.0,30.3,62.9,2023-03-20 18:14:44,6.0,4738.0,False,2.7977483866457247,6.104937208687688,1.4198626565658801e-05,16.302530193746897,32.76257532189541,0.6595902709448888
10.0,262.0,25.0,100.0,240.0,120.0,30.3,62.9,2023-03-20 18:14:51,7.0,4745.0,False,2.7977483866457247,6.2363373246866365,1.4198626565658801e-05,16.302530193746897,34.80890776548247,0.6595902709448888
10.0,262.0,25.0,100.0,233.0,122.0,30.3,62.8,2023-03-20 18:14:57,6.0,4751.0,False,2.7994296548165574,6.239047657033478,1.4206079521562367e-05,16.312046201318093,32.7759884409154,0.67884635173247
10.0,255.0,25.0,100.0,240.0,119.0,30.3,62.7,2023-03-20 18:15:04,7.0,4758.0,False,2.801111580167185,5.790685556691002,1.4213534824237661e-05,16.321565764699535,34.837412397391134,0.6505856240755473
10.0,267.0,25.0,100.0,223.0,120.0,30.3,62.7,2023-03-20 18:15:10,6.0,4764.0,False,2.801111580167185,6.5800278081042185,1.4213534824237661e-05,16.321565764699535,29.978457878458563,0.6600107041995649
10.0,267.0,25.0,100.0,233.0,122.0,30.3,62.7,2023-03-20 18:15:16,6.0,4770.0,False,2.801111580167185,6.5800278081042185,1.4213534824237661e-05,16.321565764699535,32.78940423466171,0.6790626482542028
10.0,265.0,25.0,100.0,223.0,120.0,30.3,62.7,2023-03-20 18:15:23,7.0,4777.0,False,2.801111580167185,6.443075761377984,1.4213534824237661e-05,16.321565764699535,29.978457878458563,0.6600107041995649
9.0,,92.0,,,,,,2023-03-20 18:15:29,6.0,4783.0,False,2.0785073812759505,6.608641698724267,0.0004416210176114737,16.416957096129213,30.79421396453818,0.6573782647124231
10.0,269.0,25.0,100.0,228.0,119.0,30.3,62.8,2023-03-20 18:15:36,7.0,4790.0,False,2.7994296548165574,6.71628942850193,1.4206079521562367e-05,16.312046201318093,31.35428498757522,0.6503783981179149
10.0,262.0,25.0,100.0,240.0,120.0,30.3,62.7,2023-03-20 18:15:42,6.0,4796.0,False,2.801111580167185,6.241758598128619,1.4213534824237661e-05,16.321565764699535,34.837412397391134,0.6600107041995649
10.0,255.0,25.0,100.0,240.0,120.0,30.2,62.7,2023-03-20 18:15:49,7.0,4803.0,False,2.8053192694856013,5.796975601478149,1.4232183349668193e-05,16.34538023364306,34.873059172140216,0.6605363743116031
10.0,262.0,25.0,100.0,240.0,120.0,30.3,62.8,2023-03-20 18:15:55,6.0,4809.0,False,2.7994296548165574,6.239047657033478,1.4206079521562367e-05,16.312046201318093,34.82315866054267,0.6598004761447722
10.0,272.0,25.0,100.0,228.0,120.0,30.3,62.7,2023-03-20 18:16:01,6.0,4815.0,False,2.801111580167185,6.932222545135875,1.4213534824237661e-05,16.321565764699535,31.367118852867026,0.6600107041995649
10.0,260.0,25.0,100.0,238.0,122.0,30.3,62.8,2023-03-20 18:16:08,7.0,4822.0,False,2.7994296548165574,6.107590434119645,1.4206079521562367e-05,16.312046201318093,34.231470180895016,0.67884635173247
10.0,253.0,25.0,100.0,238.0,120.0,30.3,62.7,2023-03-20 18:16:14,6.0,4828.0,False,2.801111580167185,5.66647807084252,1.4213534824237661e-05,16.321565764699535,34.245481729148025,0.6600107041995649
10.0,272.0,25.0,100.0,235.0,120.0,30.3,62.7,2023-03-20 18:16:21,7.0,4835.0,False,2.801111580167185,6.932222545135875,1.4213534824237661e-05,16.321565764699535,33.3677707321064,0.6600107041995649
10.0,269.0,25.0,100.0,223.0,121.0,30.3,62.8,2023-03-20 18:16:27,6.0,4841.0,False,2.7994296548165574,6.71628942850193,1.4206079521562367e-05,16.312046201318093,29.966192184185758,0.6692897381317328
10.0,265.0,25.0,100.0,238.0,120.0,30.3,62.9,2023-03-20 18:16:34,7.0,4848.0,False,2.7977483866457247,6.437479634107007,1.4198626565658801e-05,16.302530193746897,34.21746142614479,0.6595902709448888
10.0,262.0,25.0,100.0,228.0,120.0,30.3,62.9,2023-03-20 18:16:40,6.0,4854.0,False,2.7977483866457247,6.2363373246866365,1.4198626565658801e-05,16.302530193746897,31.341453680989822,0.6595902709448888
10.0,262.0,25.0,100.0,238.0,120.0,30.3,62.9,2023-03-20 18:16:46,6.0,4860.0,False,2.7977483866457247,6.2363373246866365,1.4198626565658801e-05,16.302530193746897,34.21746142614479,0.6595902709448888
9.0,257.0,92.0,,,,,,2023-03-20 18:16:53,7.0,4867.0,False,2.0785073812759505,5.9426756081996555,0.0004416210176114737,16.416957096129213,32.205423000054495,0.6621142412592479
10.0,267.0,25.0,100.0,223.0,120.0,30.3,,2023-03-20 18:16:59,6.0,4873.0,False,2.817967004717604,6.608641698724267,1.4288216977600418e-05,16.416957096129213,30.10124931415666,0.6621142412592479
10.0,265.0,25.0,100.0,223.0,120.0,30.3,62.8,2023-03-20 18:17:06,7.0,4880.0,False,2.7994296548165574,6.4402773835512805,1.4206079521562367e-05,16.312046201318093,29.966192184185758,0.6598004761447722
10.0,265.0,25.0,100.0,238.0,122.0,30.3,62.8,2023-03-20 18:17:12,6.0,4886.0,False,2.7994296548165574,6.4402773835512805,1.4206079521562367e-05,16.312046201318093,34.231470180895016,0.67884635173247
10.0,262.0,25.0,100.0,238.0,119.0,30.3,62.9,2023-03-20 18:17:19,7.0,4893.0,False,2.7977483866457247,6.2363373246866365,1.4198626565658801e-05,16.302530193746897,34.21746142614479,0.6501711946888191
10.0,265.0,25.0,100.0,231.0,120.0,30.3,63.0,2023-03-20 18:17:25,6.0,4899.0,False,2.796067775535786,6.434682513035932,1.4191175956280669e-05,16.29301774140383,32.176908239570345,0.6593800886022265
10.0,269.0,25.0,100.0,240.0,123.0,30.3,63.1,2023-03-20 18:17:31,6.0,4905.0,False,2.794387821367839,6.707538435222404,1.4183727693181649e-05,16.28350884370671,34.78041450084618,0.6878125411810353
10.0,265.0,25.0,100.0,233.0,123.0,30.3,63.1,2023-03-20 18:17:38,7.0,4912.0,False,2.794387821367839,6.431886020328816,1.4183727693181649e-05,16.28350884370671,32.735757108146714,0.6878125411810353
10.0,257.0,25.0,100.0,231.0,120.0,30.3,63.0,2023-03-20 18:17:44,6.0,4918.0,False,2.796067775535786,5.909237326763864,1.4191175956280669e-05,16.29301774140383,32.176908239570345,0.6593800886022265
10.0,265.0,25.0,100.0,221.0,121.0,30.3,62.9,2023-03-20 18:17:51,7.0,4925.0,False,2.7977483866457247,6.437479634107007,1.4198626565658801e-05,16.302530193746897,29.40828894765968,0.6690765097569885
10.0,260.0,925.0,,,,,,2023-03-20 18:17:57,6.0,4931.0,False,2.817967004717604,6.136815246643597,39.37708026076351,16.416957096129213,30.239169674494768,0.6621142412592479
10.0,262.0,25.0,100.0,226.0,119.0,30.3,62.8,2023-03-20 18:18:04,7.0,4938.0,False,2.7994296548165574,6.239047657033478,1.4206079521562367e-05,16.312046201318093,30.795023920363477,0.6503783981179149
10.0,274.0,25.0,100.0,221.0,120.0,30.3,62.9,2023-03-20 18:18:10,6.0,4944.0,False,2.7977483866457247,7.070961410545459,1.4198626565658801e-05,16.302530193746897,29.40828894765968,0.6595902709448888
10.0,265.0,25.0,100.0,233.0,120.0,30.3,63.0,2023-03-20 18:18:16,6.0,4950.0,False,2.796067775535786,6.434682513035932,1.4191175956280669e-05,16.29301774140383,32.74916487762982,0.6593800886022265
10.0,269.0,25.0,100.0,226.0,121.0,30.3,63.2,2023-03-20 18:18:23,7.0,4957.0,False,2.7927085240229776,6.704622748043862,1.4176281776115405e-05,16.27400350007336,30.744629252052164,0.6684369637578677
10.0,262.0,25.0,100.0,238.0,121.0,30.3,63.4,2023-03-20 18:18:29,6.0,4963.0,False,2.7893518993268667,6.222794793863862,1.4161396979095733e-05,16.255003472669017,34.1474595559615,0.6680107157195212
10.0,277.0,25.0,100.0,231.0,119.0,30.3,63.5,2023-03-20 18:18:42,13.0,4976.0,False,2.7876745717377873,7.273490108064372,1.4153958098649501e-05,16.245508787733524,32.111067105316856,0.6489284473412068
10.0,262.0,25.0,100.0,243.0,119.0,30.3,63.6,2023-03-20 18:18:49,7.0,4983.0,False,2.7859979004961337,6.2173820424596755,1.4146521563250425e-05,16.236017654532763,35.60403484457287,0.6487214016757301
10.0,272.0,25.0,100.0,228.0,121.0,30.3,63.7,2023-03-20 18:18:55,6.0,4989.0,False,2.7843218854829797,6.9021447112637935,1.4139087372652016e-05,16.2265300724844,31.23889534496091,0.6673715176505834
10.0,269.0,25.0,100.0,233.0,120.0,30.2,63.6,2023-03-20 18:19:01,6.0,4995.0,False,2.790190809288853,6.7002504459129,1.4165117298788545e-05,16.259752147219256,32.70224938679658,0.6586446304369307
10.0,265.0,25.0,100.0,240.0,123.0,30.3,63.4,2023-03-20 18:19:08,7.0,5002.0,False,2.7893518993268667,6.423500312298872,1.4161396979095733e-05,16.255003472669017,34.73769591804953,0.6871548099786364
10.0,265.0,25.0,100.0,243.0,120.0,30.2,63.1,2023-03-20 18:19:14,6.0,5008.0,False,2.798588938591098,6.438878430281916,1.4202352750279511e-05,16.307287753092595,35.71358997911142,0.6596953706878224
10.0,260.0,25.0,100.0,238.0,122.0,30.3,63.0,2023-03-20 18:19:21,7.0,5015.0,False,2.796067775535786,6.102284579168903,1.4191175956280669e-05,16.29301774140383,34.203455464926634,0.678413829235308
10.0,262.0,25.0,100.0,223.0,120.0,30.3,63.0,2023-03-20 18:19:27,6.0,5021.0,False,2.796067775535786,6.2336276010791565,1.4191175956280669e-05,16.29301774140383,29.941668131953772,0.6593800886022265
10.0,262.0,25.0,100.0,233.0,118.0,30.3,62.9,2023-03-20 18:19:34,7.0,5028.0,False,2.7977483866457247,6.2363373246866365,1.4198626565658801e-05,16.302530193746897,32.76257532189541,0.6408191158853395
10.0,269.0,25.0,100.0,218.0,120.0,30.3,62.9,2023-03-20 18:19:40,6.0,5034.0,False,2.7977483866457247,6.713371775441806,1.4198626565658801e-05,16.302530193746897,28.599835174332842,0.6595902709448888
10.0,265.0,25.0,100.0,226.0,120.0,30.3,62.9,2023-03-20 18:19:46,6.0,5040.0,False,2.7977483866457247,6.437479634107007,1.4198626565658801e-05,16.302530193746897,30.78242148361892,0.6595902709448888
10.0,265.0,25.0,100.0,233.0,120.0,30.2,62.9,2023-03-20 18:19:53,7.0,5047.0,False,2.8019527893220757,6.44447518593763,1.4217263355691648e-05,16.32632688000102,32.79611313454845,0.6601158267968292
10.0,262.0,25.0,100.0,231.0,120.0,30.3,62.8,2023-03-20 18:19:59,6.0,5053.0,False,2.7994296548165574,6.239047657033478,1.4206079521562367e-05,16.312046201318093,32.20326308976952,0.6598004761447722
10.0,262.0,25.0,100.0,228.0,119.0,30.3,62.8,2023-03-20 18:20:06,7.0,5060.0,False,2.7994296548165574,6.239047657033478,1.4206079521562367e-05,16.312046201318093,31.35428498757522,0.6503783981179149
10.0,267.0,25.0,100.0,228.0,120.0,30.2,62.8,2023-03-20 18:20:12,6.0,5066.0,False,2.8036357006653256,6.5843158003198905,1.4224722178986254e-05,16.33585177818929,31.386374448320478,0.6603260891296505
9.0,,925.0,140.8,211.0,120.0,,,2023-03-20 18:20:19,7.0,5073.0,False,2.0785073812759505,6.20258995539127,39.37708026076351,43.50138384415975,26.891567260479658,0.6621142412592479
10.0,255.0,25.0,100.0,238.0,120.0,30.3,63.0,2023-03-20 18:20:25,6.0,5079.0,False,2.796067775535786,5.783142162239646,1.4191175956280669e-05,16.29301774140383,34.203455464926634,0.6593800886022265
10.0,255.0,25.0,100.0,240.0,119.0,30.3,63.0,2023-03-20 18:20:31,6.0,5085.0,False,2.796067775535786,5.783142162239646,1.4191175956280669e-05,16.29301774140383,34.79465971224037,0.6499640137905389
10.0,255.0,25.0,100.0,223.0,120.0,30.3,62.8,2023-03-20 18:20:38,7.0,5092.0,False,2.7994296548165574,5.788170527120746,1.4206079521562367e-05,16.312046201318093,29.966192184185758,0.6598004761447722
10.0,265.0,25.0,100.0,223.0,119.0,30.3,62.8,2023-03-20 18:20:44,6.0,5098.0,False,2.7994296548165574,6.4402773835512805,1.4206079521562367e-05,16.312046201318093,29.966192184185758,0.6503783981179149
10.0,253.0,25.0,100.0,231.0,122.0,30.3,62.9,2023-03-20 18:20:51,7.0,5105.0,False,2.7977483866457247,5.6615564567505805,1.4198626565658801e-05,16.302530193746897,32.19008435066198,0.6786300787253787
10.0,265.0,25.0,100.0,223.0,120.0,30.2,62.8,2023-03-20 18:20:57,6.0,5111.0,False,2.8036357006653256,6.447274506355285,1.4224722178986254e-05,16.33585177818929,29.996861004991604,0.6603260891296505
10.0,253.0,25.0,100.0,238.0,120.0,30.3,62.9,2023-03-20 18:21:04,7.0,5118.0,False,2.7977483866457247,5.6615564567505805,1.4198626565658801e-05,16.302530193746897,34.21746142614479,0.6595902709448888
10.0,255.0,25.0,100.0,238.0,121.0,30.3,63.1,2023-03-20 18:21:10,6.0,5124.0,False,2.794387821367839,5.780628826912201,1.4183727693181649e-05,16.28350884370671,34.1894522972699,0.6686501225677091
10.0,262.0,25.0,100.0,238.0,123.0,30.3,63.3,2023-03-20 18:21:16,6.0,5130.0,False,2.7910298833822913,6.225502082603389,1.4168838204835561e-05,16.264501709921536,34.161454342757985,0.6873740298534894
10.0,272.0,25.0,100.0,221.0,120.0,30.3,63.3,2023-03-20 18:21:23,7.0,5137.0,False,2.7910298833822913,6.914167732272212,1.4168838204835561e-05,16.264501709921536,29.360153509707636,0.6587496787407038
10.0,269.0,25.0,100.0,223.0,120.0,30.3,63.3,2023-03-20 18:21:29,6.0,5143.0,False,2.7910298833822913,6.701707716139913,1.4168838204835561e-05,16.264501709921536,29.9049003947749,0.6587496787407038
10.0,272.0,25.0,100.0,233.0,121.0,30.2,63.2,2023-03-20 18:21:36,7.0,5150.0,False,2.7969079989655743,6.924696748636937,1.4194900967669448e-05,16.297773523208242,32.75586976541656,0.6689699042642023
10.0,269.0,25.0,100.0,233.0,122.0,30.3,63.1,2023-03-20 18:21:42,6.0,5156.0,False,2.794387821367839,6.707538435222404,1.4183727693181649e-05,16.28350884370671,32.735757108146714,0.6781976032646377
10.0,,92.0,,,,,,2023-03-20 18:21:49,7.0,5163.0,False,2.817967004717604,6.335753546327547,0.0004416210176114737,16.416957096129213,31.92047888916222,0.6716367798565496
10.0,257.0,25.0,100.0,226.0,120.0,30.3,,2023-03-20 18:21:55,6.0,5169.0,False,2.817967004717604,5.9426756081996555,1.4288216977600418e-05,16.416957096129213,30.933816581189593,0.6621142412592479
10.0,260.0,25.0,100.0,223.0,121.0,30.2,62.6,2023-03-20 18:22:01,6.0,5175.0,False,2.807003495901794,6.1195373232237005,1.4239646867983654e-05,16.354912246944345,30.021407065798833,0.6702495526813899
10.0,250.0,25.0,100.0,228.0,120.0,30.3,62.6,2023-03-20 18:22:08,7.0,5182.0,False,2.8027941628165034,5.486336305681164,1.4220992473930924e-05,16.33108888447335,31.379955276838373,0.6602209551069541
10.0,265.0,25.0,100.0,223.0,121.0,30.3,62.6,2023-03-20 18:22:14,6.0,5188.0,False,2.8027941628165034,6.445874767596347,1.4220992473930924e-05,16.33108888447335,29.990726018135028,0.6697162644297023
10.0,265.0,25.0,100.0,235.0,122.0,30.3,62.6,2023-03-20 18:22:21,7.0,5195.0,False,2.8027941628165034,6.445874767596347,1.4220992473930924e-05,16.33108888447335,33.38142588654075,0.6792789682881982
10.0,255.0,25.0,100.0,221.0,120.0,30.2,62.5,2023-03-20 18:22:27,6.0,5201.0,False,2.808688380032786,5.802010178833841,1.4247112734178827e-05,16.364447818675185,29.486590964622923,0.6609570132136611
10.0,243.0,25.0,100.0,233.0,120.0,30.3,62.5,2023-03-20 18:22:34,7.0,5208.0,False,2.8044774028834043,5.0796747457195135,1.4228452470888419e-05,16.34061556122162,32.81624384622103,0.6604312288646299
10.0,255.0,25.0,100.0,233.0,122.0,30.3,62.5,2023-03-20 18:22:40,6.0,5214.0,False,2.8044774028834043,5.795717310132399,1.4228452470888419e-05,16.34061556122162,32.81624384622103,0.6794953118320786
10.0,265.0,25.0,100.0,233.0,120.0,30.3,62.4,2023-03-20 18:22:46,6.0,5220.0,False,2.8061613004867794,6.451474665244977,1.4235914815356345e-05,16.350145795526387,32.829667663977936,0.6606415254702813
10.0,250.0,25.0,100.0,231.0,122.0,30.2,62.3,2023-03-20 18:22:53,7.0,5227.0,False,2.8120601219146906,5.499448757052534,1.4262051511192845e-05,16.383529639753416,32.30218739830066,0.6804691486506524
10.0,265.0,25.0,100.0,218.0,120.0,30.3,62.3,2023-03-20 18:23:06,13.0,5240.0,False,2.807845855745511,6.454275556693692,1.4243379507580891e-05,16.359679587969698,28.67012346428486,0.660851844921599
10.0,250.0,25.0,100.0,221.0,120.0,30.2,62.3,2023-03-20 18:23:12,6.0,5246.0,False,2.8120601219146906,5.499448757052534,1.4262051511192845e-05,16.383529639753416,29.51070429957236,0.6613777434845325
10.0,250.0,25.0,100.0,231.0,122.0,30.3,62.3,2023-03-20 18:23:19,7.0,5253.0,False,2.807845855745511,5.4934865460880715,1.4243379507580891e-05,16.359679587969698,32.26919620458097,0.6799280694399876
10.0,255.0,25.0,100.0,231.0,122.0,30.3,62.4,2023-03-20 18:23:25,6.0,5259.0,False,2.8061613004867794,5.7982340340201315,1.4235914815356345e-05,16.350145795526387,32.25600432580742,0.6797116788834671
10.0,253.0,25.0,100.0,228.0,122.0,30.3,62.5,2023-03-20 18:23:32,7.0,5266.0,False,2.8044774028834043,5.671401895535543,1.4228452470888419e-05,16.34061556122162,31.39279425946243,0.6794953118320786
10.0,260.0,25.0,100.0,223.0,119.0,30.3,62.5,2023-03-20 18:23:38,6.0,5272.0,False,2.8044774028834043,6.115553685982107,1.4228452470888419e-05,16.34061556122162,30.002996603189484,0.6510001435673067
10.0,260.0,25.0,100.0,221.0,120.0,30.2,62.4,2023-03-20 18:23:44,6.0,5278.0,False,2.8103739219974595,6.12485092541551,1.4254580948499847e-05,16.373986949417546,29.498646431737747,0.661167366929149
10.0,255.0,25.0,100.0,218.0,120.0,30.3,62.6,2023-03-20 18:23:51,7.0,5285.0,False,2.8027941628165034,5.793201151025454,1.4220992473930924e-05,16.33108888447335,28.63496881256243,0.6602209551069541
10.0,255.0,25.0,100.0,221.0,120.0,30.3,62.6,2023-03-20 18:23:57,6.0,5291.0,False,2.8027941628165034,5.793201151025454,1.4220992473930924e-05,16.33108888447335,29.4444157357527,0.6602209551069541
10.0,257.0,25.0,100.0,233.0,120.0,30.3,62.7,2023-03-20 18:24:04,7.0,5298.0,False,2.801111580167185,5.9169451967784585,1.4213534824237661e-05,16.321565764699535,32.78940423466171,0.6600107041995649
10.0,250.0,25.0,100.0,218.0,120.0,30.2,62.7,2023-03-20 18:24:10,6.0,5304.0,False,2.8053192694856013,5.489910824157696,1.4232183349668193e-05,16.34538023364306,28.65254351177836,0.6605363743116031
10.0,260.0,25.0,100.0,228.0,120.0,30.2,62.7,2023-03-20 18:24:17,7.0,5311.0,False,2.8053192694856013,6.116881416074135,1.4232183349668193e-05,16.34538023364306,31.39921471026084,0.6605363743116031
10.0,255.0,25.0,100.0,218.0,118.0,30.3,62.6,2023-03-20 18:24:23,6.0,5317.0,False,2.8027941628165034,5.793201151025454,1.4220992473930924e-05,16.33108888447335,28.63496881256243,0.6414318515258436
10.0,250.0,25.0,100.0,231.0,121.0,30.2,62.3,2023-03-20 18:24:29,6.0,5323.0,False,2.8120601219146906,5.499448757052534,1.4262051511192845e-05,16.383529639753416,32.30218739830066,0.6708896897579576
10.0,253.0,25.0,100.0,226.0,121.0,30.3,62.4,2023-03-20 18:24:36,7.0,5330.0,False,2.8061613004867794,5.673864636877753,1.4235914815356345e-05,16.350145795526387,30.845458797749938,0.6701428834433503
10.0,255.0,25.0,100.0,228.0,121.0,30.2,62.4,2023-03-20 18:24:42,6.0,5336.0,False,2.8103739219974595,5.804528314709812,1.4254580948499847e-05,16.373986949417546,31.437750847649315,0.6706762875632757
10.0,257.0,25.0,100.0,218.0,120.0,30.3,62.4,2023-03-20 18:24:49,7.0,5343.0,False,2.8061613004867794,5.92465826049748,1.4235914815356345e-05,16.350145795526387,28.658402912252328,0.6606415254702813
10.0,260.0,25.0,100.0,221.0,121.0,30.3,62.5,2023-03-20 18:24:55,6.0,5349.0,False,2.8044774028834043,6.115553685982107,1.4228452470888419e-05,16.34061556122162,29.456462800150078,0.6699295623482384
10.0,245.0,25.0,100.0,233.0,119.0,30.2,62.5,2023-03-20 18:25:02,7.0,5356.0,False,2.808688380032786,5.199769199964402,1.4247112734178827e-05,16.364447818675185,32.84980840550596,0.6515184196144481
10.0,255.0,25.0,100.0,216.0,119.0,30.3,62.5,2023-03-20 18:25:08,6.0,5362.0,False,2.8044774028834043,5.795717310132399,1.4228452470888419e-05,16.34061556122162,28.113499035618453,0.6510001435673067
10.0,260.0,25.0,100.0,218.0,119.0,30.3,62.3,2023-03-20 18:25:14,6.0,5368.0,False,2.807845855745511,6.120865500283428,1.4243379507580891e-05,16.359679587969698,28.67012346428486,0.651414753145876
10.0,262.0,25.0,100.0,228.0,122.0,30.3,62.2,2023-03-20 18:25:21,7.0,5375.0,False,2.809531068778484,6.255322435141814,1.4250846547808223e-05,16.369216939133555,31.43132655898253,0.6801444834992643
10.0,255.0,25.0,100.0,216.0,121.0,30.3,62.2,2023-03-20 18:25:27,6.0,5381.0,False,2.809531068778484,5.8032691761711215,1.4250846547808223e-05,16.369216939133555,28.14800624630016,0.6705695951539306
10.0,260.0,25.0,100.0,218.0,121.0,30.3,62.2,2023-03-20 18:25:34,7.0,5388.0,False,2.809531068778484,6.12352230137824,1.4250846547808223e-05,16.369216939133555,28.681846351076487,0.6705695951539306
10.0,255.0,25.0,100.0,216.0,119.0,30.3,62.1,2023-03-20 18:25:40,6.0,5394.0,False,2.8112169397045768,5.805787594450958,1.4258315936284477e-05,16.378757849599936,28.159513232451584,0.6518294527930453
10.0,253.0,25.0,100.0,223.0,120.0,30.3,62.1,2023-03-20 18:25:47,7.0,5401.0,False,2.8112169397045768,5.681256176984537,1.4258315936284477e-05,16.378757849599936,30.0521033966745,0.6612725523519981
10.0,250.0,25.0,100.0,218.0,119.0,30.3,62.1,2023-03-20 18:25:53,6.0,5407.0,False,2.8112169397045768,5.4982560474136815,1.4258315936284477e-05,16.378757849599936,28.693571572602714,0.6518294527930453
10.0,255.0,25.0,100.0,221.0,122.0,30.3,62.1,2023-03-20 18:25:59,6.0,5413.0,False,2.8112169397045768,5.805787594450958,1.4258315936284477e-05,16.378757849599936,29.504675065566655,0.6803609210589223
10.0,257.0,25.0,100.0,216.0,120.0,30.3,62.1,2023-03-20 18:26:06,7.0,5420.0,False,2.8112169397045768,5.932376518149739,1.4258315936284477e-05,16.378757849599936,28.159513232451584,0.6612725523519981
10.0,248.0,25.0,100.0,228.0,120.0,30.3,62.0,2023-03-20 18:26:12,6.0,5426.0,False,2.8129034686426646,5.381081113535604,1.4265787673255743e-05,16.388302319950775,31.457027551434287,0.6614829403264639
10.0,253.0,25.0,100.0,228.0,122.0,30.3,62.0,2023-03-20 18:26:19,7.0,5433.0,False,2.8129034686426646,5.683721129073885,1.4265787673255743e-05,16.388302319950775,31.457027551434287,0.6805773821165879
10.0,255.0,25.0,100.0,221.0,122.0,30.3,62.0,2023-03-20 18:26:25,6.0,5439.0,False,2.8129034686426646,5.8083065775447364,1.4265787673255743e-05,16.388302319950775,29.516734133751726,0.6805773821165879
10.0,253.0,25.0,100.0,218.0,120.0,30.3,62.2,2023-03-20 18:26:32,7.0,5446.0,False,2.809531068778484,5.67879177759414,1.4250846547808223e-05,16.369216939133555,28.681846351076487,0.6610621872162742
10.0,262.0,25.0,100.0,216.0,119.0,30.2,62.1,2023-03-20 18:26:38,6.0,5452.0,False,2.815434496082319,6.264826176913333,1.4276999682679122e-05,16.40262570153336,28.1882907220201,0.6523479539832513
10.0,253.0,25.0,100.0,216.0,121.0,30.2,61.9,2023-03-20 18:26:44,6.0,5458.0,False,2.818811503486618,5.692352814007873,1.4291957250606116e-05,16.421736008670187,28.211323024072218,0.6717435301736827
10.0,253.0,25.0,100.0,218.0,119.0,30.3,61.9,2023-03-20 18:26:51,7.0,5465.0,False,2.8145906557116196,5.686186633870291,1.4273261758968124e-05,16.397850350768,28.71702901976113,0.6522442424906154
10.0,241.0,25.0,100.0,223.0,120.0,30.3,61.9,2023-03-20 18:26:57,6.0,5471.0,False,2.8145906557116196,4.980061794825003,1.4273261758968124e-05,16.397850350768,30.07667146501841,0.6616933511373647
10.0,245.0,25.0,100.0,226.0,121.0,30.2,61.8,2023-03-20 18:27:04,7.0,5478.0,False,2.820500994949677,5.215577127003106,1.429943955884991e-05,16.43129650570205,30.95276641119042,0.6719570481751708
10.0,245.0,25.0,100.0,223.0,120.0,30.3,61.8,2023-03-20 18:27:10,6.0,5484.0,False,2.8162785010303115,5.209928591375665,1.428073819366767e-05,16.407401942633516,30.088959167001047,0.6619037847823943
10.0,243.0,25.0,100.0,228.0,121.0,30.2,61.8,2023-03-20 18:27:17,7.0,5491.0,False,2.820500994949677,5.100649743247621,1.429943955884991e-05,16.43129650570205,31.514892202066374,0.6719570481751708
10.0,243.0,25.0,100.0,223.0,120.0,30.3,61.8,2023-03-20 18:27:23,6.0,5497.0,False,2.8162785010303115,5.0951256754222864,1.428073819366767e-05,16.407401942633516,30.088959167001047,0.6619037847823943
10.0,260.0,25.0,100.0,218.0,119.0,30.2,61.8,2023-03-20 18:27:29,6.0,5503.0,False,2.820500994949677,6.140806035761901,1.429943955884991e-05,16.43129650570205,28.758102023284977,0.6529703410904419
10.0,260.0,25.0,100.0,228.0,121.0,30.3,61.9,2023-03-20 18:27:36,7.0,5510.0,False,2.8145906557116196,6.131496280544225,1.4273261758968124e-05,16.397850350768,31.46988188541122,0.6712098364855726
10.0,262.0,25.0,100.0,218.0,119.0,30.2,62.0,2023-03-20 18:27:42,6.0,5516.0,False,2.817122670570453,6.2675429015631305,1.4284477291964517e-05,16.41217907414123,28.734628233626353,0.6525553938484271
10.0,255.0,25.0,100.0,216.0,120.0,30.3,62.1,2023-03-20 18:27:49,7.0,5523.0,False,2.8112169397045768,5.805787594450958,1.4258315936284477e-05,16.378757849599936,28.159513232451584,0.6612725523519981
10.0,255.0,25.0,100.0,216.0,120.0,30.2,62.0,2023-03-20 18:27:55,6.0,5529.0,False,2.817122670570453,5.814606506394556,1.4284477291964517e-05,16.41217907414123,28.199805727460447,0.6620090101669871
10.0,245.0,25.0,100.0,223.0,120.0,30.2,61.9,2023-03-20 18:28:02,7.0,5536.0,False,2.818811503486618,5.213317333087751,1.4291957250606116e-05,16.421736008670187,30.107395304666316,0.662219478058888
10.0,243.0,25.0,100.0,228.0,121.0,30.3,61.9,2023-03-20 18:28:08,6.0,5542.0,False,2.8145906557116196,5.09291691464431,1.4273261758968124e-05,16.397850350768,31.46988188541122,0.6712098364855726
10.0,248.0,25.0,100.0,221.0,120.0,30.3,61.9,2023-03-20 18:28:14,6.0,5548.0,False,2.8145906557116196,5.383415338068084,1.4273261758968124e-05,16.397850350768,29.528795602618846,0.6616933511373647
10.0,250.0,25.0,100.0,216.0,121.0,30.3,61.8,2023-03-20 18:28:21,7.0,5555.0,False,2.8162785010303115,5.505414311140567,1.428073819366767e-05,16.407401942633516,28.194047938342344,0.6714232965909653
10.0,260.0,25.0,100.0,218.0,121.0,30.3,61.8,2023-03-20 18:28:27,6.0,5561.0,False,2.8162785010303115,6.134155465589214,1.428073819366767e-05,16.407401942633516,28.7287612453444,0.6714232965909653
10.0,250.0,25.0,100.0,216.0,119.0,30.2,61.7,2023-03-20 18:28:34,7.0,5568.0,False,2.8221911450784862,5.5137717035447755,1.4306924216941871e-05,16.440860565818628,28.234364490714043,0.6531778484627393
10.0,260.0,25.0,100.0,221.0,120.0,30.3,62.0,2023-03-20 18:28:40,6.0,5574.0,False,2.8129034686426646,6.128837691499897,1.4265787673255743e-05,16.388302319950775,29.516734133751726,0.6614829403264639
10.0,260.0,25.0,100.0,216.0,120.0,30.3,62.0,2023-03-20 18:28:47,7.0,5581.0,False,2.8129034686426646,6.128837691499897,1.4265787673255743e-05,16.388302319950775,28.171022509858435,0.6614829403264639
10.0,260.0,25.0,100.0,216.0,120.0,30.3,61.9,2023-03-20 18:28:53,6.0,5587.0,False,2.8145906557116196,6.131496280544225,1.4273261758968124e-05,16.397850350768,28.182534078496694,0.6616933511373647
10.0,243.0,25.0,100.0,231.0,120.0,30.2,61.8,2023-03-20 18:28:59,6.0,5593.0,False,2.820500994949677,5.100649743247621,1.429943955884991e-05,16.43129650570205,32.368219056216326,0.6624299687791562
10.0,248.0,25.0,100.0,226.0,120.0,30.3,61.8,2023-03-20 18:29:12,13.0,5606.0,False,2.8162785010303115,5.385750085885412,1.428073819366767e-05,16.407401942633516,30.921186502155333,0.6619037847823943
10.0,250.0,25.0,100.0,228.0,121.0,30.2,61.9,2023-03-20 18:29:19,7.0,5613.0,False,2.818811503486618,5.508995248343692,1.4291957250606116e-05,16.421736008670187,31.502028913579245,0.6717435301736827
10.0,245.0,25.0,100.0,231.0,123.0,30.3,62.1,2023-03-20 18:29:25,6.0,5619.0,False,2.8112169397045768,5.2031545248390465,1.4258315936284477e-05,16.378757849599936,32.29558784565212,0.6900065287479427
10.0,262.0,25.0,100.0,216.0,119.0,30.3,62.3,2023-03-20 18:29:32,7.0,5626.0,False,2.807845855745511,6.252608450171049,1.4243379507580891e-05,16.359679587969698,28.136501551428125,0.651414753145876
10.0,262.0,25.0,100.0,216.0,120.0,30.3,62.4,2023-03-20 18:29:44,12.0,5638.0,False,2.8061613004867794,6.249895073993284,1.4235914815356345e-05,16.350145795526387,28.12499914785956,0.6606415254702813
10.0,265.0,25.0,100.0,216.0,120.0,30.3,62.5,2023-03-20 18:29:51,7.0,5645.0,False,2.8044774028834043,6.4486744022156035,1.4228452470888419e-05,16.34061556122162,28.113499035618453,0.6604312288646299
10.0,253.0,25.0,100.0,221.0,119.0,30.3,62.5,2023-03-20 18:29:57,6.0,5651.0,False,2.8044774028834043,5.671401895535543,1.4228452470888419e-05,16.34061556122162,29.456462800150078,0.6510001435673067
10.0,257.0,25.0,100.0,223.0,119.0,30.3,62.5,2023-03-20 18:30:04,7.0,5658.0,False,2.8044774028834043,5.922086662165409,1.4228452470888419e-05,16.34061556122162,30.002996603189484,0.6510001435673067
10.0,265.0,25.0,100.0,218.0,120.0,30.2,62.4,2023-03-20 18:30:10,6.0,5664.0,False,2.8103739219974595,6.458478072173217,1.4254580948499847e-05,16.373986949417546,28.6877086699993,0.661167366929149
10.0,253.0,25.0,100.0,216.0,120.0,30.2,62.4,2023-03-20 18:30:17,7.0,5671.0,False,2.8103739219974595,5.6800239082024735,1.4254580948499847e-05,16.373986949417546,28.15375945296744,0.661167366929149
10.0,250.0,25.0,100.0,223.0,121.0,30.3,62.4,2023-03-20 18:30:23,6.0,5677.0,False,2.8061613004867794,5.49110259774942,1.4235914815356345e-05,16.350145795526387,30.015269633596308,0.6701428834433503
10.0,257.0,25.0,100.0,231.0,121.0,30.3,62.3,2023-03-20 18:30:29,6.0,5683.0,False,2.807845855745511,5.927230435933245,1.4243379507580891e-05,16.359679587969698,32.26919620458097,0.6703562277126951
10.0,262.0,25.0,100.0,216.0,119.0,30.3,62.3,2023-03-20 18:30:36,7.0,5690.0,False,2.807845855745511,6.252608450171049,1.4243379507580891e-05,16.359679587969698,28.136501551428125,0.651414753145876
10.0,255.0,25.0,100.0,223.0,120.0,30.3,62.3,2023-03-20 18:30:42,6.0,5696.0,False,2.807845855745511,5.800751322696942,1.4243379507580891e-05,16.359679587969698,30.02754510932984,0.660851844921599
10.0,260.0,25.0,100.0,218.0,122.0,30.3,62.3,2023-03-20 18:30:49,7.0,5703.0,False,2.807845855745511,6.120865500283428,1.4243379507580891e-05,16.359679587969698,28.67012346428486,0.6799280694399876
10.0,255.0,25.0,100.0,231.0,120.0,30.3,62.2,2023-03-20 18:30:55,6.0,5709.0,False,2.809531068778484,5.8032691761711215,1.4250846547808223e-05,16.369216939133555,32.28239071120507,0.6610621872162742
10.0,253.0,25.0,100.0,228.0,120.0,30.3,62.2,2023-03-20 18:31:02,7.0,5716.0,False,2.809531068778484,5.67879177759414,1.4250846547808223e-05,16.369216939133555,31.43132655898253,0.6610621872162742
10.0,262.0,25.0,100.0,218.0,122.0,30.2,62.2,2023-03-20 18:31:08,6.0,5722.0,False,2.8137469799033545,6.262110061096725,1.4269524422503915e-05,16.39307589026472,28.711163782465924,0.6806856214564316
10.0,255.0,25.0,100.0,221.0,120.0,30.2,62.1,2023-03-20 18:31:14,6.0,5728.0,False,2.815434496082319,5.812086111229672,1.4276999682679122e-05,16.40262570153336,29.534827237300323,0.6617985651057575
10.0,255.0,25.0,100.0,226.0,122.0,30.3,62.2,2023-03-20 18:31:21,7.0,5735.0,False,2.809531068778484,5.8032691761711215,1.4250846547808223e-05,16.369216939133555,30.870691314319064,0.6801444834992643
10.0,260.0,25.0,100.0,218.0,122.0,30.3,62.2,2023-03-20 18:31:27,6.0,5741.0,False,2.809531068778484,6.12352230137824,1.4250846547808223e-05,16.369216939133555,28.681846351076487,0.6801444834992643
10.0,253.0,25.0,100.0,228.0,120.0,30.3,62.2,2023-03-20 18:31:34,7.0,5748.0,False,2.809531068778484,5.67879177759414,1.4250846547808223e-05,16.369216939133555,31.43132655898253,0.6610621872162742
10.0,265.0,25.0,100.0,216.0,122.0,30.2,62.2,2023-03-20 18:31:47,13.0,5761.0,False,2.8137469799033545,6.464083625699698,1.4269524422503915e-05,16.39307589026472,28.17677800777514,0.6806856214564316
10.0,255.0,25.0,100.0,223.0,120.0,30.3,62.3,2023-03-20 18:31:53,6.0,5767.0,False,2.807845855745511,5.800751322696942,1.4243379507580891e-05,16.359679587969698,30.02754510932984,0.660851844921599
10.0,248.0,25.0,100.0,228.0,119.0,30.3,62.3,2023-03-20 18:31:59,6.0,5773.0,False,2.807845855745511,5.374081579570472,1.4243379507580891e-05,16.359679587969698,31.418479900561334,0.651414753145876
10.0,262.0,25.0,100.0,221.0,119.0,30.3,62.3,2023-03-20 18:32:06,7.0,5780.0,False,2.807845855745511,6.252608450171049,1.4243379507580891e-05,16.359679587969698,29.480564131343286,0.651414753145876
10.0,255.0,25.0,100.0,216.0,121.0,30.2,62.2,2023-03-20 18:32:12,6.0,5786.0,False,2.8137469799033545,5.809566280899444,1.4269524422503915e-05,16.39307589026472,28.17677800777514,0.6711031151186788
10.0,255.0,25.0,100.0,221.0,119.0,30.3,62.3,2023-03-20 18:32:19,7.0,5793.0,False,2.807845855745511,5.800751322696942,1.4243379507580891e-05,16.359679587969698,29.480564131343286,0.651414753145876
10.0,255.0,25.0,100.0,226.0,120.0,30.2,62.2,2023-03-20 18:32:25,6.0,5799.0,False,2.8137469799033545,5.809566280899444,1.4269524422503915e-05,16.39307589026472,30.902246095119217,0.661588142877504
10.0,260.0,25.0,100.0,228.0,121.0,30.3,62.2,2023-03-20 18:32:32,7.0,5806.0,False,2.809531068778484,6.12352230137824,1.4250846547808223e-05,16.369216939133555,31.43132655898253,0.6705695951539306
10.0,250.0,25.0,100.0,228.0,120.0,30.3,62.1,2023-03-20 18:32:38,6.0,5812.0,False,2.8112169397045768,5.4982560474136815,1.4258315936284477e-05,16.378757849599936,31.444175775949113,0.6612725523519981
10.0,250.0,25.0,100.0,216.0,120.0,30.2,62.0,2023-03-20 18:32:44,6.0,5818.0,False,2.817122670570453,5.506607823143789,1.4284477291964517e-05,16.41217907414123,28.199805727460447,0.6620090101669871
10.0,248.0,25.0,100.0,226.0,120.0,30.2,62.0,2023-03-20 18:32:51,7.0,5825.0,False,2.817122670570453,5.38691765602829,1.4284477291964517e-05,16.41217907414123,30.92750122757364,0.6620090101669871
10.0,250.0,25.0,100.0,216.0,120.0,30.2,61.8,2023-03-20 18:32:57,6.0,5831.0,False,2.820500994949677,5.511383208474742,1.429943955884991e-05,16.43129650570205,28.222842611831414,0.6624299687791562
10.0,253.0,25.0,100.0,216.0,120.0,30.3,61.7,2023-03-20 18:33:04,7.0,5838.0,False,2.817967004717604,5.691119301616699,1.4288216977600418e-05,16.416957096129213,28.20556408937142,0.6621142412592479
10.0,255.0,25.0,100.0,231.0,119.0,30.2,61.6,2023-03-20 18:33:10,6.0,5844.0,False,2.823881953991897,5.824693735566232,1.4314411225127935e-05,16.450428189601684,32.394650113083735,0.6533853783328694
10.0,260.0,25.0,100.0,216.0,120.0,30.3,61.7,2023-03-20 18:33:17,7.0,5851.0,False,2.817967004717604,6.136815246643597,1.4288216977600418e-05,16.416957096129213,28.20556408937142,0.6621142412592479
10.0,255.0,25.0,100.0,216.0,119.0,30.3,61.8,2023-03-20 18:33:23,6.0,5857.0,False,2.8162785010303115,5.813346238207265,1.428073819366767e-05,16.407401942633516,28.194047938342344,0.6524516711026166
10.0,250.0,25.0,100.0,226.0,119.0,30.2,61.8,2023-03-20 18:33:29,6.0,5863.0,False,2.820500994949677,5.511383208474742,1.429943955884991e-05,16.43129650570205,30.95276641119042,0.6529703410904419
10.0,250.0,25.0,100.0,223.0,122.0,30.2,61.8,2023-03-20 18:33:36,7.0,5870.0,False,2.820500994949677,5.511383208474742,1.429943955884991e-05,16.43129650570205,30.11968911953338,0.681551747600307
10.0,245.0,25.0,100.0,228.0,122.0,30.3,62.0,2023-03-20 18:33:42,6.0,5876.0,False,2.8129034686426646,5.205412040821016,1.4265787673255743e-05,16.388302319950775,31.457027551434287,0.6805773821165879
10.0,248.0,25.0,100.0,221.0,121.0,30.3,62.1,2023-03-20 18:33:49,7.0,5883.0,False,2.8112169397045768,5.3787474122802905,1.4258315936284477e-05,16.378757849599936,29.504675065566655,0.6707829857647156
10.0,245.0,25.0,100.0,218.0,120.0,30.2,62.1,2023-03-20 18:34:02,13.0,5896.0,False,2.815434496082319,5.2087992639108425,1.4276999682679122e-05,16.40262570153336,28.72289484072164,0.6617985651057575
10.0,243.0,25.0,100.0,228.0,122.0,30.3,61.9,2023-03-20 18:34:08,6.0,5902.0,False,2.8145906557116196,5.09291691464431,1.4273261758968124e-05,16.397850350768,31.46988188541122,0.6807938666698875
10.0,250.0,25.0,100.0,218.0,122.0,30.3,61.8,2023-03-20 18:34:14,6.0,5908.0,False,2.8162785010303115,5.505414311140567,1.428073819366767e-05,16.407401942633516,28.7287612453444,0.6810103747164487
10.0,248.0,25.0,100.0,223.0,122.0,30.3,61.8,2023-03-20 18:34:21,7.0,5915.0,False,2.8162785010303115,5.385750085885412,1.428073819366767e-05,16.407401942633516,30.088959167001047,0.6810103747164487
10.0,243.0,25.0,100.0,228.0,121.0,30.2,61.8,2023-03-20 18:34:27,6.0,5921.0,False,2.820500994949677,5.100649743247621,1.429943955884991e-05,16.43129650570205,31.514892202066374,0.6719570481751708
10.0,255.0,25.0,100.0,223.0,121.0,30.2,61.7,2023-03-20 18:34:34,7.0,5928.0,False,2.8221911450784862,5.822171080979936,1.4306924216941871e-05,16.440860565818628,30.131985379509413,0.6721705893310074
10.0,238.0,25.0,100.0,226.0,119.0,30.3,61.7,2023-03-20 18:34:40,6.0,5934.0,False,2.817967004717604,4.8184585083606475,1.4288216977600418e-05,16.416957096129213,30.933816581189593,0.652659122220399
10.0,253.0,25.0,100.0,216.0,122.0,30.3,61.5,2023-03-20 18:34:47,7.0,5941.0,False,2.821345987673434,5.696054180288584,1.43031815941495e-05,16.436078090338388,28.228603264883795,0.6816600397919862
10.0,243.0,25.0,100.0,223.0,120.0,30.3,61.5,2023-03-20 18:34:53,6.0,5947.0,False,2.821345987673434,5.101754928113726,1.43031815941495e-05,16.436078090338388,30.12583694388438,0.662535222699208
10.0,245.0,25.0,100.0,223.0,122.0,30.3,61.5,2023-03-20 18:34:59,6.0,5953.0,False,2.821345987673434,5.216707213795752,1.43031815941495e-05,16.436078090338388,30.12583694388438,0.6816600397919862
10.0,253.0,25.0,100.0,216.0,120.0,30.3,61.6,2023-03-20 18:35:06,7.0,5960.0,False,2.8196561668923588,5.693586464582907,1.4295698111012364e-05,16.426515811836897,28.21708253155989,0.6623247205656203
10.0,243.0,25.0,100.0,221.0,120.0,30.3,61.7,2023-03-20 18:35:12,6.0,5966.0,False,2.817967004717604,5.097334931255014,1.4288216977600418e-05,16.416957096129213,29.55292574229869,0.6621142412592479
10.0,253.0,25.0,100.0,216.0,121.0,30.3,61.7,2023-03-20 18:35:19,7.0,5973.0,False,2.817967004717604,5.691119301616699,1.4288216977600418e-05,16.416957096129213,28.20556408937142,0.6716367798565496
9.0,238.0,92.0,,,,,,2023-03-20 18:35:31,12.0,5985.0,False,2.0785073812759505,4.8184585083606475,0.0004416210176114737,16.416957096129213,28.875064080142195,0.6716367798565496
10.0,241.0,25.0,100.0,221.0,121.0,30.2,61.4,2023-03-20 18:35:38,7.0,5992.0,False,2.8272655486479197,4.9962722172478395,1.4329392292766015e-05,16.46957413049426,29.619333138325274,0.6728113517012515
10.0,243.0,25.0,100.0,218.0,121.0,30.2,61.4,2023-03-20 18:35:44,6.0,5998.0,False,2.8272655486479197,5.109494687762824,1.4329392292766015e-05,16.46957413049426,28.805077617314783,0.6728113517012515
10.0,241.0,25.0,100.0,221.0,120.0,30.3,61.5,2023-03-20 18:35:51,7.0,6005.0,False,2.821345987673434,4.988703964716808,1.43031815941495e-05,16.436078090338388,29.577065484405022,0.662535222699208
10.0,253.0,25.0,100.0,216.0,122.0,30.2,61.4,2023-03-20 18:35:57,6.0,6011.0,False,2.8272655486479197,5.704695538198729,1.4329392292766015e-05,16.46957413049426,28.26894387386278,0.6824182495036097
10.0,245.0,25.0,100.0,221.0,120.0,30.3,61.5,2023-03-20 18:36:04,7.0,6018.0,False,2.821345987673434,5.216707213795752,1.43031815941495e-05,16.436078090338388,29.577065484405022,0.662535222699208
10.0,238.0,25.0,100.0,218.0,122.0,30.3,61.4,2023-03-20 18:36:10,6.0,6024.0,False,2.823036467179687,4.824726476990936,1.4310667427257765e-05,16.445643932215482,28.77571349380077,0.6818766417878823
10.0,243.0,25.0,100.0,216.0,120.0,30.2,61.3,2023-03-20 18:36:17,7.0,6031.0,False,2.828958334628222,5.111707161628233,1.4336886352709784e-05,16.47915244876719,28.280474916999434,0.6634827647254042
10.0,250.0,25.0,100.0,216.0,120.0,30.2,61.3,2023-03-20 18:36:23,6.0,6037.0,False,2.828958334628222,5.523331033371492,1.4336886352709784e-05,16.47915244876719,28.280474916999434,0.6634827647254042
10.0,250.0,25.0,100.0,216.0,120.0,30.3,61.3,2023-03-20 18:36:29,6.0,6043.0,False,2.824727605529968,5.517355449177568,1.4318155610583102e-05,16.45521333804995,28.251651604841967,0.6629562954388168
10.0,253.0,25.0,100.0,214.0,119.0,30.3,61.3,2023-03-20 18:36:36,7.0,6050.0,False,2.824727605529968,5.700991269950757,1.4318155610583102e-05,16.45521333804995,27.72119289279498,0.6534891517039128
10.0,245.0,25.0,100.0,216.0,121.0,30.3,61.3,2023-03-20 18:36:49,13.0,6063.0,False,2.824727605529968,5.221228826554447,1.4318155610583102e-05,16.45521333804995,28.251651604841967,0.6724909444740557
10.0,245.0,25.0,100.0,216.0,120.0,30.2,61.1,2023-03-20 18:36:55,6.0,6069.0,False,2.8323458844876055,5.231409859204944,1.435188152607599e-05,16.498319783874646,28.303543876259585,0.6639040428219047
10.0,243.0,25.0,100.0,221.0,121.0,30.2,61.0,2023-03-20 18:37:08,13.0,6082.0,False,2.8340406486043546,5.1183475539083,1.4359382639990017e-05,16.507908801872436,29.667675035484237,0.673666025547492
10.0,243.0,25.0,100.0,216.0,119.0,30.3,61.1,2023-03-20 18:37:14,6.0,6088.0,False,2.8281118592380006,5.110600862807341,1.4333139028868563e-05,16.47436284391792,28.27470910905416,0.6539043014213246
10.0,243.0,25.0,100.0,223.0,121.0,30.2,61.0,2023-03-20 18:37:21,7.0,6095.0,False,2.8340406486043546,5.1183475539083,1.4359382639990017e-05,16.507908801872436,30.218127660243997,0.673666025547492
10.0,241.0,25.0,100.0,216.0,122.0,30.3,61.1,2023-03-20 18:37:27,6.0,6101.0,False,2.8281118592380006,4.997353880304574,1.4333139028868563e-05,16.47436284391792,28.27470910905416,0.682526588654557
9.0,,925.0,,,,,,2023-03-20 18:37:33,6.0,6107.0,False,2.0785073812759505,5.097334931255014,39.37708026076351,16.416957096129213,28.20556408937142,0.6716367798565496
10.0,245.0,25.0,100.0,216.0,120.0,30.3,61.1,2023-03-20 18:37:40,7.0,6114.0,False,2.8281118592380006,5.225752464298605,1.4333139028868563e-05,16.47436284391792,28.27470910905416,0.6633774594596584
10.0,241.0,25.0,100.0,221.0,122.0,30.3,61.2,2023-03-20 18:37:47,7.0,6121.0,False,2.826419402843125,4.995190675223814,1.4325646144371409e-05,16.464786308423534,29.613293101674486,0.6823099162215355
9.0,,92.0,,,,,,2023-03-20 18:37:53,6.0,6127.0,False,2.0785073812759505,5.447696092788802,0.0004416210176114737,16.416957096129213,29.55292574229869,0.6716367798565496
10.0,257.0,25.0,100.0,221.0,120.0,30.2,61.1,2023-03-20 18:37:59,6.0,6133.0,False,2.8323458844876055,5.964591837011501,1.435188152607599e-05,16.498319783874646,29.655585960579636,0.6639040428219047
10.0,248.0,25.0,100.0,214.0,120.0,30.2,61.1,2023-03-20 18:38:06,7.0,6140.0,False,2.8323458844876055,5.407956290447978,1.435188152607599e-05,16.498319783874646,27.77211082445198,0.6639040428219047
10.0,250.0,25.0,100.0,218.0,121.0,30.3,61.2,2023-03-20 18:38:12,6.0,6146.0,False,2.826419402843125,5.519745281629349,1.4325646144371409e-05,16.464786308423534,28.799203625360796,0.6727045435055451
10.0,245.0,25.0,100.0,216.0,123.0,30.3,61.3,2023-03-20 18:38:19,7.0,6153.0,False,2.824727605529968,5.221228826554447,1.4318155610583102e-05,16.45521333804995,28.251651604841967,0.691763434759703
10.0,241.0,25.0,100.0,216.0,120.0,30.2,61.3,2023-03-20 18:38:32,13.0,6166.0,False,2.828958334628222,4.9984356643948935,1.4336886352709784e-05,16.47915244876719,28.280474916999434,0.6634827647254042
10.0,253.0,25.0,100.0,216.0,120.0,30.2,61.3,2023-03-20 18:38:38,6.0,6172.0,False,2.828958334628222,5.707165741332241,1.4336886352709784e-05,16.47915244876719,28.280474916999434,0.6634827647254042
10.0,245.0,25.0,100.0,216.0,119.0,30.2,61.4,2023-03-20 18:38:44,6.0,6178.0,False,2.8272655486479197,5.224621365016933,1.4329392292766015e-05,16.46957413049426,28.26894387386278,0.6538005055575529
10.0,255.0,25.0,100.0,216.0,121.0,30.2,61.4,2023-03-20 18:38:51,7.0,6185.0,False,2.8272655486479197,5.829740739375226,1.4329392292766015e-05,16.46957413049426,28.26894387386278,0.6728113517012515
10.0,243.0,25.0,100.0,218.0,122.0,30.2,61.5,2023-03-20 18:38:57,6.0,6191.0,False,2.825573421808758,5.10728270899931,1.4321900583654015e-05,16.459999377633,28.793330217029343,0.6822015888086297
10.0,253.0,25.0,100.0,216.0,120.0,30.3,61.6,2023-03-20 18:39:04,7.0,6198.0,False,2.8196561668923588,5.693586464582907,1.4295698111012364e-05,16.426515811836897,28.21708253155989,0.6623247205656203
10.0,260.0,92.0,,,,,,2023-03-20 18:39:10,6.0,6204.0,False,2.817967004717604,6.136815246643597,0.0004416210176114737,16.416957096129213,28.20556408937142,0.6716367798565496
10.0,255.0,25.0,100.0,216.0,122.0,30.3,61.3,2023-03-20 18:39:17,7.0,6211.0,False,2.824727605529968,5.825955274687377,1.4318155610583102e-05,16.45521333804995,28.251651604841967,0.6820932672651882
10.0,245.0,25.0,100.0,216.0,120.0,30.3,61.2,2023-03-20 18:39:23,6.0,6217.0,False,2.826419402843125,5.2234903922996345,1.4325646144371409e-05,16.464786308423534,28.263179211428287,0.6631668660402343
10.0,245.0,25.0,100.0,214.0,121.0,30.2,61.0,2023-03-20 18:39:29,6.0,6223.0,False,2.8340406486043546,5.233673703150498,1.4359382639990017e-05,16.507908801872436,27.78343210228685,0.673666025547492
10.0,250.0,25.0,100.0,216.0,121.0,30.2,61.1,2023-03-20 18:39:36,7.0,6230.0,False,2.8323458844876055,5.528113908122477,1.435188152607599e-05,16.498319783874646,28.303543876259585,0.6734523223765819
10.0,241.0,25.0,100.0,216.0,120.0,30.2,61.2,2023-03-20 18:39:42,6.0,6236.0,False,2.830651779868504,5.000599595679854,1.4344382763731174e-05,16.488734333033435,28.292008251139674,0.6636933923675258
10.0,238.0,25.0,100.0,221.0,121.0,30.2,61.2,2023-03-20 18:39:49,7.0,6243.0,False,2.830651779868504,4.8341363274539395,1.4344382763731174e-05,16.488734333033435,29.64349928606821,0.6732386423436839
10.0,243.0,25.0,100.0,221.0,122.0,30.2,61.1,2023-03-20 18:39:55,6.0,6249.0,False,2.8323458844876055,5.116133594693725,1.435188152607599e-05,16.498319783874646,29.655585960579636,0.6830683724320294
10.0,250.0,25.0,100.0,218.0,120.0,30.2,61.1,2023-03-20 18:40:02,7.0,6256.0,False,2.8323458844876055,5.528113908122477,1.435188152607599e-05,16.498319783874646,28.84033382494129,0.6639040428219047
10.0,241.0,25.0,100.0,223.0,121.0,30.2,61.2,2023-03-20 18:40:08,6.0,6262.0,False,2.830651779868504,5.000599595679854,1.4344382763731174e-05,16.488734333033435,30.19350335512869,0.6732386423436839
10.0,238.0,25.0,100.0,221.0,120.0,30.2,61.3,2023-03-20 18:40:14,6.0,6268.0,False,2.828958334628222,4.832044430545462,1.4336886352709784e-05,16.47915244876719,29.631415011975054,0.6634827647254042
10.0,253.0,25.0,100.0,216.0,120.0,30.3,61.4,2023-03-20 18:40:21,7.0,6275.0,False,2.823036467179687,5.698522448741836,1.4310667427257765e-05,16.445643932215482,28.24012628931915,0.6627457476577077
10.0,253.0,25.0,100.0,216.0,119.0,30.2,61.4,2023-03-20 18:40:27,6.0,6281.0,False,2.8272655486479197,5.704695538198729,1.4329392292766015e-05,16.46957413049426,28.26894387386278,0.6538005055575529
10.0,253.0,25.0,100.0,216.0,120.0,30.3,61.5,2023-03-20 18:40:34,7.0,6288.0,False,2.821345987673434,5.696054180288584,1.43031815941495e-05,16.436078090338388,28.228603264883795,0.662535222699208
10.0,248.0,25.0,100.0,223.0,121.0,30.2,61.4,2023-03-20 18:40:40,6.0,6294.0,False,2.8272655486479197,5.400938702295883,1.4329392292766015e-05,16.46957413049426,30.168888829835453,0.6728113517012515
10.0,238.0,25.0,100.0,221.0,121.0,30.2,61.3,2023-03-20 18:40:47,7.0,6301.0,False,2.828958334628222,4.832044430545462,1.4336886352709784e-05,16.47915244876719,29.631415011975054,0.6730249854511297
10.0,245.0,25.0,100.0,216.0,120.0,30.2,61.3,2023-03-20 18:40:53,6.0,6307.0,False,2.828958334628222,5.226883690145569,1.4336886352709784e-05,16.47915244876719,28.280474916999434,0.6634827647254042
10.0,250.0,25.0,100.0,216.0,120.0,30.2,61.2,2023-03-20 18:40:59,6.0,6313.0,False,2.830651779868504,5.525722203253988,1.4344382763731174e-05,16.488734333033435,28.292008251139674,0.6636933923675258
10.0,245.0,25.0,100.0,223.0,121.0,30.2,61.2,2023-03-20 18:41:06,7.0,6320.0,False,2.830651779868504,5.229146521539101,1.4344382763731174e-05,16.488734333033435,30.19350335512869,0.6732386423436839
10.0,250.0,25.0,100.0,216.0,118.0,30.2,61.1,2023-03-20 18:41:12,6.0,6326.0,False,2.8323458844876055,5.528113908122477,1.435188152607599e-05,16.498319783874646,28.303543876259585,0.6450101229424939
10.0,245.0,25.0,100.0,216.0,121.0,30.3,61.1,2023-03-20 18:41:19,7.0,6333.0,False,2.8281118592380006,5.225752464298605,1.4333139028868563e-05,16.47436284391792,28.27470910905416,0.6729181656832105
10.0,253.0,25.0,100.0,216.0,121.0,30.3,61.0,2023-03-20 18:41:25,6.0,6339.0,False,2.829804974833438,5.708401050192494,1.4340634264320418e-05,16.483942945114798,28.286241297695614,0.6731318110047182
10.0,250.0,25.0,100.0,216.0,120.0,30.2,60.9,2023-03-20 18:41:32,7.0,6346.0,False,2.8357360723375806,5.532898922848733,1.4366886105719027e-05,16.517501387608398,28.32662199934253,0.6643254121582419
10.0,238.0,25.0,100.0,218.0,122.0,30.3,61.0,2023-03-20 18:41:38,6.0,6352.0,False,2.829804974833438,4.833090320496575,1.4340634264320418e-05,16.483942945114798,28.822703094881522,0.6827432845618857
10.0,238.0,25.0,100.0,216.0,121.0,30.3,61.0,2023-03-20 18:41:44,6.0,6358.0,False,2.829804974833438,4.833090320496575,1.4340634264320418e-05,16.483942945114798,28.286241297695614,0.6731318110047182
10.0,241.0,25.0,100.0,221.0,120.0,30.3,60.9,2023-03-20 18:41:51,7.0,6365.0,False,2.8314987497482766,5.001681742876264,1.4348131850972794e-05,16.49352661259582,29.64954232327321,0.663798714743327
10.0,245.0,25.0,100.0,218.0,122.0,30.2,60.9,2023-03-20 18:41:57,6.0,6371.0,False,2.8357360723375806,5.235938053383179,1.4366886105719027e-05,16.517501387608398,28.863849635423367,0.6835019050635543
10.0,238.0,25.0,100.0,216.0,119.0,30.2,60.9,2023-03-20 18:42:04,7.0,6378.0,False,2.8357360723375806,4.840414826377479,1.4366886105719027e-05,16.517501387608398,28.32662199934253,0.6548387171725812
10.0,241.0,25.0,100.0,218.0,121.0,30.2,61.0,2023-03-20 18:42:10,6.0,6384.0,False,2.8340406486043546,5.004928910691832,1.4359382639990017e-05,16.507908801872436,28.852090562992153,0.673666025547492
10.0,245.0,25.0,100.0,223.0,120.0,30.2,61.1,2023-03-20 18:42:17,7.0,6391.0,False,2.8323458844876055,5.231409859204944,1.435188152607599e-05,16.498319783874646,30.205814285221358,0.6639040428219047
10.0,245.0,25.0,100.0,214.0,119.0,30.3,61.1,2023-03-20 18:42:23,6.0,6397.0,False,2.8281118592380006,5.225752464298605,1.4333139028868563e-05,16.47436284391792,27.743817464654807,0.6539043014213246
10.0,238.0,25.0,100.0,216.0,123.0,30.2,61.0,2023-03-20 18:42:29,6.0,6403.0,False,2.8340406486043546,4.8383215253631,1.4359382639990017e-05,16.507908801872436,28.315081792335167,0.6929721917342926
10.0,241.0,25.0,100.0,214.0,121.0,30.2,60.9,2023-03-20 18:42:36,7.0,6410.0,False,2.8357360723375806,5.007094294433015,1.4366886105719027e-05,16.517501387608398,27.794755628038487,0.6738797518540833
10.0,248.0,25.0,100.0,221.0,121.0,30.2,60.8,2023-03-20 18:42:42,6.0,6416.0,False,2.8374321558061144,5.414978588888082,1.4374391923508741e-05,16.527097541664098,29.691860386372646,0.6740935012940261
10.0,238.0,25.0,100.0,214.0,120.0,30.3,60.9,2023-03-20 18:42:49,7.0,6423.0,False,2.8314987497482766,4.835182451418421,1.4348131850972794e-05,16.49352661259582,27.766451028510662,0.663798714743327
10.0,256.0,925.0,,,,,,2023-03-20 18:42:55,6.0,6429.0,False,2.817967004717604,5.879011866776099,39.37708026076351,16.416957096129213,27.9401007672104,0.6621142412592479
10.0,238.0,25.0,100.0,216.0,120.0,30.3,60.9,2023-03-20 18:43:02,7.0,6436.0,False,2.8314987497482766,4.835182451418421,1.4348131850972794e-05,16.49352661259582,28.297775777328674,0.663798714743327
10.0,238.0,25.0,100.0,216.0,120.0,30.3,60.8,2023-03-20 18:43:08,6.0,6442.0,False,2.833193184101347,4.837275050372145,1.435563178907149e-05,16.503113846942625,28.309312547929405,0.6640093766029724
10.0,,925.0,,,,,,2023-03-20 18:43:14,6.0,6448.0,False,2.817967004717604,4.900898431328313,39.37708026076351,16.416957096129213,28.875064080142195,0.666867072656525
10.0,241.0,25.0,100.0,221.0,121.0,30.2,60.7,2023-03-20 18:43:21,7.0,6455.0,False,2.839128899128772,5.01142651442119,1.4381900093604874e-05,16.536697264621054,29.703956662306297,0.6743072738649903
10.0,241.0,25.0,100.0,209.0,120.0,30.2,60.6,2023-03-20 18:43:27,6.0,6461.0,False,2.8408263024243787,5.013593350682338,1.4389410616253124e-05,16.546300557060782,26.520863422891427,0.6649576371972391
10.0,243.0,25.0,100.0,211.0,120.0,30.2,60.6,2023-03-20 18:43:34,7.0,6468.0,False,2.8408263024243787,5.127208342147802,1.4389410616253124e-05,16.546300557060782,27.040006387879725,0.6649576371972391
10.0,238.0,25.0,100.0,216.0,121.0,30.2,60.6,2023-03-20 18:43:40,6.0,6474.0,False,2.8408263024243787,4.846697537741964,1.4389410616253124e-05,16.546300557060782,28.361256365715825,0.6745210695646482
10.0,238.0,25.0,100.0,216.0,121.0,30.2,60.5,2023-03-20 18:43:47,7.0,6481.0,False,2.842524365811744,4.848792710993387,1.4396923491699138e-05,16.55590741956478,28.37280573621091,0.6747348883906708
10.0,241.0,25.0,100.0,216.0,122.0,30.3,60.6,2023-03-20 18:43:53,6.0,6487.0,False,2.836584031597509,5.008177167865507,1.4370638720590933e-05,16.522299018559934,28.332392961938144,0.6836103028869657
10.0,243.0,25.0,100.0,216.0,120.0,30.3,60.6,2023-03-20 18:43:59,6.0,6493.0,False,2.836584031597509,5.121669421102825,1.4370638720590933e-05,16.522299018559934,28.332392961938144,0.6644307687463966
10.0,238.0,25.0,100.0,216.0,122.0,30.3,60.5,2023-03-20 18:44:06,7.0,6500.0,False,2.838280444978252,4.843555655493051,1.437814571450315e-05,16.53189695699357,28.343936605298254,0.6838271161303562
10.0,243.0,25.0,100.0,216.0,119.0,30.2,60.4,2023-03-20 18:44:12,6.0,6506.0,False,2.8442230894096827,5.131641707197636,1.4404438720188547e-05,16.565517852714464,28.384357397518123,0.6558774907801211
10.0,238.0,25.0,100.0,216.0,120.0,30.3,60.5,2023-03-20 18:44:19,7.0,6513.0,False,2.838280444978252,4.843555655493051,1.437814571450315e-05,16.53189695699357,28.343936605298254,0.6646414990255807
10.0,238.0,25.0,100.0,221.0,120.0,30.3,60.4,2023-03-20 18:44:25,6.0,6519.0,False,2.839977518272531,4.845650126642754,1.4385655060844634e-05,16.54149846461923,29.710005700384535,0.6648522521066844
10.0,238.0,25.0,100.0,218.0,121.0,30.3,60.4,2023-03-20 18:44:32,7.0,6526.0,False,2.839977518272531,4.845650126642754,1.4385655060844634e-05,16.54149846461923,28.89325752925541,0.6744141688238782
10.0,248.0,25.0,100.0,214.0,120.0,30.3,60.4,2023-03-20 18:44:38,6.0,6532.0,False,2.839977518272531,5.418491504530738,1.4385655060844634e-05,16.54149846461923,27.8230742768993,0.6648522521066844
10.0,238.0,25.0,100.0,218.0,118.0,30.2,60.3,2023-03-20 18:44:44,6.0,6538.0,False,2.8459224733370014,4.8529844617321745,1.4411956301966964e-05,16.5751318570913,28.9344530906326,0.6466481652871574
10.0,238.0,25.0,100.0,216.0,121.0,30.2,60.3,2023-03-20 18:44:51,7.0,6545.0,False,2.8459224733370014,4.8529844617321745,1.4411956301966964e-05,16.5751318570913,28.39591134961356,0.6751625954125032
9.0,,92.0,,226.0,122.0,,,2023-03-20 18:44:57,6.0,6551.0,False,2.0785073812759505,4.95643747984429,0.0004416210176114737,16.416957096129213,30.933816581189593,0.6812269062538993
10.0,243.0,25.0,100.0,216.0,119.0,30.2,60.3,2023-03-20 18:45:04,7.0,6558.0,False,2.8459224733370014,5.133859132480404,1.4411956301966964e-05,16.5751318570913,28.39591134961356,0.6560853129158387
10.0,245.0,25.0,100.0,214.0,119.0,30.2,60.4,2023-03-20 18:45:10,6.0,6564.0,False,2.8442230894096827,5.2472673991125705,1.4404438720188547e-05,16.565517852714464,27.85140697472626,0.6558774907801211
10.0,245.0,25.0,100.0,209.0,120.0,30.3,60.4,2023-03-20 18:45:17,7.0,6571.0,False,2.839977518272531,5.241601144019636,1.4385655060844634e-05,16.54149846461923,26.515464266601633,0.6648522521066844
10.0,241.0,25.0,100.0,216.0,119.0,30.3,60.4,2023-03-20 18:45:23,6.0,6577.0,False,2.839977518272531,5.012509872028771,1.4385655060844634e-05,16.54149846461923,28.3554825395303,0.655358033744971
10.0,238.0,25.0,100.0,216.0,120.0,30.2,60.3,2023-03-20 18:45:29,6.0,6583.0,False,2.8459224733370014,4.8529844617321745,1.4411956301966964e-05,16.5751318570913,28.39591134961356,0.6655900674225335
10.0,238.0,25.0,100.0,209.0,120.0,30.2,60.3,2023-03-20 18:45:36,7.0,6590.0,False,2.8459224733370014,4.8529844617321745,1.4411956301966964e-05,16.5751318570913,26.553269606983672,0.6655900674225335
10.0,238.0,25.0,100.0,216.0,121.0,30.2,60.3,2023-03-20 18:45:42,6.0,6596.0,False,2.8459224733370014,4.8529844617321745,1.4411956301966964e-05,16.5751318570913,28.39591134961356,0.6751625954125032
10.0,238.0,25.0,100.0,216.0,120.0,30.2,60.3,2023-03-20 18:45:49,7.0,6603.0,False,2.8459224733370014,4.8529844617321745,1.4411956301966964e-05,16.5751318570913,28.39591134961356,0.6655900674225335
10.0,238.0,25.0,100.0,216.0,122.0,30.2,60.3,2023-03-20 18:45:55,6.0,6609.0,False,2.8459224733370014,4.8529844617321745,1.4411956301966964e-05,16.5751318570913,28.39591134961356,0.6848030660105424
10.0,245.0,25.0,100.0,216.0,120.0,30.2,60.3,2023-03-20 18:46:02,7.0,6616.0,False,2.8459224733370014,5.2495347872234595,1.4411956301966964e-05,16.5751318570913,28.39591134961356,0.6655900674225335
10.0,243.0,25.0,100.0,206.0,120.0,30.2,60.3,2023-03-20 18:46:14,12.0,6628.0,False,2.8459224733370014,5.133859132480404,1.4411956301966964e-05,16.5751318570913,25.783608733939396,0.6655900674225335
10.0,245.0,25.0,100.0,214.0,121.0,30.2,60.3,2023-03-20 18:46:21,7.0,6635.0,False,2.8459224733370014,5.2495347872234595,1.4411956301966964e-05,16.5751318570913,27.862743987485437,0.6751625954125032
10.0,248.0,25.0,100.0,214.0,120.0,30.2,60.4,2023-03-20 18:46:27,6.0,6641.0,False,2.8442230894096827,5.424348980946812,1.4404438720188547e-05,16.565517852714464,27.85140697472626,0.6653792345527817
10.0,238.0,25.0,100.0,216.0,122.0,30.2,60.3,2023-03-20 18:46:34,7.0,6648.0,False,2.8459224733370014,4.8529844617321745,1.4411956301966964e-05,16.5751318570913,28.39591134961356,0.6848030660105424
10.0,238.0,25.0,100.0,209.0,121.0,30.2,60.3,2023-03-20 18:46:40,6.0,6654.0,False,2.8459224733370014,4.8529844617321745,1.4411956301966964e-05,16.5751318570913,26.553269606983672,0.6751625954125032
10.0,238.0,25.0,100.0,214.0,122.0,30.2,60.3,2023-03-20 18:46:47,7.0,6661.0,False,2.8459224733370014,4.8529844617321745,1.4411956301966964e-05,16.5751318570913,27.862743987485437,0.6848030660105424
10.0,238.0,25.0,100.0,209.0,119.0,30.2,60.3,2023-03-20 18:46:53,6.0,6667.0,False,2.8459224733370014,4.8529844617321745,1.4411956301966964e-05,16.5751318570913,26.553269606983672,0.6560853129158387
10.0,243.0,25.0,100.0,216.0,120.0,30.3,60.5,2023-03-20 18:46:59,6.0,6673.0,False,2.838280444978252,5.123884618158174,1.437814571450315e-05,16.53189695699357,28.343936605298254,0.6646414990255807
10.0,238.0,25.0,100.0,211.0,120.0,30.2,60.3,2023-03-20 18:47:06,7.0,6680.0,False,2.8459224733370014,4.8529844617321745,1.4411956301966964e-05,16.5751318570913,27.073046919437395,0.6655900674225335
10.0,241.0,25.0,100.0,214.0,120.0,30.2,60.3,2023-03-20 18:47:12,6.0,6686.0,False,2.8459224733370014,5.020096764618966,1.4411956301966964e-05,16.5751318570913,27.862743987485437,0.6655900674225335
10.0,241.0,25.0,100.0,214.0,120.0,30.3,60.4,2023-03-20 18:47:19,7.0,6693.0,False,2.839977518272531,5.012509872028771,1.4385655060844634e-05,16.54149846461923,27.8230742768993,0.6648522521066844
10.0,238.0,25.0,100.0,218.0,120.0,30.2,60.3,2023-03-20 18:47:25,6.0,6699.0,False,2.8459224733370014,4.8529844617321745,1.4411956301966964e-05,16.5751318570913,28.9344530906326,0.6655900674225335
10.0,238.0,25.0,100.0,216.0,120.0,30.3,60.4,2023-03-20 18:47:32,7.0,6706.0,False,2.839977518272531,4.845650126642754,1.4385655060844634e-05,16.54149846461923,28.3554825395303,0.6648522521066844
10.0,250.0,25.0,100.0,216.0,119.0,30.3,60.4,2023-03-20 18:47:38,6.0,6712.0,False,2.839977518272531,5.538883200692169,1.4385655060844634e-05,16.54149846461923,28.3554825395303,0.655358033744971
10.0,243.0,25.0,100.0,211.0,121.0,30.2,60.4,2023-03-20 18:47:45,7.0,6719.0,False,2.8442230894096827,5.131641707197636,1.4404438720188547e-05,16.565517852714464,27.062031224842027,0.6749487303407312
10.0,248.0,25.0,100.0,216.0,120.0,30.2,60.4,2023-03-20 18:47:51,6.0,6725.0,False,2.8442230894096827,5.424348980946812,1.4404438720188547e-05,16.565517852714464,28.384357397518123,0.6653792345527817
10.0,238.0,25.0,100.0,218.0,123.0,30.2,60.5,2023-03-20 18:47:57,6.0,6731.0,False,2.842524365811744,4.848792710993387,1.4396923491699138e-05,16.55590741956478,28.910909268464046,0.694071686437917
10.0,250.0,25.0,100.0,211.0,119.0,30.2,60.6,2023-03-20 18:48:04,7.0,6738.0,False,2.8408263024243787,5.540080457528716,1.4389410616253124e-05,16.546300557060782,27.040006387879725,0.6554619139161113
10.0,245.0,25.0,100.0,216.0,119.0,30.2,60.6,2023-03-20 18:48:10,6.0,6744.0,False,2.8408263024243787,5.242734141878004,1.4389410616253124e-05,16.546300557060782,28.361256365715825,0.6554619139161113
10.0,241.0,25.0,100.0,216.0,119.0,30.2,60.5,2023-03-20 18:48:17,7.0,6751.0,False,2.842524365811744,5.015760671130966,1.4396923491699138e-05,16.55590741956478,28.37280573621091,0.6556696911127918
10.0,241.0,25.0,100.0,216.0,119.0,30.2,60.4,2023-03-20 18:48:23,6.0,6757.0,False,2.8442230894096827,5.017928475774149,1.4404438720188547e-05,16.565517852714464,28.384357397518123,0.6558774907801211
10.0,238.0,25.0,100.0,221.0,120.0,30.3,60.4,2023-03-20 18:48:30,7.0,6764.0,False,2.839977518272531,4.845650126642754,1.4385655060844634e-05,16.54149846461923,29.710005700384535,0.6648522521066844
10.0,241.0,25.0,100.0,216.0,120.0,30.3,60.3,2023-03-20 18:48:36,6.0,6770.0,False,2.841675251599165,5.014676950382776,1.4393166759861056e-05,16.55110354201841,28.36703076461035,0.6650630279874128
10.0,248.0,25.0,100.0,211.0,120.0,30.2,60.3,2023-03-20 18:48:42,6.0,6776.0,False,2.8459224733370014,5.426692887489634,1.4411956301966964e-05,16.5751318570913,27.073046919437395,0.6655900674225335
10.0,241.0,25.0,100.0,211.0,119.0,30.3,60.3,2023-03-20 18:48:49,7.0,6783.0,False,2.841675251599165,5.014676950382776,1.4393166759861056e-05,16.55110354201841,27.045511778084613,0.6555657997054791
10.0,253.0,25.0,100.0,216.0,120.0,30.2,60.2,2023-03-20 18:48:55,6.0,6789.0,False,2.8476225177125096,5.734374461324164,1.4419476237279965e-05,16.584749433276677,28.407467592473324,0.6658009230838818
10.0,245.0,25.0,100.0,216.0,120.0,30.2,60.2,2023-03-20 18:49:02,7.0,6796.0,False,2.8476225177125096,5.25180268167328,1.4419476237279965e-05,16.584749433276677,28.407467592473324,0.6658009230838818
10.0,245.0,25.0,100.0,211.0,120.0,30.2,60.2,2023-03-20 18:49:08,6.0,6802.0,False,2.8476225177125096,5.25180268167328,1.4419476237279965e-05,16.584749433276677,27.08406479807854,0.6658009230838818
10.0,245.0,25.0,100.0,216.0,122.0,30.2,60.2,2023-03-20 18:49:15,7.0,6809.0,False,2.8476225177125096,5.25180268167328,1.4419476237279965e-05,16.584749433276677,28.407467592473324,0.6850200082553931
10.0,243.0,25.0,100.0,211.0,119.0,30.3,60.3,2023-03-20 18:49:21,6.0,6815.0,False,2.841675251599165,5.12831649772306,1.4393166759861056e-05,16.55110354201841,27.045511778084613,0.6555657997054791
10.0,245.0,25.0,100.0,216.0,123.0,30.3,60.4,2023-03-20 18:49:27,6.0,6821.0,False,2.839977518272531,5.241601144019636,1.4385655060844634e-05,16.54149846461923,28.3554825395303,0.6937417755730313
10.0,238.0,25.0,100.0,209.0,119.0,30.2,60.3,2023-03-20 18:49:34,7.0,6828.0,False,2.8459224733370014,4.8529844617321745,1.4411956301966964e-05,16.5751318570913,26.553269606983672,0.6560853129158387
10.0,253.0,25.0,100.0,214.0,119.0,30.2,60.3,2023-03-20 18:49:40,6.0,6834.0,False,2.8459224733370014,5.731898177121898,1.4411956301966964e-05,16.5751318570913,27.862743987485437,0.6560853129158387
10.0,238.0,25.0,100.0,211.0,123.0,30.2,60.4,2023-03-20 18:49:47,7.0,6841.0,False,2.8442230894096827,4.850888352321178,1.4404438720188547e-05,16.565517852714464,27.062031224842027,0.6942916567484244
10.0,253.0,25.0,100.0,216.0,120.0,30.2,60.4,2023-03-20 18:49:53,6.0,6847.0,False,2.8442230894096827,5.729422445784473,1.4404438720188547e-05,16.565517852714464,28.384357397518123,0.6653792345527817
10.0,238.0,25.0,100.0,216.0,122.0,30.2,60.5,2023-03-20 18:50:00,7.0,6854.0,False,2.842524365811744,4.848792710993387,1.4396923491699138e-05,16.55590741956478,28.37280573621091,0.6843692518717033
10.0,250.0,25.0,100.0,223.0,120.0,30.3,60.6,2023-03-20 18:50:06,6.0,6860.0,False,2.836584031597509,5.534095510908775,1.4370638720590933e-05,16.522299018559934,30.236602306965736,0.6644307687463966
10.0,241.0,25.0,100.0,216.0,120.0,30.2,60.7,2023-03-20 18:50:12,6.0,6866.0,False,2.839128899128772,5.01142651442119,1.4381900093604874e-05,16.536697264621054,28.34970928605677,0.6647468727160362
10.0,255.0,25.0,100.0,216.0,118.0,30.3,60.9,2023-03-20 18:50:19,7.0,6873.0,False,2.8314987497482766,5.8360526716650325,1.4348131850972794e-05,16.49352661259582,28.297775777328674,0.6449077923758293
10.0,255.0,25.0,100.0,216.0,122.0,30.2,60.8,2023-03-20 18:50:25,6.0,6879.0,False,2.8374321558061144,5.844895308488918,1.4374391923508741e-05,16.527097541664098,28.33816449725771,0.6837187065759979
10.0,255.0,25.0,100.0,216.0,121.0,30.2,60.9,2023-03-20 18:50:32,7.0,6886.0,False,2.8357360723375806,5.8423681346627125,1.4366886105719027e-05,16.517501387608398,28.32662199934253,0.6738797518540833
10.0,245.0,25.0,100.0,218.0,122.0,30.3,61.0,2023-03-20 18:50:38,6.0,6892.0,False,2.829804974833438,5.22801504255876,1.4340634264320418e-05,16.483942945114798,28.822703094881522,0.6827432845618857
10.0,241.0,25.0,100.0,216.0,120.0,30.3,61.0,2023-03-20 18:50:45,7.0,6899.0,False,2.829804974833438,4.999517569519695,1.4340634264320418e-05,16.483942945114798,28.286241297695614,0.6635880756947891
10.0,243.0,25.0,100.0,223.0,120.0,30.3,61.0,2023-03-20 18:50:51,6.0,6905.0,False,2.829804974833438,5.112813584226414,1.4340634264320418e-05,16.483942945114798,30.187348806939074,0.6635880756947891
10.0,248.0,25.0,100.0,216.0,118.0,30.2,61.0,2023-03-20 18:50:57,6.0,6911.0,False,2.8340406486043546,5.410296533219136,1.4359382639990017e-05,16.507908801872436,28.315081792335167,0.6452148006961551
10.0,257.0,25.0,100.0,216.0,120.0,30.3,61.1,2023-03-20 18:51:04,7.0,6918.0,False,2.8281118592380006,5.9581415583322785,1.4333139028868563e-05,16.47436284391792,28.27470910905416,0.6633774594596584
10.0,257.0,25.0,100.0,216.0,119.0,30.2,61.1,2023-03-20 18:51:10,6.0,6924.0,False,2.8323458844876055,5.964591837011501,1.435188152607599e-05,16.498319783874646,28.303543876259585,0.6544233650716187
10.0,250.0,25.0,100.0,216.0,120.0,30.3,61.3,2023-03-20 18:51:17,7.0,6931.0,False,2.824727605529968,5.517355449177568,1.4318155610583102e-05,16.45521333804995,28.251651604841967,0.6629562954388168
10.0,250.0,25.0,100.0,216.0,120.0,30.2,61.3,2023-03-20 18:51:23,6.0,6937.0,False,2.828958334628222,5.523331033371492,1.4336886352709784e-05,16.47915244876719,28.280474916999434,0.6634827647254042
10.0,253.0,25.0,100.0,216.0,120.0,30.2,61.3,2023-03-20 18:51:30,7.0,6944.0,False,2.828958334628222,5.707165741332241,1.4336886352709784e-05,16.47915244876719,28.280474916999434,0.6634827647254042
10.0,255.0,25.0,100.0,216.0,119.0,30.2,61.4,2023-03-20 18:51:36,6.0,6950.0,False,2.8272655486479197,5.829740739375226,1.4329392292766015e-05,16.46957413049426,28.26894387386278,0.6538005055575529
10.0,243.0,25.0,100.0,218.0,121.0,30.2,61.5,2023-03-20 18:51:42,6.0,6956.0,False,2.825573421808758,5.10728270899931,1.4321900583654015e-05,16.459999377633,28.793330217029343,0.6725977410963825
10.0,265.0,25.0,100.0,216.0,121.0,30.2,61.5,2023-03-20 18:51:49,7.0,6963.0,False,2.825573421808758,6.483722860042504,1.4321900583654015e-05,16.459999377633,28.257415121753695,0.6725977410963825
10.0,255.0,25.0,100.0,221.0,120.0,30.3,61.7,2023-03-20 18:51:55,6.0,6969.0,False,2.817967004717604,5.815866915792581,1.4288216977600418e-05,16.416957096129213,29.55292574229869,0.6621142412592479
10.0,260.0,25.0,100.0,218.0,120.0,30.2,61.6,2023-03-20 18:52:02,7.0,6976.0,False,2.823881953991897,6.146129174034062,1.4314411225127935e-05,16.450428189601684,28.781585151246276,0.6628510186955802
10.0,255.0,25.0,100.0,216.0,121.0,30.2,61.4,2023-03-20 18:52:08,6.0,6982.0,False,2.8272655486479197,5.829740739375226,1.4329392292766015e-05,16.46957413049426,28.26894387386278,0.6728113517012515
10.0,255.0,25.0,100.0,216.0,121.0,30.3,61.3,2023-03-20 18:52:15,7.0,6989.0,False,2.824727605529968,5.825955274687377,1.4318155610583102e-05,16.45521333804995,28.251651604841967,0.6724909444740557
10.0,255.0,25.0,100.0,216.0,121.0,30.2,61.4,2023-03-20 18:52:21,6.0,6995.0,False,2.8272655486479197,5.829740739375226,1.4329392292766015e-05,16.46957413049426,28.26894387386278,0.6728113517012515
10.0,243.0,25.0,100.0,223.0,121.0,30.3,61.5,2023-03-20 18:52:27,6.0,7001.0,False,2.821345987673434,5.101754928113726,1.43031815941495e-05,16.436078090338388,30.12583694388438,0.6720638158589416
10.0,253.0,25.0,100.0,214.0,121.0,30.3,61.3,2023-03-20 18:52:34,7.0,7008.0,False,2.824727605529968,5.700991269950757,1.4318155610583102e-05,16.45521333804995,27.72119289279498,0.6724909444740557
10.0,241.0,25.0,100.0,216.0,120.0,30.2,61.2,2023-03-20 18:52:40,6.0,7014.0,False,2.830651779868504,5.000599595679854,1.4344382763731174e-05,16.488734333033435,28.292008251139674,0.6636933923675258
10.0,245.0,25.0,100.0,223.0,120.0,30.2,61.1,2023-03-20 18:52:47,7.0,7021.0,False,2.8323458844876055,5.231409859204944,1.435188152607599e-05,16.498319783874646,30.205814285221358,0.6639040428219047
10.0,245.0,25.0,100.0,216.0,119.0,30.2,61.0,2023-03-20 18:52:53,6.0,7027.0,False,2.8340406486043546,5.233673703150498,1.4359382639990017e-05,16.507908801872436,28.315081792335167,0.6546310298811184
10.0,243.0,25.0,100.0,216.0,120.0,30.2,61.0,2023-03-20 18:53:00,7.0,7034.0,False,2.8340406486043546,5.1183475539083,1.4359382639990017e-05,16.507908801872436,28.315081792335167,0.6641147160862427
10.0,238.0,25.0,100.0,218.0,120.0,30.2,60.9,2023-03-20 18:53:06,6.0,7040.0,False,2.8357360723375806,4.840414826377479,1.4366886105719027e-05,16.517501387608398,28.863849635423367,0.6643254121582419
10.0,238.0,25.0,100.0,216.0,120.0,30.3,61.0,2023-03-20 18:53:12,6.0,7046.0,False,2.829804974833438,4.833090320496575,1.4340634264320418e-05,16.483942945114798,28.286241297695614,0.6635880756947891
10.0,248.0,25.0,100.0,216.0,121.0,30.3,60.9,2023-03-20 18:53:25,13.0,7059.0,False,2.8314987497482766,5.406786365324881,1.4348131850972794e-05,16.49352661259582,28.297775777328674,0.6733454794677357
10.0,238.0,25.0,100.0,218.0,119.0,30.3,60.8,2023-03-20 18:53:32,7.0,7066.0,False,2.833193184101347,4.837275050372145,1.435563178907149e-05,16.503113846942625,28.846211902167653,0.6545271946659814
10.0,238.0,25.0,100.0,221.0,120.0,30.3,60.7,2023-03-20 18:53:38,6.0,7072.0,False,2.8348882780114804,4.839368117364592,1.4363134078862289e-05,16.512704648736797,29.673720473076138,0.6642200612714284
10.0,241.0,25.0,100.0,218.0,120.0,30.3,60.7,2023-03-20 18:53:45,7.0,7079.0,False,2.8348882780114804,5.006011542042085,1.4363134078862289e-05,16.512704648736797,28.857969807411745,0.6642200612714284
10.0,241.0,25.0,100.0,216.0,120.0,30.3,60.8,2023-03-20 18:53:51,6.0,7085.0,False,2.833193184101347,5.0038464003813665,1.435563178907149e-05,16.503113846942625,28.309312547929405,0.6640093766029724
10.0,243.0,25.0,100.0,221.0,122.0,30.2,60.9,2023-03-20 18:53:57,6.0,7091.0,False,2.8357360723375806,5.120562008253753,1.4366886105719027e-05,16.517501387608398,29.67976651075693,0.6835019050635543
10.0,238.0,25.0,100.0,216.0,120.0,30.2,60.8,2023-03-20 18:54:04,7.0,7098.0,False,2.8374321558061144,4.842508595440853,1.4374391923508741e-05,16.527097541664098,28.33816449725771,0.6645361310356053
10.0,250.0,25.0,100.0,216.0,120.0,30.2,60.7,2023-03-20 18:54:10,6.0,7104.0,False,2.839128899128772,5.537686077612876,1.4381900093604874e-05,16.536697264621054,28.34970928605677,0.6647468727160362
10.0,243.0,25.0,100.0,221.0,121.0,30.2,60.7,2023-03-20 18:54:17,7.0,7111.0,False,2.839128899128772,5.124992402366264,1.4381900093604874e-05,16.536697264621054,29.703956662306297,0.6743072738649903
10.0,250.0,25.0,100.0,216.0,121.0,30.2,60.8,2023-03-20 18:54:23,6.0,7117.0,False,2.8374321558061144,5.535292232722156,1.4374391923508741e-05,16.527097541664098,28.33816449725771,0.6740935012940261
10.0,241.0,25.0,100.0,221.0,122.0,30.2,60.7,2023-03-20 18:54:30,7.0,7124.0,False,2.839128899128772,5.01142651442119,1.4381900093604874e-05,16.536697264621054,29.703956662306297,0.6839355315497451
10.0,238.0,25.0,100.0,218.0,122.0,30.3,60.7,2023-03-20 18:54:36,6.0,7130.0,False,2.8348882780114804,4.839368117364592,1.4363134078862289e-05,16.512704648736797,28.857969807411745,0.6833935131060598
10.0,253.0,25.0,100.0,216.0,120.0,30.2,60.5,2023-03-20 18:54:42,6.0,7136.0,False,2.842524365811744,5.726947267303813,1.4396923491699138e-05,16.55590741956478,28.37280573621091,0.665168424476919
10.0,248.0,25.0,100.0,214.0,120.0,30.3,60.6,2023-03-20 18:54:49,7.0,7143.0,False,2.836584031597509,5.413807878702627,1.4370638720590933e-05,16.522299018559934,27.800418233875753,0.6644307687463966
10.0,250.0,25.0,100.0,211.0,120.0,30.3,60.7,2023-03-20 18:54:55,6.0,7149.0,False,2.8348882780114804,5.531702468541063,1.4363134078862289e-05,16.512704648736797,27.001483945404164,0.6642200612714284
10.0,250.0,25.0,100.0,216.0,119.0,30.2,60.7,2023-03-20 18:55:02,7.0,7156.0,False,2.839128899128772,5.537686077612876,1.4381900093604874e-05,16.536697264621054,28.34970928605677,0.6552541591923409
10.0,245.0,25.0,100.0,218.0,121.0,30.2,60.7,2023-03-20 18:55:08,6.0,7162.0,False,2.839128899128772,5.240468272739528,1.4381900093604874e-05,16.536697264621054,28.887374783329307,0.6743072738649903
10.0,238.0,25.0,100.0,223.0,120.0,30.2,60.6,2023-03-20 18:55:15,7.0,7169.0,False,2.8408263024243787,4.846697537741964,1.4389410616253124e-05,16.546300557060782,30.267405609123216,0.6649576371972391
10.0,238.0,25.0,100.0,216.0,119.0,30.2,60.5,2023-03-20 18:55:21,6.0,7175.0,False,2.842524365811744,4.848792710993387,1.4396923491699138e-05,16.55590741956478,28.37280573621091,0.6556696911127918
10.0,243.0,25.0,100.0,211.0,122.0,30.3,60.5,2023-03-20 18:55:27,6.0,7181.0,False,2.838280444978252,5.123884618158174,1.437814571450315e-05,16.53189695699357,27.023493493447663,0.6838271161303562
10.0,250.0,25.0,100.0,216.0,121.0,30.2,60.3,2023-03-20 18:55:34,7.0,7188.0,False,2.8459224733370014,5.547266807505149,1.4411956301966964e-05,16.5751318570913,28.39591134961356,0.6751625954125032
10.0,238.0,25.0,100.0,216.0,120.0,30.3,60.4,2023-03-20 18:55:40,6.0,7194.0,False,2.839977518272531,4.845650126642754,1.4385655060844634e-05,16.54149846461923,28.3554825395303,0.6648522521066844
10.0,238.0,25.0,100.0,216.0,120.0,30.2,60.3,2023-03-20 18:55:47,7.0,7201.0,False,2.8459224733370014,4.8529844617321745,1.4411956301966964e-05,16.5751318570913,28.39591134961356,0.6655900674225335
10.0,241.0,25.0,100.0,221.0,120.0,30.3,60.3,2023-03-20 18:55:53,6.0,7207.0,False,2.841675251599165,5.014676950382776,1.4393166759861056e-05,16.55110354201841,29.7221055767481,0.6650630279874128
10.0,245.0,25.0,100.0,206.0,121.0,30.2,60.1,2023-03-20 18:56:00,7.0,7214.0,False,2.8493232226550056,5.254071082469432,1.4426998526373116e-05,16.594370581851962,25.804597049647167,0.6755903949118789
10.0,241.0,25.0,100.0,216.0,120.0,30.2,60.1,2023-03-20 18:56:06,6.0,7220.0,False,2.8493232226550056,5.024434794941784,1.4426998526373116e-05,16.594370581851962,28.4190261260735,0.6660118015345348
10.0,238.0,25.0,100.0,216.0,120.0,30.2,60.1,2023-03-20 18:56:19,13.0,7233.0,False,2.8493232226550056,4.857178084831142,1.4426998526373116e-05,16.594370581851962,28.4190261260735,0.6660118015345348
10.0,243.0,25.0,100.0,216.0,120.0,30.2,60.1,2023-03-20 18:56:25,6.0,7239.0,False,2.8493232226550056,5.138295468597814,1.4426998526373116e-05,16.594370581851962,28.4190261260735,0.6660118015345348
10.0,238.0,25.0,100.0,216.0,120.0,30.3,60.1,2023-03-20 18:56:32,7.0,7246.0,False,2.8450726988247452,4.851936348515849,1.4408197216901284e-05,16.57032440846316,28.39013408721881,0.6654846481385648
10.0,241.0,25.0,100.0,209.0,120.0,30.2,60.1,2023-03-20 18:56:38,6.0,7252.0,False,2.8493232226550056,5.024434794941784,1.4426998526373116e-05,16.594370581851962,26.57488444031968,0.6660118015345348
10.0,238.0,25.0,100.0,216.0,120.0,30.2,59.9,2023-03-20 18:56:51,13.0,7265.0,False,2.8527266147161523,4.86137358034498,1.4442050166881945e-05,16.61362359849764,28.442150065399527,0.666433626794588
10.0,243.0,25.0,100.0,211.0,120.0,30.2,59.9,2023-03-20 18:56:57,6.0,7271.0,False,2.8527266147161523,5.142733785499266,1.4442050166881945e-05,16.61362359849764,27.11713153804871,0.666433626794588
10.0,245.0,25.0,100.0,209.0,121.0,30.3,60.0,2023-03-20 18:57:04,7.0,7278.0,False,2.8467724129613075,5.25066867115554,1.4415715975416299e-05,16.579940198671594,26.55867251203187,0.6752695366183041
10.0,241.0,25.0,100.0,209.0,122.0,30.2,59.9,2023-03-20 18:57:10,6.0,7284.0,False,2.8527266147161523,5.028774762155991,1.4442050166881945e-05,16.61362359849764,26.59650784193338,0.6856709756633738
10.0,245.0,25.0,100.0,209.0,121.0,30.2,59.9,2023-03-20 18:57:17,7.0,7291.0,False,2.8527266147161523,5.258609403130293,1.4442050166881945e-05,16.61362359849764,26.59650784193338,0.6760182868701992
10.0,238.0,25.0,100.0,214.0,120.0,30.3,60.0,2023-03-20 18:57:23,6.0,7297.0,False,2.8467724129613075,4.854032691971013,1.4415715975416299e-05,16.579940198671594,27.868413336773664,0.6656954924044015
10.0,238.0,25.0,100.0,204.0,123.0,30.3,60.0,2023-03-20 18:57:30,7.0,7304.0,False,2.8467724129613075,4.854032691971013,1.4415715975416299e-05,16.579940198671594,25.282299711381285,0.6946216568090794
10.0,238.0,25.0,100.0,209.0,121.0,30.2,59.9,2023-03-20 18:57:36,6.0,7310.0,False,2.8527266147161523,4.86137358034498,1.4442050166881945e-05,16.61362359849764,26.59650784193338,0.6760182868701992
10.0,243.0,25.0,100.0,214.0,121.0,30.3,60.0,2023-03-20 18:57:42,6.0,7316.0,False,2.8467724129613075,5.1349680308144166,1.4415715975416299e-05,16.579940198671594,27.868413336773664,0.6752695366183041
10.0,238.0,25.0,100.0,206.0,122.0,30.3,60.0,2023-03-20 18:57:49,7.0,7323.0,False,2.8467724129613075,4.854032691971013,1.4415715975416299e-05,16.579940198671594,25.78885503286421,0.6849115342019276
10.0,238.0,25.0,100.0,216.0,120.0,30.3,60.1,2023-03-20 18:57:55,6.0,7329.0,False,2.8450726988247452,4.851936348515849,1.4408197216901284e-05,16.57032440846316,28.39013408721881,0.6654846481385648
10.0,241.0,25.0,100.0,211.0,120.0,30.2,60.1,2023-03-20 18:58:02,7.0,7336.0,False,2.8493232226550056,5.024434794941784,1.4426998526373116e-05,16.594370581851962,27.09508486074266,0.6660118015345348
10.0,238.0,25.0,100.0,218.0,120.0,30.2,60.0,2023-03-20 18:58:08,6.0,7342.0,False,2.8510245882832876,4.859275598532784,1.443452316949194e-05,16.603995303398506,28.969786330397586,0.6662227027722003
10.0,243.0,25.0,100.0,216.0,121.0,30.2,60.1,2023-03-20 18:58:15,7.0,7349.0,False,2.8493232226550056,5.138295468597814,1.4426998526373116e-05,16.594370581851962,28.4190261260735,0.6755903949118789
10.0,243.0,25.0,100.0,216.0,120.0,30.2,60.1,2023-03-20 18:58:21,6.0,7355.0,False,2.8493232226550056,5.138295468597814,1.4426998526373116e-05,16.594370581851962,28.4190261260735,0.6660118015345348
10.0,238.0,25.0,100.0,214.0,120.0,30.2,60.1,2023-03-20 18:58:28,7.0,7362.0,False,2.8493232226550056,4.857178084831142,1.4426998526373116e-05,16.594370581851962,27.885424756237732,0.6660118015345348
10.0,238.0,25.0,100.0,216.0,118.0,30.3,60.1,2023-03-20 18:58:40,12.0,7374.0,False,2.8450726988247452,4.851936348515849,1.4408197216901284e-05,16.57032440846316,28.39013408721881,0.646545746110699
10.0,243.0,25.0,100.0,209.0,118.0,30.3,60.2,2023-03-20 18:58:47,7.0,7381.0,False,2.843373645076966,5.1305331802470695,1.4400680811798065e-05,16.560712189772563,26.537064105021447,0.6463409243661268
10.0,238.0,25.0,100.0,216.0,121.0,30.2,60.1,2023-03-20 18:58:53,6.0,7387.0,False,2.8493232226550056,4.857178084831142,1.4426998526373116e-05,16.594370581851962,28.4190261260735,0.6755903949118789
10.0,238.0,25.0,100.0,216.0,120.0,30.2,60.1,2023-03-20 18:59:00,7.0,7394.0,False,2.8493232226550056,4.857178084831142,1.4426998526373116e-05,16.594370581851962,28.4190261260735,0.6660118015345348
10.0,245.0,25.0,100.0,204.0,120.0,30.2,60.1,2023-03-20 18:59:06,6.0,7400.0,False,2.8493232226550056,5.254071082469432,1.4426998526373116e-05,16.594370581851962,25.29773251698127,0.6660118015345348
10.0,241.0,25.0,100.0,216.0,120.0,30.3,60.1,2023-03-20 18:59:13,7.0,7407.0,False,2.8450726988247452,5.019012559670912,1.4408197216901284e-05,16.57032440846316,28.39013408721881,0.6654846481385648
10.0,238.0,25.0,100.0,216.0,123.0,30.2,60.1,2023-03-20 18:59:19,6.0,7413.0,False,2.8493232226550056,4.857178084831142,1.4426998526373116e-05,16.594370581851962,28.4190261260735,0.6949517103764294
10.0,243.0,25.0,100.0,218.0,120.0,30.2,60.1,2023-03-20 18:59:25,6.0,7419.0,False,2.8493232226550056,5.138295468597814,1.4426998526373116e-05,16.594370581851962,28.95800624964011,0.6660118015345348
10.0,238.0,25.0,100.0,216.0,121.0,30.3,60.2,2023-03-20 18:59:32,7.0,7426.0,False,2.843373645076966,4.849840473147308,1.4400680811798065e-05,16.560712189772563,28.37858128051449,0.6748418064753418
10.0,238.0,25.0,100.0,216.0,120.0,30.2,60.1,2023-03-20 18:59:38,6.0,7432.0,False,2.8493232226550056,4.857178084831142,1.4426998526373116e-05,16.594370581851962,28.4190261260735,0.6660118015345348
10.0,241.0,25.0,100.0,216.0,120.0,30.3,60.2,2023-03-20 18:59:45,7.0,7439.0,False,2.843373645076966,5.016844512927795,1.4400680811798065e-05,16.560712189772563,28.37858128051449,0.6652738266654707
10.0,245.0,25.0,100.0,216.0,120.0,30.2,60.1,2023-03-20 18:59:58,13.0,7452.0,False,2.8493232226550056,5.254071082469432,1.4426998526373116e-05,16.594370581851962,28.4190261260735,0.6660118015345348
10.0,241.0,25.0,100.0,204.0,119.0,30.2,60.1,2023-03-20 19:00:04,6.0,7458.0,False,2.8493232226550056,5.024434794941784,1.4426998526373116e-05,16.594370581851962,25.29773251698127,0.6565010245833989
10.0,248.0,25.0,100.0,204.0,121.0,30.2,60.1,2023-03-20 19:00:10,6.0,7464.0,False,2.8493232226550056,5.431382270862571,1.4426998526373116e-05,16.594370581851962,25.29773251698127,0.6755903949118789
10.0,238.0,25.0,100.0,204.0,120.0,30.2,60.1,2023-03-20 19:00:17,7.0,7471.0,False,2.8493232226550056,4.857178084831142,1.4426998526373116e-05,16.594370581851962,25.29773251698127,0.6660118015345348
10.0,241.0,25.0,100.0,206.0,120.0,30.3,60.1,2023-03-20 19:00:23,6.0,7477.0,False,2.8450726988247452,5.019012559670912,1.4408197216901284e-05,16.57032440846316,25.778362955020548,0.6654846481385648
10.0,238.0,25.0,100.0,209.0,122.0,30.3,60.0,2023-03-20 19:00:36,13.0,7490.0,False,2.8467724129613075,4.854032691971013,1.4415715975416299e-05,16.579940198671594,26.55867251203187,0.6849115342019276
10.0,243.0,25.0,100.0,216.0,122.0,30.2,59.9,2023-03-20 19:00:43,7.0,7497.0,False,2.8527266147161523,5.142733785499266,1.4442050166881945e-05,16.61362359849764,28.442150065399527,0.6856709756633738
10.0,243.0,25.0,100.0,206.0,120.0,30.2,59.9,2023-03-20 19:00:49,6.0,7503.0,False,2.8527266147161523,5.142733785499266,1.4442050166881945e-05,16.61362359849764,25.82559368527647,0.666433626794588
10.0,243.0,25.0,100.0,216.0,121.0,30.3,60.0,2023-03-20 19:00:55,6.0,7509.0,False,2.8467724129613075,5.1349680308144166,1.4415715975416299e-05,16.579940198671594,28.401689184699396,0.6752695366183041
10.0,248.0,25.0,100.0,216.0,120.0,30.3,60.0,2023-03-20 19:01:02,7.0,7516.0,False,2.8467724129613075,5.427865037045525,1.4415715975416299e-05,16.579940198671594,28.401689184699396,0.6656954924044015
10.0,238.0,25.0,100.0,216.0,121.0,30.3,60.1,2023-03-20 19:01:08,6.0,7522.0,False,2.8450726988247452,4.851936348515849,1.4408197216901284e-05,16.57032440846316,28.39013408721881,0.6750556599865488
10.0,248.0,25.0,100.0,209.0,120.0,30.2,60.0,2023-03-20 19:01:15,7.0,7529.0,False,2.8510245882832876,5.433727747707978,1.443452316949194e-05,16.603995303398506,26.585695070102982,0.6662227027722003
10.0,245.0,25.0,100.0,214.0,120.0,30.2,60.0,2023-03-20 19:01:21,6.0,7535.0,False,2.8510245882832876,5.256339989619304,1.443452316949194e-05,16.603995303398506,27.89676851218394,0.6662227027722003
10.0,238.0,25.0,100.0,214.0,120.0,30.2,60.0,2023-03-20 19:01:28,7.0,7542.0,False,2.8510245882832876,4.859275598532784,1.443452316949194e-05,16.603995303398506,27.89676851218394,0.6662227027722003
10.0,241.0,25.0,100.0,216.0,120.0,30.3,60.1,2023-03-20 19:01:34,6.0,7548.0,False,2.8450726988247452,5.019012559670912,1.4408197216901284e-05,16.57032440846316,28.39013408721881,0.6654846481385648
10.0,243.0,25.0,100.0,216.0,121.0,30.3,60.2,2023-03-20 19:01:40,6.0,7554.0,False,2.843373645076966,5.1305331802470695,1.4400680811798065e-05,16.560712189772563,28.37858128051449,0.6748418064753418
10.0,241.0,25.0,100.0,216.0,120.0,30.2,60.3,2023-03-20 19:01:47,7.0,7561.0,False,2.8459224733370014,5.020096764618966,1.4411956301966964e-05,16.5751318570913,28.39591134961356,0.6655900674225335
10.0,238.0,25.0,100.0,218.0,120.0,30.2,60.5,2023-03-20 19:01:53,6.0,7567.0,False,2.842524365811744,4.848792710993387,1.4396923491699138e-05,16.55590741956478,28.910909268464046,0.665168424476919
10.0,238.0,25.0,100.0,209.0,122.0,30.2,60.4,2023-03-20 19:02:00,7.0,7574.0,False,2.8442230894096827,4.850888352321178,1.4404438720188547e-05,16.565517852714464,26.54246540347566,0.6845861472151926
10.0,241.0,25.0,100.0,204.0,122.0,30.3,60.3,2023-03-20 19:02:06,6.0,7580.0,False,2.841675251599165,5.014676950382776,1.4393166759861056e-05,16.55110354201841,25.251447864559218,0.6842608129951437
10.0,238.0,25.0,100.0,216.0,119.0,30.2,60.1,2023-03-20 19:02:13,7.0,7587.0,False,2.8493232226550056,4.857178084831142,1.4426998526373116e-05,16.594370581851962,28.4190261260735,0.6565010245833989
10.0,236.0,25.0,100.0,216.0,121.0,30.2,60.1,2023-03-20 19:02:19,6.0,7593.0,False,2.8493232226550056,4.747992949391886,1.4426998526373116e-05,16.594370581851962,28.4190261260735,0.6755903949118789
10.0,245.0,25.0,100.0,211.0,120.0,30.3,60.1,2023-03-20 19:02:25,6.0,7599.0,False,2.8450726988247452,5.2484010298761135,1.4408197216901284e-05,16.57032440846316,27.067538799132567,0.6654846481385648
10.0,243.0,25.0,100.0,211.0,119.0,30.2,60.1,2023-03-20 19:02:32,7.0,7606.0,False,2.8493232226550056,5.138295468597814,1.4426998526373116e-05,16.594370581851962,27.09508486074266,0.6565010245833989
10.0,241.0,25.0,100.0,216.0,121.0,30.2,60.1,2023-03-20 19:02:38,6.0,7612.0,False,2.8493232226550056,5.024434794941784,1.4426998526373116e-05,16.594370581851962,28.4190261260735,0.6755903949118789
10.0,243.0,25.0,100.0,214.0,119.0,30.2,60.1,2023-03-20 19:02:45,7.0,7619.0,False,2.8493232226550056,5.138295468597814,1.4426998526373116e-05,16.594370581851962,27.885424756237732,0.6565010245833989
10.0,245.0,25.0,100.0,209.0,120.0,30.2,60.3,2023-03-20 19:02:51,6.0,7625.0,False,2.8459224733370014,5.2495347872234595,1.4411956301966964e-05,16.5751318570913,26.553269606983672,0.6655900674225335
10.0,238.0,25.0,100.0,216.0,121.0,30.2,60.3,2023-03-20 19:02:58,7.0,7632.0,False,2.8459224733370014,4.8529844617321745,1.4411956301966964e-05,16.5751318570913,28.39591134961356,0.6751625954125032
10.0,250.0,25.0,100.0,216.0,121.0,30.3,60.3,2023-03-20 19:03:04,6.0,7638.0,False,2.841675251599165,5.541277848123499,1.4393166759861056e-05,16.55110354201841,28.36703076461035,0.6746279760870094
10.0,243.0,25.0,100.0,211.0,119.0,30.3,60.2,2023-03-20 19:03:10,6.0,7644.0,False,2.843373645076966,5.1305331802470695,1.4400680811798065e-05,16.560712189772563,27.05652419656862,0.6557735881377668
10.0,238.0,25.0,100.0,216.0,121.0,30.2,60.1,2023-03-20 19:03:17,7.0,7651.0,False,2.8493232226550056,4.857178084831142,1.4426998526373116e-05,16.594370581851962,28.4190261260735,0.6755903949118789
10.0,248.0,25.0,100.0,209.0,121.0,30.3,60.1,2023-03-20 19:03:23,6.0,7657.0,False,2.8450726988247452,5.425520868790382,1.4408197216901284e-05,16.57032440846316,26.54786723746402,0.6750556599865488
10.0,238.0,25.0,100.0,216.0,118.0,30.2,60.0,2023-03-20 19:03:30,7.0,7664.0,False,2.8510245882832876,4.859275598532784,1.443452316949194e-05,16.603995303398506,28.43058695039021,0.647262796586783
10.0,238.0,25.0,100.0,211.0,123.0,30.2,59.9,2023-03-20 19:03:36,6.0,7670.0,False,2.8527266147161523,4.86137358034498,1.4442050166881945e-05,16.61362359849764,27.11713153804871,0.695391865018252
10.0,238.0,25.0,100.0,216.0,121.0,30.2,59.9,2023-03-20 19:03:43,7.0,7677.0,False,2.8527266147161523,4.86137358034498,1.4442050166881945e-05,16.61362359849764,28.442150065399527,0.6760182868701992
10.0,241.0,25.0,100.0,204.0,120.0,30.2,59.8,2023-03-20 19:03:49,6.0,7683.0,False,2.854429302072392,5.030945472115041,1.4449579518788612e-05,16.623255467730647,25.328611892200204,0.6666445735994079
10.0,236.0,25.0,100.0,216.0,121.0,30.2,59.8,2023-03-20 19:03:55,6.0,7689.0,False,2.854429302072392,4.754145412420269,1.4449579518788612e-05,16.623255467730647,28.45371547107762,0.6762322675156552
10.0,241.0,25.0,100.0,199.0,120.0,30.2,59.7,2023-03-20 19:04:02,7.0,7696.0,False,2.856132650470792,5.033116666318145,1.4457111225457388e-05,16.632890911678793,24.092959438669965,0.6668555431843706
10.0,238.0,25.0,100.0,204.0,121.0,30.2,59.5,2023-03-20 19:04:08,6.0,7702.0,False,2.8595413308692126,4.86977018883592,1.4472181704062983e-05,16.652172526045472,25.359509618966094,0.6768743480893421
10.0,236.0,25.0,100.0,216.0,119.0,30.2,59.5,2023-03-20 19:04:15,7.0,7709.0,False,2.8595413308692126,4.7603019938593745,1.4472181704062983e-05,16.652172526045472,28.488425431885634,0.657748698592488
10.0,236.0,25.0,100.0,211.0,119.0,30.3,59.5,2023-03-20 19:04:21,6.0,7715.0,False,2.8552808936338976,4.755171223321174,1.4453345077762398e-05,16.628072742829012,27.13367227891915,0.6572287361837607
10.0,238.0,25.0,100.0,204.0,120.0,30.2,59.5,2023-03-20 19:04:28,7.0,7722.0,False,2.8595413308692126,4.86977018883592,1.4472181704062983e-05,16.652172526045472,25.359509618966094,0.6672775506855714
10.0,241.0,25.0,100.0,204.0,120.0,30.3,59.5,2023-03-20 19:04:34,6.0,7728.0,False,2.8552808936338976,5.032031008685645,1.4453345077762398e-05,16.628072742829012,25.333760238930363,0.6667500555445146
10.0,238.0,25.0,100.0,209.0,122.0,30.3,59.6,2023-03-20 19:04:40,6.0,7734.0,False,2.8535778757714265,4.862422746794669,1.444581454850536e-05,16.618439086311085,26.601915031109257,0.685779490743152
10.0,238.0,25.0,100.0,214.0,120.0,30.2,59.5,2023-03-20 19:04:47,7.0,7741.0,False,2.8595413308692126,4.86977018883592,1.4472181704062983e-05,16.652172526045472,27.95352100667833,0.6672775506855714
10.0,241.0,25.0,100.0,204.0,120.0,30.2,59.5,2023-03-20 19:04:53,6.0,7747.0,False,2.8595413308692126,5.037460507484775,1.4472181704062983e-05,16.652172526045472,25.359509618966094,0.6672775506855714
10.0,238.0,25.0,100.0,216.0,121.0,30.2,59.6,2023-03-20 19:05:00,7.0,7754.0,False,2.8578366600301397,4.867670334513201,1.4464645287133713e-05,16.64252993092334,28.476853154344557,0.6766602981275477
10.0,238.0,25.0,100.0,216.0,120.0,30.2,59.5,2023-03-20 19:05:06,6.0,7760.0,False,2.8595413308692126,4.86977018883592,1.4472181704062983e-05,16.652172526045472,28.488425431885634,0.6672775506855714
10.0,236.0,25.0,100.0,216.0,122.0,30.3,59.6,2023-03-20 19:05:13,7.0,7767.0,False,2.8535778757714265,4.753119715919664,1.444581454850536e-05,16.618439086311085,28.44793248190648,0.685779490743152
10.0,241.0,25.0,100.0,211.0,120.0,30.2,59.5,2023-03-20 19:05:19,6.0,7773.0,False,2.8595413308692126,5.037460507484775,1.4472181704062983e-05,16.652172526045472,27.161251099934486,0.6672775506855714
10.0,238.0,25.0,100.0,204.0,122.0,30.2,59.4,2023-03-20 19:05:25,6.0,7779.0,False,2.861246663106792,4.871870511303348,1.4479720476490564e-05,16.661818697626394,25.36981293924377,0.6867563901134028
10.0,241.0,25.0,100.0,204.0,121.0,30.2,59.4,2023-03-20 19:05:32,7.0,7786.0,False,2.861246663106792,5.039633154462429,1.4479720476490564e-05,16.661818697626394,25.36981293924377,0.6770884211519411
10.0,238.0,25.0,100.0,211.0,119.0,30.3,59.5,2023-03-20 19:05:38,6.0,7792.0,False,2.8552808936338976,4.864521430785501,1.4453345077762398e-05,16.628072742829012,27.13367227891915,0.6572287361837607
10.0,243.0,25.0,100.0,211.0,120.0,30.3,59.5,2023-03-20 19:05:45,7.0,7799.0,False,2.8552808936338976,5.1460638230996745,1.4453345077762398e-05,16.628072742829012,27.13367227891915,0.6667500555445146
10.0,241.0,25.0,100.0,204.0,122.0,30.2,59.5,2023-03-20 19:05:51,6.0,7805.0,False,2.8595413308692126,5.037460507484775,1.4472181704062983e-05,16.652172526045472,25.359509618966094,0.6865392603573792
10.0,238.0,25.0,100.0,202.0,122.0,30.2,59.5,2023-03-20 19:05:58,7.0,7812.0,False,2.8595413308692126,4.86977018883592,1.4472181704062983e-05,16.652172526045472,24.856736600926723,0.6865392603573792
10.0,238.0,25.0,100.0,214.0,121.0,30.2,59.6,2023-03-20 19:06:04,6.0,7818.0,False,2.8578366600301397,4.867670334513201,1.4464645287133713e-05,16.64252993092334,27.942166012555774,0.6766602981275477
10.0,238.0,25.0,100.0,216.0,120.0,30.2,59.6,2023-03-20 19:06:10,6.0,7824.0,False,2.8578366600301397,4.867670334513201,1.4464645287133713e-05,16.64252993092334,28.476853154344557,0.6670665355471879
10.0,238.0,25.0,100.0,209.0,122.0,30.3,59.6,2023-03-20 19:06:17,7.0,7831.0,False,2.8535778757714265,4.862422746794669,1.444581454850536e-05,16.618439086311085,26.601915031109257,0.685779490743152
10.0,238.0,25.0,100.0,209.0,119.0,30.3,59.5,2023-03-20 19:06:23,6.0,7837.0,False,2.8552808936338976,4.864521430785501,1.4453345077762398e-05,16.628072742829012,26.612731015968404,0.6572287361837607
10.0,236.0,25.0,100.0,204.0,120.0,30.3,59.5,2023-03-20 19:06:30,7.0,7844.0,False,2.8552808936338976,4.755171223321174,1.4453345077762398e-05,16.628072742829012,25.333760238930363,0.6667500555445146
10.0,238.0,25.0,100.0,211.0,120.0,30.2,59.4,2023-03-20 19:06:36,6.0,7850.0,False,2.861246663106792,4.871870511303348,1.4479720476490564e-05,16.661818697626394,27.17228645012184,0.6674885885972341
10.0,238.0,25.0,100.0,216.0,120.0,30.2,59.4,2023-03-20 19:06:43,7.0,7857.0,False,2.861246663106792,4.871870511303348,1.4479720476490564e-05,16.661818697626394,28.5,0.6674885885972341
10.0,245.0,25.0,100.0,211.0,119.0,30.2,59.4,2023-03-20 19:06:49,6.0,7863.0,False,2.861246663106792,5.269964066360632,1.4479720476490564e-05,16.661818697626394,27.17228645012184,0.6579567228420781
10.0,238.0,25.0,100.0,204.0,119.0,30.2,59.4,2023-03-20 19:06:55,6.0,7869.0,False,2.861246663106792,4.871870511303348,1.4479720476490564e-05,16.661818697626394,25.36981293924377,0.6579567228420781
10.0,238.0,25.0,100.0,216.0,122.0,30.2,59.4,2023-03-20 19:07:02,7.0,7876.0,False,2.861246663106792,4.871870511303348,1.4479720476490564e-05,16.661818697626394,28.5,0.6867563901134028
10.0,245.0,25.0,100.0,214.0,121.0,30.3,59.4,2023-03-20 19:07:08,6.0,7882.0,False,2.856984572597923,5.264285152286153,1.446087796190427e-05,16.637709974352695,27.936489358338697,0.6765532818101776
10.0,238.0,25.0,100.0,211.0,122.0,30.3,59.5,2023-03-20 19:07:15,7.0,7889.0,False,2.8552808936338976,4.864521430785501,1.4453345077762398e-05,16.628072742829012,27.13367227891915,0.6859965384815851
10.0,243.0,25.0,100.0,209.0,121.0,30.2,59.4,2023-03-20 19:07:21,6.0,7895.0,False,2.861246663106792,5.153838244062565,1.4479720476490564e-05,16.661818697626394,26.6506038310101,0.6770884211519411
10.0,241.0,25.0,100.0,202.0,123.0,30.3,59.4,2023-03-20 19:07:28,7.0,7902.0,False,2.856984572597923,5.0342024450134275,1.446087796190427e-05,16.637709974352695,24.84159177546603,0.695942192037968
10.0,241.0,25.0,100.0,199.0,120.0,30.2,59.3,2023-03-20 19:07:34,6.0,7908.0,False,2.862952656861652,5.04180628571239,1.4487261604661826e-05,16.671468446247264,24.132142327500237,0.6676996492798899
10.0,238.0,25.0,100.0,204.0,120.0,30.2,59.4,2023-03-20 19:07:40,6.0,7914.0,False,2.861246663106792,4.871870511303348,1.4479720476490564e-05,16.661818697626394,25.36981293924377,0.6674885885972341
10.0,238.0,25.0,100.0,209.0,121.0,30.2,59.4,2023-03-20 19:07:47,7.0,7921.0,False,2.861246663106792,4.871870511303348,1.4479720476490564e-05,16.661818697626394,26.6506038310101,0.6770884211519411
10.0,238.0,25.0,100.0,216.0,121.0,30.2,59.4,2023-03-20 19:07:53,6.0,7927.0,False,2.861246663106792,4.871870511303348,1.4479720476490564e-05,16.661818697626394,28.5,0.6770884211519411
10.0,238.0,25.0,100.0,209.0,120.0,30.3,59.5,2023-03-20 19:08:00,7.0,7934.0,False,2.8552808936338976,4.864521430785501,1.4453345077762398e-05,16.628072742829012,26.612731015968404,0.6667500555445146
10.0,243.0,25.0,100.0,216.0,123.0,30.2,59.4,2023-03-20 19:08:06,6.0,7940.0,False,2.861246663106792,5.153838244062565,1.4479720476490564e-05,16.661818697626394,28.5,0.6964926675977882
10.0,238.0,25.0,100.0,211.0,121.0,30.2,59.4,2023-03-20 19:08:13,7.0,7947.0,False,2.861246663106792,4.871870511303348,1.4479720476490564e-05,16.661818697626394,27.17228645012184,0.6770884211519411
10.0,238.0,25.0,100.0,202.0,119.0,30.2,59.4,2023-03-20 19:08:19,6.0,7953.0,False,2.861246663106792,4.871870511303348,1.4479720476490564e-05,16.661818697626394,24.866835649453503,0.6579567228420781
10.0,238.0,25.0,100.0,211.0,122.0,30.2,59.4,2023-03-20 19:08:25,6.0,7959.0,False,2.861246663106792,4.871870511303348,1.4479720476490564e-05,16.661818697626394,27.17228645012184,0.6867563901134028
10.0,238.0,25.0,100.0,214.0,120.0,30.2,59.5,2023-03-20 19:08:32,7.0,7966.0,False,2.8595413308692126,4.86977018883592,1.4472181704062983e-05,16.652172526045472,27.95352100667833,0.6672775506855714
10.0,241.0,25.0,100.0,216.0,120.0,30.3,59.5,2023-03-20 19:08:38,6.0,7972.0,False,2.8552808936338976,5.032031008685645,1.4453345077762398e-05,16.628072742829012,28.45949903290999,0.6667500555445146
10.0,243.0,25.0,100.0,216.0,121.0,30.2,59.4,2023-03-20 19:08:45,7.0,7979.0,False,2.861246663106792,5.153838244062565,1.4479720476490564e-05,16.661818697626394,28.5,0.6770884211519411
10.0,236.0,25.0,100.0,216.0,118.0,30.2,59.4,2023-03-20 19:08:51,6.0,7985.0,False,2.861246663106792,4.762355102905949,1.4479720476490564e-05,16.661818697626394,28.5,0.6484926568059883
10.0,234.0,25.0,100.0,216.0,120.0,30.2,59.4,2023-03-20 19:08:58,7.0,7992.0,False,2.861246663106792,4.654671681091122,1.4479720476490564e-05,16.661818697626394,28.5,0.6674885885972341
10.0,238.0,25.0,100.0,214.0,120.0,30.2,59.4,2023-03-20 19:09:04,6.0,7998.0,False,2.861246663106792,4.871870511303348,1.4479720476490564e-05,16.661818697626394,27.964878248365896,0.6674885885972341
10.0,241.0,25.0,100.0,204.0,119.0,30.3,59.4,2023-03-20 19:09:10,6.0,8004.0,False,2.856984572597923,5.0342024450134275,1.446087796190427e-05,16.637709974352695,25.34405846167564,0.6574367043089425
10.0,236.0,25.0,100.0,216.0,119.0,30.3,59.4,2023-03-20 19:09:17,7.0,8011.0,False,2.856984572597923,4.757223188327213,1.446087796190427e-05,16.637709974352695,28.471067874546428,0.6574367043089425
10.0,238.0,25.0,100.0,204.0,120.0,30.3,59.5,2023-03-20 19:09:23,6.0,8017.0,False,2.8552808936338976,4.864521430785501,1.4453345077762398e-05,16.628072742829012,25.333760238930363,0.6667500555445146
10.0,238.0,25.0,100.0,202.0,120.0,30.2,59.4,2023-03-20 19:09:30,7.0,8024.0,False,2.861246663106792,4.871870511303348,1.4479720476490564e-05,16.661818697626394,24.866835649453503,0.6674885885972341
10.0,234.0,25.0,100.0,214.0,122.0,30.3,59.5,2023-03-20 19:09:36,6.0,8030.0,False,2.8552808936338976,4.647650238938851,1.4453345077762398e-05,16.628072742829012,27.92513773560755,0.6859965384815851
10.0,238.0,25.0,100.0,216.0,120.0,30.2,59.5,2023-03-20 19:09:49,13.0,8043.0,False,2.8595413308692126,4.86977018883592,1.4472181704062983e-05,16.652172526045472,28.488425431885634,0.6672775506855714
10.0,238.0,25.0,100.0,216.0,118.0,30.2,59.5,2023-03-20 19:09:56,7.0,8050.0,False,2.8595413308692126,4.86977018883592,1.4472181704062983e-05,16.652172526045472,28.488425431885634,0.6482876247824318
10.0,243.0,25.0,100.0,204.0,122.0,30.2,59.5,2023-03-20 19:10:02,6.0,8056.0,False,2.8595413308692126,5.151616361885614,1.4472181704062983e-05,16.652172526045472,25.359509618966094,0.6865392603573792
10.0,243.0,25.0,100.0,202.0,121.0,30.2,59.5,2023-03-20 19:10:08,6.0,8062.0,False,2.8595413308692126,5.151616361885614,1.4472181704062983e-05,16.652172526045472,24.856736600926723,0.6768743480893421
10.0,238.0,25.0,100.0,216.0,120.0,30.2,59.5,2023-03-20 19:10:15,7.0,8069.0,False,2.8595413308692126,4.86977018883592,1.4472181704062983e-05,16.652172526045472,28.488425431885634,0.6672775506855714
10.0,241.0,25.0,100.0,216.0,120.0,30.3,59.5,2023-03-20 19:10:21,6.0,8075.0,False,2.8552808936338976,5.032031008685645,1.4453345077762398e-05,16.628072742829012,28.45949903290999,0.6667500555445146
10.0,238.0,25.0,100.0,214.0,123.0,30.3,59.5,2023-03-20 19:10:28,7.0,8082.0,False,2.8552808936338976,4.864521430785501,1.4453345077762398e-05,16.628072742829012,27.92513773560755,0.6957220434031802
10.0,241.0,25.0,100.0,216.0,120.0,30.3,59.5,2023-03-20 19:10:34,6.0,8088.0,False,2.8552808936338976,5.032031008685645,1.4453345077762398e-05,16.628072742829012,28.45949903290999,0.6667500555445146
10.0,238.0,25.0,100.0,204.0,118.0,30.2,59.4,2023-03-20 19:10:41,7.0,8095.0,False,2.861246663106792,4.871870511303348,1.4479720476490564e-05,16.661818697626394,25.36981293924377,0.6484926568059883
10.0,238.0,25.0,100.0,209.0,120.0,30.3,59.5,2023-03-20 19:10:47,6.0,8101.0,False,2.8552808936338976,4.864521430785501,1.4453345077762398e-05,16.628072742829012,26.612731015968404,0.6667500555445146
9.0,238.0,92.0,,,,,,2023-03-20 19:10:53,6.0,8107.0,False,2.0785073812759505,4.8184585083606475,0.0004416210176114737,16.416957096129213,26.63275733022628,0.666867072656525
10.0,241.0,25.0,100.0,211.0,121.0,30.2,59.5,2023-03-20 19:11:00,7.0,8114.0,False,2.8595413308692126,5.037460507484775,1.4472181704062983e-05,16.652172526045472,27.161251099934486,0.6768743480893421
10.0,238.0,25.0,100.0,199.0,120.0,30.2,59.4,2023-03-20 19:11:06,6.0,8120.0,False,2.861246663106792,4.871870511303348,1.4479720476490564e-05,16.661818697626394,24.122343697197728,0.6674885885972341
10.0,236.0,25.0,100.0,216.0,122.0,30.3,59.5,2023-03-20 19:11:13,7.0,8127.0,False,2.8552808936338976,4.755171223321174,1.4453345077762398e-05,16.628072742829012,28.45949903290999,0.6859965384815851
10.0,238.0,25.0,100.0,211.0,120.0,30.2,59.4,2023-03-20 19:11:19,6.0,8133.0,False,2.861246663106792,4.871870511303348,1.4479720476490564e-05,16.661818697626394,27.17228645012184,0.6674885885972341
10.0,236.0,25.0,100.0,214.0,121.0,30.2,59.4,2023-03-20 19:11:26,7.0,8140.0,False,2.861246663106792,4.762355102905949,1.4479720476490564e-05,16.661818697626394,27.964878248365896,0.6770884211519411
10.0,243.0,25.0,100.0,211.0,122.0,30.3,59.5,2023-03-20 19:11:32,6.0,8146.0,False,2.8552808936338976,5.1460638230996745,1.4453345077762398e-05,16.628072742829012,27.13367227891915,0.6859965384815851
10.0,238.0,25.0,100.0,204.0,122.0,30.2,59.4,2023-03-20 19:11:38,6.0,8152.0,False,2.861246663106792,4.871870511303348,1.4479720476490564e-05,16.661818697626394,25.36981293924377,0.6867563901134028
10.0,243.0,25.0,100.0,211.0,123.0,30.3,59.4,2023-03-20 19:11:45,7.0,8159.0,False,2.856984572597923,5.148284467191748,1.446087796190427e-05,16.637709974352695,27.144702169404827,0.695942192037968
10.0,238.0,25.0,100.0,194.0,119.0,30.2,59.4,2023-03-20 19:11:51,6.0,8165.0,False,2.861246663106792,4.871870511303348,1.4479720476490564e-05,16.661818697626394,22.90803602592264,0.6579567228420781
10.0,238.0,25.0,100.0,214.0,122.0,30.2,59.5,2023-03-20 19:11:58,7.0,8172.0,False,2.8595413308692126,4.86977018883592,1.4472181704062983e-05,16.652172526045472,27.95352100667833,0.6865392603573792
10.0,238.0,25.0,100.0,202.0,119.0,30.2,59.4,2023-03-20 19:12:04,6.0,8178.0,False,2.861246663106792,4.871870511303348,1.4479720476490564e-05,16.661818697626394,24.866835649453503,0.6579567228420781
10.0,238.0,25.0,100.0,214.0,120.0,30.2,59.4,2023-03-20 19:12:11,7.0,8185.0,False,2.861246663106792,4.871870511303348,1.4479720476490564e-05,16.661818697626394,27.964878248365896,0.6674885885972341
10.0,243.0,25.0,100.0,202.0,121.0,30.3,59.5,2023-03-20 19:12:17,6.0,8191.0,False,2.8552808936338976,5.1460638230996745,1.4453345077762398e-05,16.628072742829012,24.831497723408905,0.6763392665039413
10.0,241.0,25.0,100.0,209.0,122.0,30.3,59.5,2023-03-20 19:12:23,6.0,8197.0,False,2.8552808936338976,5.032031008685645,1.4453345077762398e-05,16.628072742829012,26.612731015968404,0.6859965384815851
10.0,238.0,25.0,100.0,216.0,121.0,30.2,59.4,2023-03-20 19:12:30,7.0,8204.0,False,2.861246663106792,4.871870511303348,1.4479720476490564e-05,16.661818697626394,28.5,0.6770884211519411
10.0,245.0,25.0,100.0,216.0,122.0,30.2,59.4,2023-03-20 19:12:36,6.0,8210.0,False,2.861246663106792,5.269964066360632,1.4479720476490564e-05,16.661818697626394,28.5,0.6867563901134028
10.0,245.0,25.0,100.0,216.0,122.0,30.2,59.4,2023-03-20 19:12:43,7.0,8217.0,False,2.861246663106792,5.269964066360632,1.4479720476490564e-05,16.661818697626394,28.5,0.6867563901134028
10.0,236.0,25.0,100.0,216.0,122.0,30.2,59.4,2023-03-20 19:12:49,6.0,8223.0,False,2.861246663106792,4.762355102905949,1.4479720476490564e-05,16.661818697626394,28.5,0.6867563901134028
10.0,234.0,25.0,100.0,209.0,120.0,30.3,59.5,2023-03-20 19:12:56,7.0,8230.0,False,2.8552808936338976,4.647650238938851,1.4453345077762398e-05,16.628072742829012,26.612731015968404,0.6667500555445146
10.0,238.0,25.0,100.0,204.0,115.0,30.2,59.4,2023-03-20 19:13:02,6.0,8236.0,False,2.861246663106792,4.871870511303348,1.4479720476490564e-05,16.661818697626394,25.36981293924377,0.6205056245053094
10.0,253.0,25.0,100.0,202.0,121.0,30.2,59.4,2023-03-20 19:13:08,6.0,8242.0,False,2.861246663106792,5.754204639045207,1.4479720476490564e-05,16.661818697626394,24.866835649453503,0.6770884211519411
10.0,238.0,25.0,100.0,214.0,120.0,30.2,59.4,2023-03-20 19:13:15,7.0,8249.0,False,2.861246663106792,4.871870511303348,1.4479720476490564e-05,16.661818697626394,27.964878248365896,0.6674885885972341
10.0,238.0,25.0,100.0,214.0,120.0,30.2,59.4,2023-03-20 19:13:21,6.0,8255.0,False,2.861246663106792,4.871870511303348,1.4479720476490564e-05,16.661818697626394,27.964878248365896,0.6674885885972341
10.0,243.0,25.0,100.0,209.0,121.0,30.3,59.5,2023-03-20 19:13:28,7.0,8262.0,False,2.8552808936338976,5.1460638230996745,1.4453345077762398e-05,16.628072742829012,26.612731015968404,0.6763392665039413
10.0,243.0,25.0,100.0,204.0,120.0,30.3,59.5,2023-03-20 19:13:34,6.0,8268.0,False,2.8552808936338976,5.1460638230996745,1.4453345077762398e-05,16.628072742829012,25.333760238930363,0.6667500555445146
9.0,,925.0,,,,,,2023-03-20 19:13:41,7.0,8275.0,False,2.0785073812759505,5.040622567006049,39.37708026076351,16.416957096129213,25.99153438368959,0.652659122220399
10.0,241.0,25.0,100.0,211.0,118.0,30.3,59.5,2023-03-20 19:13:47,6.0,8281.0,False,2.8552808936338976,5.032031008685645,1.4453345077762398e-05,16.628072742829012,27.13367227891915,0.6477751415260589
10.0,238.0,25.0,100.0,202.0,121.0,30.2,59.4,2023-03-20 19:13:53,6.0,8287.0,False,2.861246663106792,4.871870511303348,1.4479720476490564e-05,16.661818697626394,24.866835649453503,0.6770884211519411
10.0,241.0,25.0,100.0,202.0,120.0,30.3,59.5,2023-03-20 19:14:00,7.0,8294.0,False,2.8552808936338976,5.032031008685645,1.4453345077762398e-05,16.628072742829012,24.831497723408905,0.6667500555445146
10.0,241.0,25.0,100.0,216.0,121.0,30.3,59.5,2023-03-20 19:14:06,6.0,8300.0,False,2.8552808936338976,5.032031008685645,1.4453345077762398e-05,16.628072742829012,28.45949903290999,0.6763392665039413
10.0,238.0,25.0,100.0,216.0,120.0,30.3,59.5,2023-03-20 19:14:13,7.0,8307.0,False,2.8552808936338976,4.864521430785501,1.4453345077762398e-05,16.628072742829012,28.45949903290999,0.6667500555445146
10.0,238.0,25.0,100.0,211.0,122.0,30.3,59.5,2023-03-20 19:14:19,6.0,8313.0,False,2.8552808936338976,4.864521430785501,1.4453345077762398e-05,16.628072742829012,27.13367227891915,0.6859965384815851
10.0,241.0,25.0,100.0,199.0,120.0,30.2,59.4,2023-03-20 19:14:26,7.0,8320.0,False,2.861246663106792,5.039633154462429,1.4479720476490564e-05,16.661818697626394,24.122343697197728,0.6674885885972341
10.0,238.0,25.0,100.0,216.0,121.0,30.2,59.5,2023-03-20 19:14:32,6.0,8326.0,False,2.8595413308692126,4.86977018883592,1.4472181704062983e-05,16.652172526045472,28.488425431885634,0.6768743480893421
10.0,245.0,25.0,100.0,204.0,122.0,30.2,59.6,2023-03-20 19:14:38,6.0,8332.0,False,2.8578366600301397,5.265420681903868,1.4464645287133713e-05,16.64252993092334,25.34920833768544,0.686322154032011
10.0,243.0,25.0,100.0,206.0,121.0,30.3,59.9,2023-03-20 19:14:45,7.0,8339.0,False,2.84847278760546,5.137186198872216,1.4423237087588678e-05,16.58955956097925,25.799349190720807,0.6754834363682827
10.0,248.0,25.0,100.0,211.0,119.0,30.3,60.0,2023-03-20 19:14:51,6.0,8345.0,False,2.8467724129613075,5.427865037045525,1.4415715975416299e-05,16.579940198671594,27.078555585753673,0.656189232408637
10.0,245.0,25.0,100.0,206.0,122.0,30.3,60.1,2023-03-20 19:14:58,7.0,8352.0,False,2.8450726988247452,5.2484010298761135,1.4408197216901284e-05,16.57032440846316,25.778362955020548,0.6846946036815325
10.0,243.0,25.0,100.0,211.0,122.0,30.3,60.2,2023-03-20 19:15:04,6.0,8358.0,False,2.843373645076966,5.1305331802470695,1.4400680811798065e-05,16.560712189772563,27.05652419656862,0.684477696611818
10.0,243.0,25.0,100.0,204.0,120.0,30.3,60.3,2023-03-20 19:15:11,7.0,8365.0,False,2.841675251599165,5.12831649772306,1.4393166759861056e-05,16.55110354201841,25.251447864559218,0.6650630279874128
10.0,238.0,25.0,100.0,216.0,122.0,30.3,60.4,2023-03-20 19:15:17,6.0,8371.0,False,2.839977518272531,4.845650126642754,1.4385655060844634e-05,16.54149846461923,28.3554825395303,0.6840439528338695
10.0,248.0,25.0,100.0,204.0,120.0,30.3,60.5,2023-03-20 19:15:23,6.0,8377.0,False,2.838280444978252,5.416149429920618,1.437814571450315e-05,16.53189695699357,25.230890162743886,0.6646414990255807
10.0,250.0,25.0,100.0,216.0,121.0,30.2,60.4,2023-03-20 19:15:30,7.0,8384.0,False,2.8442230894096827,5.5448708224670336,1.4404438720188547e-05,16.565517852714464,28.384357397518123,0.6749487303407312
10.0,238.0,25.0,100.0,216.0,120.0,30.3,60.5,2023-03-20 19:15:36,6.0,8390.0,False,2.838280444978252,4.843555655493051,1.437814571450315e-05,16.53189695699357,28.343936605298254,0.6646414990255807
10.0,250.0,25.0,100.0,216.0,121.0,30.3,60.6,2023-03-20 19:15:43,7.0,8397.0,False,2.836584031597509,5.534095510908775,1.4370638720590933e-05,16.522299018559934,28.332392961938144,0.6739866236825315
10.0,245.0,25.0,100.0,216.0,120.0,30.3,60.7,2023-03-20 19:15:49,6.0,8403.0,False,2.8348882780114804,5.234805814980486,1.4363134078862289e-05,16.512704648736797,28.320851609473873,0.6642200612714284
10.0,253.0,25.0,100.0,204.0,120.0,30.3,60.8,2023-03-20 19:15:56,7.0,8410.0,False,2.833193184101347,5.713343667613727,1.435563178907149e-05,16.503113846942625,25.2000689045458,0.6640093766029724
10.0,245.0,25.0,100.0,209.0,122.0,30.3,60.7,2023-03-20 19:16:02,6.0,8416.0,False,2.8348882780114804,5.234805814980486,1.4363134078862289e-05,16.512704648736797,26.483080575470634,0.6833935131060598
10.0,243.0,25.0,100.0,216.0,122.0,30.3,60.7,2023-03-20 19:16:08,6.0,8422.0,False,2.8348882780114804,5.119454719189214,1.4363134078862289e-05,16.512704648736797,28.320851609473873,0.6833935131060598
10.0,253.0,25.0,100.0,206.0,120.0,30.3,60.7,2023-03-20 19:16:15,7.0,8429.0,False,2.8348882780114804,5.715815805526637,1.4363134078862289e-05,16.512704648736797,25.71545416944576,0.6642200612714284
10.0,248.0,25.0,100.0,216.0,120.0,30.3,60.7,2023-03-20 19:16:21,6.0,8435.0,False,2.8348882780114804,5.411466850869109,1.4363134078862289e-05,16.512704648736797,28.320851609473873,0.6642200612714284
10.0,255.0,25.0,100.0,216.0,119.0,30.3,60.9,2023-03-20 19:16:28,7.0,8442.0,False,2.8314987497482766,5.8360526716650325,1.4348131850972794e-05,16.49352661259582,28.297775777328674,0.6543195410983126
10.0,241.0,25.0,100.0,216.0,122.0,30.3,61.0,2023-03-20 19:16:34,6.0,8448.0,False,2.829804974833438,4.999517569519695,1.4340634264320418e-05,16.483942945114798,28.286241297695614,0.6827432845618857
10.0,238.0,25.0,100.0,216.0,119.0,30.3,61.1,2023-03-20 19:16:41,7.0,8455.0,False,2.8281118592380006,4.830998657599754,1.4333139028868563e-05,16.47436284391792,28.27470910905416,0.6539043014213246
10.0,255.0,25.0,100.0,214.0,120.0,30.3,61.1,2023-03-20 19:16:47,6.0,8461.0,False,2.8281118592380006,5.831002843382759,1.4333139028868563e-05,16.47436284391792,27.743817464654807,0.6633774594596584
10.0,241.0,25.0,100.0,218.0,121.0,30.3,61.1,2023-03-20 19:16:53,6.0,8467.0,False,2.8281118592380006,4.997353880304574,1.4333139028868563e-05,16.47436284391792,28.81095219288828,0.6729181656832105
10.0,255.0,25.0,100.0,214.0,121.0,30.3,61.0,2023-03-20 19:17:00,7.0,8474.0,False,2.829804974833438,5.8335274750714,1.4340634264320418e-05,16.483942945114798,27.755133122594987,0.6731318110047182
10.0,250.0,25.0,100.0,216.0,120.0,30.3,60.8,2023-03-20 19:17:06,6.0,8480.0,False,2.833193184101347,5.529309961178913,1.435563178907149e-05,16.503113846942625,28.309312547929405,0.6640093766029724
10.0,245.0,25.0,100.0,209.0,120.0,30.3,60.7,2023-03-20 19:17:13,7.0,8487.0,False,2.8348882780114804,5.234805814980486,1.4363134078862289e-05,16.512704648736797,26.483080575470634,0.6642200612714284
10.0,245.0,25.0,100.0,209.0,122.0,30.3,60.7,2023-03-20 19:17:19,6.0,8493.0,False,2.8348882780114804,5.234805814980486,1.4363134078862289e-05,16.512704648736797,26.483080575470634,0.6833935131060598
10.0,245.0,25.0,100.0,211.0,120.0,30.3,60.7,2023-03-20 19:17:26,7.0,8500.0,False,2.8348882780114804,5.234805814980486,1.4363134078862289e-05,16.512704648736797,27.001483945404164,0.6642200612714284
10.0,245.0,25.0,100.0,214.0,120.0,30.3,60.6,2023-03-20 19:17:32,6.0,8506.0,False,2.836584031597509,5.237070418359506,1.4370638720590933e-05,16.522299018559934,27.800418233875753,0.6644307687463966
10.0,238.0,25.0,100.0,216.0,121.0,30.3,60.5,2023-03-20 19:17:38,6.0,8512.0,False,2.838280444978252,4.843555655493051,1.437814571450315e-05,16.53189695699357,28.343936605298254,0.6742003846882761
10.0,245.0,25.0,100.0,204.0,118.0,30.3,60.5,2023-03-20 19:17:45,7.0,8519.0,False,2.838280444978252,5.239335528036754,1.437814571450315e-05,16.53189695699357,25.230890162743886,0.6457265920192237
10.0,238.0,25.0,100.0,211.0,119.0,30.3,60.4,2023-03-20 19:17:51,6.0,8525.0,False,2.839977518272531,4.845650126642754,1.4385655060844634e-05,16.54149846461923,27.03450154370336,0.655358033744971
10.0,245.0,25.0,100.0,204.0,122.0,30.3,60.4,2023-03-20 19:17:58,7.0,8532.0,False,2.839977518272531,5.241601144019636,1.4385655060844634e-05,16.54149846461923,25.24116799403075,0.6840439528338695
9.0,244.0,92.0,140.8,214.0,1.0,,60.3,2023-03-20 19:18:04,6.0,8538.0,False,2.0959943731597956,5.185851358699656,0.0004448648114111272,43.85684289785559,27.83440567017468,0.00038463891327545914
10.0,238.0,25.0,100.0,214.0,120.0,30.3,60.3,2023-03-20 19:18:11,7.0,8545.0,False,2.841675251599165,4.847745065858556,1.4393166759861056e-05,16.55110354201841,27.83440567017468,0.6650630279874128
10.0,245.0,25.0,100.0,204.0,122.0,30.3,60.3,2023-03-20 19:18:17,6.0,8551.0,False,2.841675251599165,5.243867266315559,1.4393166759861056e-05,16.55110354201841,25.251447864559218,0.6842608129951437
10.0,241.0,25.0,100.0,199.0,120.0,30.3,60.2,2023-03-20 19:18:23,6.0,8557.0,False,2.843373645076966,5.016844512927795,1.4400680811798065e-05,16.560712189772563,24.019575132892363,0.6652738266654707
10.0,238.0,25.0,100.0,216.0,120.0,30.3,60.3,2023-03-20 19:18:30,7.0,8564.0,False,2.841675251599165,4.847745065858556,1.4393166759861056e-05,16.55110354201841,28.36703076461035,0.6650630279874128
10.0,238.0,25.0,100.0,211.0,120.0,30.3,60.3,2023-03-20 19:18:36,6.0,8570.0,False,2.841675251599165,4.847745065858556,1.4393166759861056e-05,16.55110354201841,27.045511778084613,0.6650630279874128
10.0,238.0,25.0,100.0,216.0,119.0,30.3,60.3,2023-03-20 19:18:43,7.0,8577.0,False,2.841675251599165,4.847745065858556,1.4393166759861056e-05,16.55110354201841,28.36703076461035,0.6555657997054791
10.0,243.0,25.0,100.0,214.0,121.0,30.3,60.3,2023-03-20 19:18:49,6.0,8583.0,False,2.841675251599165,5.12831649772306,1.4393166759861056e-05,16.55110354201841,27.83440567017468,0.6746279760870094
10.0,238.0,25.0,100.0,216.0,120.0,30.3,60.2,2023-03-20 19:18:56,7.0,8590.0,False,2.843373645076966,4.849840473147308,1.4400680811798065e-05,16.560712189772563,28.37858128051449,0.6652738266654707
10.0,243.0,25.0,100.0,216.0,122.0,30.3,60.2,2023-03-20 19:19:02,6.0,8596.0,False,2.843373645076966,5.1305331802470695,1.4400680811798065e-05,16.560712189772563,28.37858128051449,0.684477696611818
10.0,241.0,25.0,100.0,216.0,120.0,30.3,60.2,2023-03-20 19:19:08,6.0,8602.0,False,2.843373645076966,5.016844512927795,1.4400680811798065e-05,16.560712189772563,28.37858128051449,0.6652738266654707
10.0,241.0,25.0,100.0,211.0,120.0,30.3,60.1,2023-03-20 19:19:15,7.0,8609.0,False,2.8450726988247452,5.019012559670912,1.4408197216901284e-05,16.57032440846316,27.067538799132567,0.6654846481385648
10.0,245.0,25.0,100.0,211.0,118.0,30.3,60.1,2023-03-20 19:19:21,6.0,8615.0,False,2.8450726988247452,5.2484010298761135,1.4408197216901284e-05,16.57032440846316,27.067538799132567,0.646545746110699
10.0,238.0,25.0,100.0,209.0,120.0,30.3,60.0,2023-03-20 19:19:28,7.0,8622.0,False,2.8467724129613075,4.854032691971013,1.4415715975416299e-05,16.579940198671594,26.55867251203187,0.6656954924044015
10.0,238.0,25.0,100.0,211.0,120.0,30.3,60.0,2023-03-20 19:19:34,6.0,8628.0,False,2.8467724129613075,4.854032691971013,1.4415715975416299e-05,16.579940198671594,27.078555585753673,0.6656954924044015
10.0,236.0,25.0,100.0,216.0,120.0,30.3,60.0,2023-03-20 19:19:41,7.0,8635.0,False,2.8467724129613075,4.744918262225361,1.4415715975416299e-05,16.579940198671594,28.401689184699396,0.6656954924044015
10.0,243.0,25.0,100.0,211.0,121.0,30.3,60.0,2023-03-20 19:19:47,6.0,8641.0,False,2.8467724129613075,5.1349680308144166,1.4415715975416299e-05,16.579940198671594,27.078555585753673,0.6752695366183041
10.0,243.0,25.0,100.0,216.0,121.0,30.3,60.0,2023-03-20 19:19:53,6.0,8647.0,False,2.8467724129613075,5.1349680308144166,1.4415715975416299e-05,16.579940198671594,28.401689184699396,0.6752695366183041
10.0,238.0,25.0,100.0,216.0,121.0,30.3,60.0,2023-03-20 19:20:00,7.0,8654.0,False,2.8467724129613075,4.854032691971013,1.4415715975416299e-05,16.579940198671594,28.401689184699396,0.6752695366183041
10.0,236.0,25.0,100.0,216.0,123.0,30.3,60.0,2023-03-20 19:20:06,6.0,8660.0,False,2.8467724129613075,4.744918262225361,1.4415715975416299e-05,16.579940198671594,28.401689184699396,0.6946216568090794
10.0,248.0,25.0,100.0,204.0,121.0,30.3,60.0,2023-03-20 19:20:13,7.0,8667.0,False,2.8467724129613075,5.427865037045525,1.4415715975416299e-05,16.579940198671594,25.282299711381285,0.6752695366183041
10.0,236.0,25.0,100.0,204.0,119.0,30.3,60.0,2023-03-20 19:20:19,6.0,8673.0,False,2.8467724129613075,4.744918262225361,1.4415715975416299e-05,16.579940198671594,25.282299711381285,0.656189232408637
10.0,238.0,25.0,100.0,216.0,121.0,30.3,59.9,2023-03-20 19:20:26,7.0,8680.0,False,2.84847278760546,4.85612950351964,1.4423237087588678e-05,16.58955956097925,28.413246572932355,0.6754834363682827
10.0,238.0,25.0,100.0,211.0,120.0,30.3,59.9,2023-03-20 19:20:32,6.0,8686.0,False,2.84847278760546,4.85612950351964,1.4423237087588678e-05,16.58955956097925,27.08957455640916,0.6659063594606885
10.0,236.0,25.0,100.0,214.0,120.0,30.3,59.9,2023-03-20 19:20:39,7.0,8693.0,False,2.84847278760546,4.746967939275537,1.4423237087588678e-05,16.58955956097925,27.879753721152735,0.6659063594606885
10.0,236.0,25.0,100.0,204.0,122.0,,,2023-03-20 19:20:45,6.0,8699.0,False,2.817967004717604,4.710143755297176,1.4288216977600418e-05,16.416957096129213,25.1077152559019,0.6812269062538993
10.0,238.0,25.0,100.0,214.0,122.0,30.3,59.8,2023-03-20 19:20:51,6.0,8705.0,False,2.8501738228759996,4.858226783168571,1.4430760553663975e-05,16.599182495967494,27.891096353249104,0.6853454655853257
10.0,238.0,25.0,100.0,216.0,121.0,30.3,59.8,2023-03-20 19:20:58,7.0,8712.0,False,2.8501738228759996,4.858226783168571,1.4430760553663975e-05,16.599182495967494,28.424806251893777,0.675697359234159
10.0,238.0,25.0,100.0,216.0,120.0,30.3,59.9,2023-03-20 19:21:04,6.0,8718.0,False,2.84847278760546,4.85612950351964,1.4423237087588678e-05,16.58955956097925,28.413246572932355,0.6659063594606885
10.0,238.0,25.0,100.0,214.0,121.0,30.3,59.9,2023-03-20 19:21:11,7.0,8725.0,False,2.84847278760546,4.85612950351964,1.4423237087588678e-05,16.58955956097925,27.879753721152735,0.6754834363682827
10.0,,92.0,,,,,,2023-03-20 19:21:17,6.0,8731.0,False,2.817967004717604,4.900898431328313,0.0004416210176114737,16.416957096129213,26.375274188631682,0.6621142412592479
10.0,241.0,25.0,100.0,204.0,119.0,30.3,59.8,2023-03-20 19:21:24,7.0,8738.0,False,2.8501738228759996,5.025519605159558,1.4430760553663975e-05,16.599182495967494,25.302877805080417,0.6566049665395008
10.0,238.0,25.0,100.0,216.0,120.0,30.3,59.8,2023-03-20 19:21:30,6.0,8744.0,False,2.8501738228759996,4.858226783168571,1.4430760553663975e-05,16.599182495967494,28.424806251893777,0.666117249305134
10.0,236.0,25.0,100.0,216.0,120.0,30.3,59.8,2023-03-20 19:21:36,6.0,8750.0,False,2.8501738228759996,4.749018073903525,1.4430760553663975e-05,16.599182495967494,28.424806251893777,0.666117249305134
10.0,238.0,25.0,100.0,216.0,120.0,30.3,59.8,2023-03-20 19:21:43,7.0,8757.0,False,2.8501738228759996,4.858226783168571,1.4430760553663975e-05,16.599182495967494,28.424806251893777,0.666117249305134
,246.0,92.0,,,,,,2023-03-20 19:21:49,6.0,8763.0,False,2.817967004717604,5.270334435555956,0.0004416210176114737,16.416957096129213,26.375274188631682,0.652659122220399
10.0,243.0,25.0,100.0,202.0,118.0,30.3,59.8,2023-03-20 19:21:56,7.0,8770.0,False,2.8501738228759996,5.139404862122414,1.4430760553663975e-05,16.599182495967494,24.801227559066707,0.6471603442000375
10.0,243.0,25.0,100.0,214.0,121.0,30.3,59.7,2023-03-20 19:22:02,6.0,8776.0,False,2.851875518891724,5.141624020572235,1.4438286373887704e-05,16.608809004217665,27.902441233039312,0.6759113052136096
10.0,238.0,25.0,100.0,211.0,122.0,30.3,59.7,2023-03-20 19:22:09,7.0,8783.0,False,2.851875518891724,4.860324530924634,1.4438286373887704e-05,16.608809004217665,27.111619049732077,0.6855624664436136
10.0,241.0,25.0,100.0,216.0,123.0,30.3,59.7,2023-03-20 19:22:15,6.0,8789.0,False,2.851875518891724,5.027689588765779,1.4438286373887704e-05,16.608809004217665,28.43636822155979,0.6952818174424046
10.0,243.0,25.0,100.0,204.0,120.0,30.3,59.7,2023-03-20 19:22:21,6.0,8795.0,False,2.851875518891724,5.141624020572235,1.4438286373887704e-05,16.608809004217665,25.313169910611492,0.666328161935447
10.0,238.0,25.0,100.0,204.0,120.0,30.3,59.7,2023-03-20 19:22:28,7.0,8802.0,False,2.851875518891724,4.860324530924634,1.4438286373887704e-05,16.608809004217665,25.313169910611492,0.666328161935447
10.0,238.0,25.0,100.0,216.0,122.0,30.3,59.7,2023-03-20 19:22:34,6.0,8808.0,False,2.851875518891724,4.860324530924634,1.4438286373887704e-05,16.608809004217665,28.43636822155979,0.6855624664436136
10.0,238.0,25.0,100.0,202.0,122.0,30.3,59.6,2023-03-20 19:22:41,7.0,8815.0,False,2.8535778757714265,4.862422746794669,1.444581454850536e-05,16.618439086311085,24.821405669976087,0.685779490743152
10.0,238.0,25.0,100.0,209.0,122.0,30.3,59.6,2023-03-20 19:22:47,6.0,8821.0,False,2.8535778757714265,4.862422746794669,1.444581454850536e-05,16.618439086311085,26.601915031109257,0.685779490743152
10.0,238.0,25.0,100.0,216.0,122.0,30.3,59.6,2023-03-20 19:22:54,7.0,8828.0,False,2.8535778757714265,4.862422746794669,1.444581454850536e-05,16.618439086311085,28.44793248190648,0.685779490743152
10.0,238.0,25.0,100.0,214.0,122.0,30.3,59.5,2023-03-20 19:23:00,6.0,8834.0,False,2.8552808936338976,4.864521430785501,1.4453345077762398e-05,16.628072742829012,27.92513773560755,0.6859965384815851
10.0,238.0,25.0,100.0,202.0,120.0,30.3,59.5,2023-03-20 19:23:06,6.0,8840.0,False,2.8552808936338976,4.864521430785501,1.4453345077762398e-05,16.628072742829012,24.831497723408905,0.6667500555445146
10.0,238.0,25.0,100.0,202.0,122.0,30.3,59.5,2023-03-20 19:23:13,7.0,8847.0,False,2.8552808936338976,4.864521430785501,1.4453345077762398e-05,16.628072742829012,24.831497723408905,0.6859965384815851
10.0,241.0,25.0,100.0,202.0,121.0,30.3,59.5,2023-03-20 19:23:19,6.0,8853.0,False,2.8552808936338976,5.032031008685645,1.4453345077762398e-05,16.628072742829012,24.831497723408905,0.6763392665039413
10.0,248.0,25.0,100.0,202.0,120.0,30.3,59.5,2023-03-20 19:23:26,7.0,8860.0,False,2.8552808936338976,5.439593729929697,1.4453345077762398e-05,16.628072742829012,24.831497723408905,0.6667500555445146
10.0,243.0,25.0,100.0,202.0,122.0,30.3,59.5,2023-03-20 19:23:32,6.0,8866.0,False,2.8552808936338976,5.1460638230996745,1.4453345077762398e-05,16.628072742829012,24.831497723408905,0.6859965384815851
10.0,241.0,25.0,100.0,204.0,121.0,30.3,59.5,2023-03-20 19:23:39,7.0,8873.0,False,2.8552808936338976,5.032031008685645,1.4453345077762398e-05,16.628072742829012,25.333760238930363,0.6763392665039413
10.0,236.0,25.0,100.0,216.0,120.0,30.3,59.5,2023-03-20 19:23:45,6.0,8879.0,False,2.8552808936338976,4.755171223321174,1.4453345077762398e-05,16.628072742829012,28.45949903290999,0.6667500555445146
10.0,238.0,25.0,100.0,204.0,119.0,30.3,59.6,2023-03-20 19:23:51,6.0,8885.0,False,2.8535778757714265,4.862422746794669,1.444581454850536e-05,16.618439086311085,25.32346405523524,0.6570207905122888
10.0,243.0,25.0,100.0,204.0,119.0,30.3,59.5,2023-03-20 19:23:58,7.0,8892.0,False,2.8552808936338976,5.1460638230996745,1.4453345077762398e-05,16.628072742829012,25.333760238930363,0.6572287361837607
10.0,238.0,25.0,100.0,209.0,121.0,30.3,59.6,2023-03-20 19:24:04,6.0,8898.0,False,2.8535778757714265,4.862422746794669,1.444581454850536e-05,16.618439086311085,26.601915031109257,0.6761252743043114
10.0,238.0,25.0,100.0,214.0,119.0,30.3,59.5,2023-03-20 19:24:11,7.0,8905.0,False,2.8552808936338976,4.864521430785501,1.4453345077762398e-05,16.628072742829012,27.92513773560755,0.6572287361837607
10.0,243.0,25.0,100.0,211.0,121.0,30.3,59.5,2023-03-20 19:24:17,6.0,8911.0,False,2.8552808936338976,5.1460638230996745,1.4453345077762398e-05,16.628072742829012,27.13367227891915,0.6763392665039413
10.0,238.0,25.0,100.0,214.0,120.0,30.3,59.5,2023-03-20 19:24:24,7.0,8918.0,False,2.8552808936338976,4.864521430785501,1.4453345077762398e-05,16.628072742829012,27.92513773560755,0.6667500555445146
10.0,238.0,25.0,100.0,216.0,122.0,30.3,59.5,2023-03-20 19:24:30,6.0,8924.0,False,2.8552808936338976,4.864521430785501,1.4453345077762398e-05,16.628072742829012,28.45949903290999,0.6859965384815851
10.0,236.0,25.0,100.0,214.0,121.0,30.3,59.5,2023-03-20 19:24:36,6.0,8930.0,False,2.8552808936338976,4.755171223321174,1.4453345077762398e-05,16.628072742829012,27.92513773560755,0.6763392665039413
10.0,238.0,25.0,100.0,214.0,120.0,30.3,59.5,2023-03-20 19:24:43,7.0,8937.0,False,2.8552808936338976,4.864521430785501,1.4453345077762398e-05,16.628072742829012,27.92513773560755,0.6667500555445146
10.0,241.0,25.0,100.0,204.0,120.0,30.3,59.5,2023-03-20 19:24:49,6.0,8943.0,False,2.8552808936338976,5.032031008685645,1.4453345077762398e-05,16.628072742829012,25.333760238930363,0.6667500555445146
10.0,245.0,25.0,100.0,206.0,122.0,30.3,59.5,2023-03-20 19:24:56,7.0,8950.0,False,2.8552808936338976,5.26201447284004,1.4453345077762398e-05,16.628072742829012,25.84134662184259,0.6859965384815851
10.0,241.0,25.0,100.0,202.0,118.0,30.3,59.6,2023-03-20 19:25:02,6.0,8956.0,False,2.8535778757714265,5.029860056605455,1.444581454850536e-05,16.618439086311085,24.821405669976087,0.6475701869503511
10.0,245.0,25.0,100.0,214.0,119.0,30.2,59.5,2023-03-20 19:25:09,7.0,8963.0,False,2.8595413308692126,5.267692120933222,1.4472181704062983e-05,16.652172526045472,27.95352100667833,0.657748698592488
10.0,238.0,25.0,100.0,214.0,120.0,30.3,59.6,2023-03-20 19:25:15,6.0,8969.0,False,2.8535778757714265,4.862422746794669,1.444581454850536e-05,16.618439086311085,27.913788360499943,0.6665390973493371
10.0,238.0,25.0,100.0,211.0,122.0,30.3,59.6,2023-03-20 19:25:21,6.0,8975.0,False,2.8535778757714265,4.862422746794669,1.444581454850536e-05,16.618439086311085,27.122644572353998,0.685779490743152
10.0,236.0,25.0,100.0,216.0,122.0,30.3,59.6,2023-03-20 19:25:28,7.0,8982.0,False,2.8535778757714265,4.753119715919664,1.444581454850536e-05,16.618439086311085,28.44793248190648,0.685779490743152
9.0,,925.0,,,,,,2023-03-20 19:25:34,6.0,8988.0,False,2.0785073812759505,4.764073113699052,39.37708026076351,16.416957096129213,27.5444052778123,0.6812269062538993
10.0,238.0,25.0,100.0,211.0,122.0,30.3,59.6,2023-03-20 19:25:41,7.0,8995.0,False,2.8535778757714265,4.862422746794669,1.444581454850536e-05,16.618439086311085,27.122644572353998,0.685779490743152
9.0,,,,,,,,2023-03-20 19:25:47,6.0,9001.0,False,2.0785073812759505,4.8184585083606475,1.4288216977600418e-05,16.416957096129213,25.73736257576725,0.6716367798565496
10.0,238.0,25.0,100.0,202.0,120.0,30.3,59.6,2023-03-20 19:25:54,7.0,9008.0,False,2.8535778757714265,4.862422746794669,1.444581454850536e-05,16.618439086311085,24.821405669976087,0.6665390973493371
10.0,245.0,25.0,100.0,204.0,120.0,30.3,59.6,2023-03-20 19:26:00,6.0,9014.0,False,2.8535778757714265,5.2597442997735175,1.444581454850536e-05,16.618439086311085,25.32346405523524,0.6665390973493371
10.0,238.0,25.0,100.0,214.0,119.0,30.3,59.6,2023-03-20 19:26:06,6.0,9020.0,False,2.8535778757714265,4.862422746794669,1.444581454850536e-05,16.618439086311085,27.913788360499943,0.6570207905122888
10.0,238.0,25.0,100.0,202.0,123.0,30.3,59.6,2023-03-20 19:26:13,7.0,9027.0,False,2.8535778757714265,4.862422746794669,1.444581454850536e-05,16.618439086311085,24.821405669976087,0.6955019185371962
10.0,245.0,25.0,100.0,204.0,120.0,30.3,59.6,2023-03-20 19:26:19,6.0,9033.0,False,2.8535778757714265,5.2597442997735175,1.444581454850536e-05,16.618439086311085,25.32346405523524,0.6665390973493371
10.0,243.0,25.0,100.0,209.0,120.0,30.3,59.6,2023-03-20 19:26:26,7.0,9040.0,False,2.8535778757714265,5.143843674228915,1.444581454850536e-05,16.618439086311085,26.601915031109257,0.6665390973493371
10.0,,92.0,140.8,226.0,123.0,,,2023-03-20 19:26:32,6.0,9046.0,False,2.817967004717604,4.95643747984429,0.0004416210176114737,43.50138384415975,30.933816581189593,0.6908847911816569
10.0,238.0,25.0,100.0,211.0,119.0,30.3,59.6,2023-03-20 19:26:39,7.0,9053.0,False,2.8535778757714265,4.862422746794669,1.444581454850536e-05,16.618439086311085,27.122644572353998,0.6570207905122888
10.0,238.0,25.0,100.0,211.0,122.0,30.3,59.6,2023-03-20 19:26:45,6.0,9059.0,False,2.8535778757714265,4.862422746794669,1.444581454850536e-05,16.618439086311085,27.122644572353998,0.685779490743152
10.0,238.0,25.0,100.0,204.0,120.0,30.3,59.7,2023-03-20 19:26:51,6.0,9065.0,False,2.851875518891724,4.860324530924634,1.4438286373887704e-05,16.608809004217665,25.313169910611492,0.666328161935447
10.0,241.0,25.0,100.0,202.0,122.0,30.3,59.7,2023-03-20 19:26:58,7.0,9072.0,False,2.851875518891724,5.027689588765779,1.4438286373887704e-05,16.608809004217665,24.811315615188402,0.6855624664436136
10.0,245.0,25.0,100.0,204.0,120.0,30.3,59.7,2023-03-20 19:27:04,6.0,9078.0,False,2.851875518891724,5.257474633079198,1.4438286373887704e-05,16.608809004217665,25.313169910611492,0.666328161935447
10.0,243.0,25.0,100.0,206.0,120.0,30.3,59.8,2023-03-20 19:27:11,7.0,9085.0,False,2.8501738228759996,5.139404862122414,1.4430760553663975e-05,16.599182495967494,25.80984542856862,0.666117249305134
10.0,238.0,25.0,100.0,216.0,122.0,30.3,59.8,2023-03-20 19:27:17,6.0,9091.0,False,2.8501738228759996,4.858226783168571,1.4430760553663975e-05,16.599182495967494,28.424806251893777,0.6853454655853257
10.0,238.0,25.0,100.0,209.0,120.0,30.3,59.8,2023-03-20 19:27:24,7.0,9098.0,False,2.8501738228759996,4.858226783168571,1.4430760553663975e-05,16.599182495967494,26.580289487454053,0.666117249305134
10.0,238.0,25.0,100.0,209.0,122.0,30.3,59.8,2023-03-20 19:27:30,6.0,9104.0,False,2.8501738228759996,4.858226783168571,1.4430760553663975e-05,16.599182495967494,26.580289487454053,0.6853454655853257
10.0,241.0,25.0,100.0,202.0,119.0,30.3,59.9,2023-03-20 19:27:36,6.0,9110.0,False,2.84847278760546,5.023350105779719,1.4423237087588678e-05,16.58955956097925,24.79114150163182,0.6563970882426993
10.0,248.0,25.0,100.0,202.0,120.0,30.3,59.9,2023-03-20 19:27:43,7.0,9117.0,False,2.84847278760546,5.430209728731037,1.4423237087588678e-05,16.58955956097925,24.79114150163182,0.6659063594606885
10.0,238.0,25.0,100.0,214.0,120.0,30.3,59.9,2023-03-20 19:27:49,6.0,9123.0,False,2.84847278760546,4.85612950351964,1.4423237087588678e-05,16.58955956097925,27.879753721152735,0.6659063594606885
10.0,238.0,25.0,100.0,214.0,123.0,30.3,59.9,2023-03-20 19:27:56,7.0,9130.0,False,2.84847278760546,4.85612950351964,1.4423237087588678e-05,16.58955956097925,27.879753721152735,0.6948416865759559
10.0,238.0,25.0,100.0,216.0,120.0,30.3,59.9,2023-03-20 19:28:02,6.0,9136.0,False,2.84847278760546,4.85612950351964,1.4423237087588678e-05,16.58955956097925,28.413246572932355,0.6659063594606885
10.0,238.0,25.0,100.0,214.0,120.0,30.3,59.9,2023-03-20 19:28:09,7.0,9143.0,False,2.84847278760546,4.85612950351964,1.4423237087588678e-05,16.58955956097925,27.879753721152735,0.6659063594606885
10.0,241.0,25.0,100.0,209.0,120.0,30.3,59.9,2023-03-20 19:28:15,6.0,9149.0,False,2.84847278760546,5.023350105779719,1.4423237087588678e-05,16.58955956097925,26.569479928702663,0.6659063594606885
10.0,241.0,25.0,100.0,211.0,121.0,30.3,59.8,2023-03-20 19:28:21,6.0,9155.0,False,2.8501738228759996,5.025519605159558,1.4430760553663975e-05,16.599182495967494,27.100595711076217,0.675697359234159
10.0,238.0,25.0,100.0,269.0,118.0,30.3,59.8,2023-03-20 19:28:28,7.0,9162.0,False,2.8501738228759996,4.858226783168571,1.4430760553663975e-05,16.599182495967494,44.56194919132689,0.6471603442000375
10.0,245.0,25.0,100.0,194.0,120.0,30.3,59.8,2023-03-20 19:28:34,6.0,9168.0,False,2.8501738228759996,5.255205472749691,1.4430760553663975e-05,16.599182495967494,22.847595987658032,0.666117249305134
10.0,238.0,25.0,100.0,204.0,119.0,30.3,59.9,2023-03-20 19:28:41,7.0,9175.0,False,2.84847278760546,4.85612950351964,1.4423237087588678e-05,16.58955956097925,25.292587738663258,0.6563970882426993
10.0,245.0,25.0,100.0,204.0,121.0,30.3,60.0,2023-03-20 19:28:47,6.0,9181.0,False,2.8467724129613075,5.25066867115554,1.4415715975416299e-05,16.579940198671594,25.282299711381285,0.6752695366183041
10.0,238.0,25.0,100.0,206.0,120.0,30.3,60.0,2023-03-20 19:28:54,7.0,9188.0,False,2.8467724129613075,4.854032691971013,1.4415715975416299e-05,16.579940198671594,25.78885503286421,0.6656954924044015
10.0,238.0,25.0,100.0,216.0,119.0,30.3,60.0,2023-03-20 19:29:00,6.0,9194.0,False,2.8467724129613075,4.854032691971013,1.4415715975416299e-05,16.579940198671594,28.401689184699396,0.656189232408637
10.0,238.0,25.0,100.0,209.0,122.0,30.3,60.0,2023-03-20 19:29:06,6.0,9200.0,False,2.8467724129613075,4.854032691971013,1.4415715975416299e-05,16.579940198671594,26.55867251203187,0.6849115342019276
10.0,238.0,25.0,100.0,209.0,120.0,30.3,60.1,2023-03-20 19:29:13,7.0,9207.0,False,2.8450726988247452,4.851936348515849,1.4408197216901284e-05,16.57032440846316,26.54786723746402,0.6654846481385648
10.0,245.0,25.0,100.0,211.0,120.0,30.3,60.0,2023-03-20 19:29:19,6.0,9213.0,False,2.8467724129613075,5.25066867115554,1.4415715975416299e-05,16.579940198671594,27.078555585753673,0.6656954924044015
10.0,250.0,25.0,100.0,214.0,121.0,30.3,60.0,2023-03-20 19:29:26,7.0,9220.0,False,2.8467724129613075,5.54846500066987,1.4415715975416299e-05,16.579940198671594,27.868413336773664,0.6752695366183041
10.0,245.0,25.0,100.0,199.0,121.0,30.3,60.0,2023-03-20 19:29:32,6.0,9226.0,False,2.8467724129613075,5.25066867115554,1.4415715975416299e-05,16.579940198671594,24.039133617343946,0.6752695366183041
10.0,238.0,25.0,100.0,214.0,120.0,30.3,60.1,2023-03-20 19:29:39,7.0,9233.0,False,2.8450726988247452,4.851936348515849,1.4408197216901284e-05,16.57032440846316,27.857075200135334,0.6654846481385648
10.0,250.0,25.0,100.0,204.0,123.0,30.3,60.1,2023-03-20 19:29:45,6.0,9239.0,False,2.8450726988247452,5.54606874810453,1.4408197216901284e-05,16.57032440846316,25.27201372325577,0.6944016508229561
10.0,245.0,25.0,100.0,209.0,120.0,30.3,60.1,2023-03-20 19:29:51,6.0,9245.0,False,2.8450726988247452,5.2484010298761135,1.4408197216901284e-05,16.57032440846316,26.54786723746402,0.6654846481385648
10.0,238.0,25.0,100.0,216.0,121.0,30.3,60.1,2023-03-20 19:29:58,7.0,9252.0,False,2.8450726988247452,4.851936348515849,1.4408197216901284e-05,16.57032440846316,28.39013408721881,0.6750556599865488
9.0,,92.0,,,,,,2023-03-20 19:30:04,6.0,9258.0,False,2.0785073812759505,4.8184585083606475,0.0004416210176114737,16.416957096129213,26.375274188631682,0.6716367798565496
10.0,238.0,25.0,100.0,202.0,121.0,30.3,60.0,2023-03-20 19:30:11,7.0,9265.0,False,2.8467724129613075,4.854032691971013,1.4415715975416299e-05,16.579940198671594,24.781057442904604,0.6752695366183041
10.0,248.0,25.0,100.0,204.0,120.0,30.3,60.0,2023-03-20 19:30:17,6.0,9271.0,False,2.8467724129613075,5.427865037045525,1.4415715975416299e-05,16.579940198671594,25.282299711381285,0.6656954924044015
10.0,245.0,25.0,100.0,211.0,122.0,30.3,60.0,2023-03-20 19:30:24,7.0,9278.0,False,2.8467724129613075,5.25066867115554,1.4415715975416299e-05,16.579940198671594,27.078555585753673,0.6849115342019276
10.0,238.0,25.0,100.0,211.0,121.0,30.3,60.0,2023-03-20 19:30:30,6.0,9284.0,False,2.8467724129613075,4.854032691971013,1.4415715975416299e-05,16.579940198671594,27.078555585753673,0.6752695366183041
10.0,238.0,25.0,100.0,216.0,119.0,30.3,60.1,2023-03-20 19:30:36,6.0,9290.0,False,2.8450726988247452,4.851936348515849,1.4408197216901284e-05,16.57032440846316,28.39013408721881,0.655981399039573
10.0,245.0,25.0,100.0,204.0,120.0,30.3,60.1,2023-03-20 19:30:43,7.0,9297.0,False,2.8450726988247452,5.2484010298761135,1.4408197216901284e-05,16.57032440846316,25.27201372325577,0.6654846481385648
10.0,243.0,25.0,100.0,209.0,123.0,30.3,60.1,2023-03-20 19:30:49,6.0,9303.0,False,2.8450726988247452,5.132750357941779,1.4408197216901284e-05,16.57032440846316,26.54786723746402,0.6944016508229561
10.0,243.0,25.0,100.0,209.0,122.0,30.3,60.1,2023-03-20 19:30:56,7.0,9310.0,False,2.8450726988247452,5.132750357941779,1.4408197216901284e-05,16.57032440846316,26.54786723746402,0.6846946036815325
10.0,241.0,25.0,100.0,211.0,119.0,30.3,60.1,2023-03-20 19:31:02,6.0,9316.0,False,2.8450726988247452,5.019012559670912,1.4408197216901284e-05,16.57032440846316,27.067538799132567,0.655981399039573
10.0,238.0,25.0,100.0,216.0,120.0,30.3,60.1,2023-03-20 19:31:09,7.0,9323.0,False,2.8450726988247452,4.851936348515849,1.4408197216901284e-05,16.57032440846316,28.39013408721881,0.6654846481385648
10.0,238.0,25.0,100.0,216.0,120.0,30.3,60.1,2023-03-20 19:31:15,6.0,9329.0,False,2.8450726988247452,4.851936348515849,1.4408197216901284e-05,16.57032440846316,28.39013408721881,0.6654846481385648
10.0,243.0,25.0,100.0,211.0,120.0,30.3,60.1,2023-03-20 19:31:22,7.0,9336.0,False,2.8450726988247452,5.132750357941779,1.4408197216901284e-05,16.57032440846316,27.067538799132567,0.6654846481385648
10.0,238.0,25.0,100.0,214.0,122.0,30.3,60.1,2023-03-20 19:31:28,6.0,9342.0,False,2.8450726988247452,4.851936348515849,1.4408197216901284e-05,16.57032440846316,27.857075200135334,0.6846946036815325
10.0,241.0,25.0,100.0,204.0,122.0,30.3,60.1,2023-03-20 19:31:34,6.0,9348.0,False,2.8450726988247452,5.019012559670912,1.4408197216901284e-05,16.57032440846316,25.27201372325577,0.6846946036815325
10.0,241.0,25.0,100.0,209.0,121.0,30.3,60.1,2023-03-20 19:31:41,7.0,9355.0,False,2.8450726988247452,5.019012559670912,1.4408197216901284e-05,16.57032440846316,26.54786723746402,0.6750556599865488
10.0,238.0,25.0,100.0,209.0,120.0,30.3,60.2,2023-03-20 19:31:47,6.0,9361.0,False,2.843373645076966,4.849840473147308,1.4400680811798065e-05,16.560712189772563,26.537064105021447,0.6652738266654707
10.0,238.0,25.0,100.0,204.0,119.0,30.3,60.2,2023-03-20 19:31:54,7.0,9368.0,False,2.843373645076966,4.849840473147308,1.4400680811798065e-05,16.560712189772563,25.261729774307984,0.6557735881377668
10.0,250.0,25.0,100.0,216.0,121.0,30.3,60.2,2023-03-20 19:32:00,6.0,9374.0,False,2.843373645076966,5.5436730305916795,1.4400680811798065e-05,16.560712189772563,28.37858128051449,0.6748418064753418
10.0,245.0,25.0,100.0,202.0,120.0,30.3,60.2,2023-03-20 19:32:07,7.0,9381.0,False,2.843373645076966,5.2461338949319165,1.4400680811798065e-05,16.560712189772563,24.760895321656548,0.6652738266654707
10.0,238.0,25.0,100.0,216.0,122.0,30.3,60.2,2023-03-20 19:32:13,6.0,9387.0,False,2.843373645076966,4.849840473147308,1.4400680811798065e-05,16.560712189772563,28.37858128051449,0.684477696611818
10.0,238.0,25.0,100.0,211.0,122.0,30.3,60.2,2023-03-20 19:32:19,6.0,9393.0,False,2.843373645076966,4.849840473147308,1.4400680811798065e-05,16.560712189772563,27.05652419656862,0.684477696611818
10.0,245.0,25.0,100.0,216.0,120.0,30.3,60.2,2023-03-20 19:32:26,7.0,9400.0,False,2.843373645076966,5.2461338949319165,1.4400680811798065e-05,16.560712189772563,28.37858128051449,0.6652738266654707
10.0,253.0,25.0,100.0,199.0,116.0,30.3,60.2,2023-03-20 19:32:32,6.0,9406.0,False,2.843373645076966,5.728184787437553,1.4400680811798065e-05,16.560712189772563,24.019575132892363,0.6276776676905298
10.0,238.0,25.0,100.0,216.0,122.0,30.3,60.2,2023-03-20 19:32:39,7.0,9413.0,False,2.843373645076966,4.849840473147308,1.4400680811798065e-05,16.560712189772563,28.37858128051449,0.684477696611818
10.0,248.0,25.0,100.0,202.0,120.0,30.3,60.2,2023-03-20 19:32:45,6.0,9419.0,False,2.843373645076966,5.423177223957968,1.4400680811798065e-05,16.560712189772563,24.760895321656548,0.6652738266654707
10.0,243.0,25.0,100.0,216.0,120.0,30.3,60.2,2023-03-20 19:32:52,7.0,9426.0,False,2.843373645076966,5.1305331802470695,1.4400680811798065e-05,16.560712189772563,28.37858128051449,0.6652738266654707
10.0,245.0,25.0,100.0,214.0,120.0,30.3,60.2,2023-03-20 19:32:58,6.0,9432.0,False,2.843373645076966,5.2461338949319165,1.4400680811798065e-05,16.560712189772563,27.845739311261173,0.6652738266654707
10.0,241.0,25.0,100.0,206.0,121.0,30.3,60.2,2023-03-20 19:33:04,6.0,9438.0,False,2.843373645076966,5.016844512927795,1.4400680811798065e-05,16.560712189772563,25.767872957211505,0.6748418064753418
10.0,241.0,25.0,100.0,202.0,121.0,30.3,60.3,2023-03-20 19:33:11,7.0,9445.0,False,2.841675251599165,5.014676950382776,1.4393166759861056e-05,16.55110354201841,24.75081725917745,0.6746279760870094
10.0,238.0,25.0,100.0,216.0,121.0,30.3,60.3,2023-03-20 19:33:17,6.0,9451.0,False,2.841675251599165,4.847745065858556,1.4393166759861056e-05,16.55110354201841,28.36703076461035,0.6746279760870094
10.0,241.0,25.0,100.0,204.0,119.0,30.3,60.4,2023-03-20 19:33:24,7.0,9458.0,False,2.839977518272531,5.012509872028771,1.4385655060844634e-05,16.54149846461923,25.24116799403075,0.655358033744971
10.0,238.0,25.0,100.0,216.0,120.0,30.3,60.4,2023-03-20 19:33:30,6.0,9464.0,False,2.839977518272531,4.845650126642754,1.4385655060844634e-05,16.54149846461923,28.3554825395303,0.6648522521066844
10.0,243.0,25.0,100.0,202.0,120.0,30.3,60.3,2023-03-20 19:33:37,7.0,9471.0,False,2.841675251599165,5.12831649772306,1.4393166759861056e-05,16.55110354201841,24.75081725917745,0.6650630279874128
10.0,238.0,25.0,100.0,216.0,120.0,30.3,60.3,2023-03-20 19:33:43,6.0,9477.0,False,2.841675251599165,4.847745065858556,1.4393166759861056e-05,16.55110354201841,28.36703076461035,0.6650630279874128
10.0,241.0,25.0,100.0,216.0,120.0,30.3,60.2,2023-03-20 19:33:49,6.0,9483.0,False,2.843373645076966,5.016844512927795,1.4400680811798065e-05,16.560712189772563,28.37858128051449,0.6652738266654707
10.0,238.0,25.0,100.0,216.0,122.0,30.3,60.2,2023-03-20 19:33:56,7.0,9490.0,False,2.843373645076966,4.849840473147308,1.4400680811798065e-05,16.560712189772563,28.37858128051449,0.684477696611818
10.0,243.0,25.0,100.0,204.0,122.0,30.3,60.2,2023-03-20 19:34:02,6.0,9496.0,False,2.843373645076966,5.1305331802470695,1.4400680811798065e-05,16.560712189772563,25.261729774307984,0.684477696611818
10.0,250.0,25.0,100.0,214.0,119.0,30.3,60.2,2023-03-20 19:34:09,7.0,9503.0,False,2.843373645076966,5.5436730305916795,1.4400680811798065e-05,16.560712189772563,27.845739311261173,0.6557735881377668
10.0,245.0,25.0,100.0,204.0,121.0,30.3,60.2,2023-03-20 19:34:15,6.0,9509.0,False,2.843373645076966,5.2461338949319165,1.4400680811798065e-05,16.560712189772563,25.261729774307984,0.6748418064753418
10.0,250.0,25.0,100.0,209.0,123.0,30.3,60.2,2023-03-20 19:34:22,7.0,9516.0,False,2.843373645076966,5.5436730305916795,1.4400680811798065e-05,16.560712189772563,26.537064105021447,0.6941816686199783
10.0,238.0,25.0,100.0,214.0,121.0,30.3,60.2,2023-03-20 19:34:28,6.0,9522.0,False,2.843373645076966,4.849840473147308,1.4400680811798065e-05,16.560712189772563,27.845739311261173,0.6748418064753418
10.0,238.0,25.0,100.0,202.0,118.0,30.3,60.2,2023-03-20 19:34:34,6.0,9528.0,False,2.843373645076966,4.849840473147308,1.4400680811798065e-05,16.560712189772563,24.760895321656548,0.6463409243661268
10.0,238.0,25.0,100.0,214.0,123.0,30.3,60.3,2023-03-20 19:34:41,7.0,9535.0,False,2.841675251599165,4.847745065858556,1.4393166759861056e-05,16.55110354201841,27.83440567017468,0.6939617102025388
10.0,238.0,25.0,100.0,211.0,120.0,30.3,60.2,2023-03-20 19:34:47,6.0,9541.0,False,2.843373645076966,4.849840473147308,1.4400680811798065e-05,16.560712189772563,27.05652419656862,0.6652738266654707
10.0,236.0,25.0,100.0,216.0,121.0,30.3,60.2,2023-03-20 19:34:54,7.0,9548.0,False,2.843373645076966,4.740820280831716,1.4400680811798065e-05,16.560712189772563,28.37858128051449,0.6748418064753418
10.0,243.0,25.0,100.0,202.0,120.0,30.3,60.2,2023-03-20 19:35:00,6.0,9554.0,False,2.843373645076966,5.1305331802470695,1.4400680811798065e-05,16.560712189772563,24.760895321656548,0.6652738266654707
10.0,238.0,25.0,100.0,204.0,122.0,30.3,60.3,2023-03-20 19:35:07,7.0,9561.0,False,2.841675251599165,4.847745065858556,1.4393166759861056e-05,16.55110354201841,25.251447864559218,0.6842608129951437
10.0,245.0,25.0,100.0,209.0,119.0,30.3,60.2,2023-03-20 19:35:13,6.0,9567.0,False,2.843373645076966,5.2461338949319165,1.4400680811798065e-05,16.560712189772563,26.537064105021447,0.6557735881377668
10.0,243.0,25.0,100.0,216.0,120.0,30.3,60.2,2023-03-20 19:35:19,6.0,9573.0,False,2.843373645076966,5.1305331802470695,1.4400680811798065e-05,16.560712189772563,28.37858128051449,0.6652738266654707
10.0,241.0,25.0,100.0,194.0,120.0,30.3,60.2,2023-03-20 19:35:26,7.0,9580.0,False,2.843373645076966,5.016844512927795,1.4400680811798065e-05,16.560712189772563,22.810440783810535,0.6652738266654707
10.0,241.0,25.0,100.0,204.0,121.0,30.3,60.2,2023-03-20 19:35:32,6.0,9586.0,False,2.843373645076966,5.016844512927795,1.4400680811798065e-05,16.560712189772563,25.261729774307984,0.6748418064753418
10.0,241.0,25.0,100.0,197.0,121.0,30.3,60.3,2023-03-20 19:35:39,7.0,9593.0,False,2.841675251599165,5.014676950382776,1.4393166759861056e-05,16.55110354201841,23.522389953374198,0.6746279760870094
10.0,238.0,25.0,100.0,211.0,122.0,30.3,60.3,2023-03-20 19:35:45,6.0,9599.0,False,2.841675251599165,4.847745065858556,1.4393166759861056e-05,16.55110354201841,27.045511778084613,0.6842608129951437
10.0,238.0,25.0,100.0,216.0,121.0,30.3,60.3,2023-03-20 19:35:52,7.0,9606.0,False,2.841675251599165,4.847745065858556,1.4393166759861056e-05,16.55110354201841,28.36703076461035,0.6746279760870094
10.0,238.0,25.0,100.0,211.0,119.0,30.3,60.3,2023-03-20 19:35:58,6.0,9612.0,False,2.841675251599165,4.847745065858556,1.4393166759861056e-05,16.55110354201841,27.045511778084613,0.6555657997054791
10.0,238.0,25.0,100.0,216.0,120.0,30.3,60.3,2023-03-20 19:36:04,6.0,9618.0,False,2.841675251599165,4.847745065858556,1.4393166759861056e-05,16.55110354201841,28.36703076461035,0.6650630279874128
10.0,241.0,25.0,100.0,199.0,123.0,30.3,60.3,2023-03-20 19:36:11,7.0,9625.0,False,2.841675251599165,5.014676950382776,1.4393166759861056e-05,16.55110354201841,24.009798799049566,0.6939617102025388
10.0,236.0,25.0,100.0,199.0,121.0,30.3,60.2,2023-03-20 19:36:17,6.0,9631.0,False,2.843373645076966,4.740820280831716,1.4400680811798065e-05,16.560712189772563,24.019575132892363,0.6748418064753418
10.0,238.0,25.0,100.0,211.0,120.0,30.3,60.3,2023-03-20 19:36:24,7.0,9638.0,False,2.841675251599165,4.847745065858556,1.4393166759861056e-05,16.55110354201841,27.045511778084613,0.6650630279874128
10.0,238.0,25.0,100.0,209.0,120.0,30.3,60.3,2023-03-20 19:36:30,6.0,9644.0,False,2.841675251599165,4.847745065858556,1.4393166759861056e-05,16.55110354201841,26.526263114726536,0.6650630279874128
10.0,238.0,25.0,100.0,202.0,120.0,30.3,60.2,2023-03-20 19:36:37,7.0,9651.0,False,2.843373645076966,4.849840473147308,1.4400680811798065e-05,16.560712189772563,24.760895321656548,0.6652738266654707
10.0,241.0,25.0,100.0,206.0,120.0,30.3,60.2,2023-03-20 19:36:43,6.0,9657.0,False,2.843373645076966,5.016844512927795,1.4400680811798065e-05,16.560712189772563,25.767872957211505,0.6652738266654707
10.0,238.0,25.0,100.0,199.0,120.0,30.3,60.2,2023-03-20 19:36:49,6.0,9663.0,False,2.843373645076966,4.849840473147308,1.4400680811798065e-05,16.560712189772563,24.019575132892363,0.6652738266654707
10.0,238.0,25.0,100.0,214.0,122.0,30.3,60.2,2023-03-20 19:36:56,7.0,9670.0,False,2.843373645076966,4.849840473147308,1.4400680811798065e-05,16.560712189772563,27.845739311261173,0.684477696611818
10.0,238.0,25.0,100.0,214.0,121.0,30.3,60.2,2023-03-20 19:37:02,6.0,9676.0,False,2.843373645076966,4.849840473147308,1.4400680811798065e-05,16.560712189772563,27.845739311261173,0.6748418064753418
10.0,241.0,25.0,100.0,202.0,119.0,30.3,60.2,2023-03-20 19:37:09,7.0,9683.0,False,2.843373645076966,5.016844512927795,1.4400680811798065e-05,16.560712189772563,24.760895321656548,0.6557735881377668
10.0,243.0,25.0,100.0,206.0,120.0,30.3,60.2,2023-03-20 19:37:15,6.0,9689.0,False,2.843373645076966,5.1305331802470695,1.4400680811798065e-05,16.560712189772563,25.767872957211505,0.6652738266654707
10.0,243.0,25.0,100.0,204.0,120.0,30.3,60.2,2023-03-20 19:37:22,7.0,9696.0,False,2.843373645076966,5.1305331802470695,1.4400680811798065e-05,16.560712189772563,25.261729774307984,0.6652738266654707
10.0,241.0,25.0,100.0,194.0,118.0,30.3,60.1,2023-03-20 19:37:28,6.0,9702.0,False,2.8450726988247452,5.019012559670912,1.4408197216901284e-05,16.57032440846316,22.819726822834493,0.646545746110699
10.0,238.0,25.0,100.0,214.0,121.0,30.3,60.1,2023-03-20 19:37:34,6.0,9708.0,False,2.8450726988247452,4.851936348515849,1.4408197216901284e-05,16.57032440846316,27.857075200135334,0.6750556599865488
10.0,245.0,25.0,100.0,204.0,121.0,30.3,60.2,2023-03-20 19:37:41,7.0,9715.0,False,2.843373645076966,5.2461338949319165,1.4400680811798065e-05,16.560712189772563,25.261729774307984,0.6748418064753418
10.0,245.0,25.0,100.0,216.0,120.0,30.3,60.2,2023-03-20 19:37:47,6.0,9721.0,False,2.843373645076966,5.2461338949319165,1.4400680811798065e-05,16.560712189772563,28.37858128051449,0.6652738266654707
10.0,238.0,25.0,100.0,204.0,120.0,30.3,60.2,2023-03-20 19:37:54,7.0,9728.0,False,2.843373645076966,4.849840473147308,1.4400680811798065e-05,16.560712189772563,25.261729774307984,0.6652738266654707
10.0,253.0,25.0,100.0,202.0,121.0,30.3,60.2,2023-03-20 19:38:00,6.0,9734.0,False,2.843373645076966,5.728184787437553,1.4400680811798065e-05,16.560712189772563,24.760895321656548,0.6748418064753418
10.0,238.0,25.0,100.0,214.0,120.0,30.3,60.3,2023-03-20 19:38:07,7.0,9741.0,False,2.841675251599165,4.847745065858556,1.4393166759861056e-05,16.55110354201841,27.83440567017468,0.6650630279874128
10.0,238.0,25.0,100.0,211.0,122.0,30.3,60.3,2023-03-20 19:38:13,6.0,9747.0,False,2.841675251599165,4.847745065858556,1.4393166759861056e-05,16.55110354201841,27.045511778084613,0.6842608129951437
10.0,245.0,25.0,100.0,211.0,120.0,30.3,60.4,2023-03-20 19:38:19,6.0,9753.0,False,2.839977518272531,5.241601144019636,1.4385655060844634e-05,16.54149846461923,27.03450154370336,0.6648522521066844
10.0,253.0,25.0,100.0,202.0,120.0,30.3,60.4,2023-03-20 19:38:26,7.0,9760.0,False,2.839977518272531,5.723235536171579,1.4385655060844634e-05,16.54149846461923,24.74074119548942,0.6648522521066844
10.0,250.0,25.0,100.0,209.0,121.0,30.3,60.5,2023-03-20 19:38:32,6.0,9766.0,False,2.838280444978252,5.536489088289866,1.437814571450315e-05,16.53189695699357,26.504667560669095,0.6742003846882761
10.0,245.0,25.0,100.0,211.0,120.0,30.3,60.5,2023-03-20 19:38:39,7.0,9773.0,False,2.838280444978252,5.239335528036754,1.437814571450315e-05,16.53189695699357,27.023493493447663,0.6646414990255807
10.0,241.0,25.0,100.0,202.0,120.0,30.3,60.6,2023-03-20 19:38:45,6.0,9779.0,False,2.836584031597509,5.008177167865507,1.4370638720590933e-05,16.522299018559934,24.720595064570134,0.6644307687463966
10.0,241.0,25.0,100.0,214.0,122.0,30.3,60.6,2023-03-20 19:38:52,7.0,9786.0,False,2.836584031597509,5.008177167865507,1.4370638720590933e-05,16.522299018559934,27.800418233875753,0.6836103028869657
10.0,241.0,25.0,100.0,216.0,116.0,30.3,60.6,2023-03-20 19:38:58,6.0,9792.0,False,2.836584031597509,5.008177167865507,1.4370638720590933e-05,16.522299018559934,28.332392961938144,0.6268822529197055
10.0,245.0,25.0,100.0,204.0,120.0,30.3,60.7,2023-03-20 19:39:04,6.0,9798.0,False,2.8348882780114804,5.234805814980486,1.4363134078862289e-05,16.512704648736797,25.21034061798011,0.6642200612714284
10.0,248.0,25.0,100.0,211.0,120.0,30.3,60.7,2023-03-20 19:39:11,7.0,9805.0,False,2.8348882780114804,5.411466850869109,1.4363134078862289e-05,16.512704648736797,27.001483945404164,0.6642200612714284
10.0,,92.0,,,,,,2023-03-20 19:39:17,6.0,9811.0,False,2.817967004717604,5.097334931255014,0.0004416210176114737,16.416957096129213,27.5444052778123,0.6716367798565496
10.0,238.0,25.0,100.0,216.0,122.0,30.3,60.7,2023-03-20 19:39:24,7.0,9818.0,False,2.8348882780114804,4.839368117364592,1.4363134078862289e-05,16.512704648736797,28.320851609473873,0.6833935131060598
10.0,248.0,25.0,100.0,211.0,120.0,30.3,60.6,2023-03-20 19:39:30,6.0,9824.0,False,2.836584031597509,5.413807878702627,1.4370638720590933e-05,16.522299018559934,27.01248762734033,0.6644307687463966
10.0,238.0,25.0,100.0,202.0,121.0,30.3,60.6,2023-03-20 19:39:37,7.0,9831.0,False,2.836584031597509,4.841461652402614,1.4370638720590933e-05,16.522299018559934,24.720595064570134,0.6739866236825315
10.0,243.0,25.0,100.0,206.0,120.0,30.3,60.6,2023-03-20 19:39:43,6.0,9837.0,False,2.836584031597509,5.121669421102825,1.4370638720590933e-05,16.522299018559934,25.72593376675593,0.6644307687463966
10.0,238.0,25.0,100.0,197.0,120.0,30.3,60.6,2023-03-20 19:39:49,6.0,9843.0,False,2.836584031597509,4.841461652402614,1.4370638720590933e-05,16.522299018559934,23.493667740311274,0.6644307687463966
10.0,241.0,25.0,100.0,211.0,120.0,30.3,60.5,2023-03-20 19:39:56,7.0,9850.0,False,2.838280444978252,5.010343277858708,1.437814571450315e-05,16.53189695699357,27.023493493447663,0.6646414990255807
10.0,250.0,25.0,100.0,204.0,120.0,30.3,60.6,2023-03-20 19:40:02,6.0,9856.0,False,2.836584031597509,5.534095510908775,1.4370638720590933e-05,16.522299018559934,25.2206143707199,0.6644307687463966
10.0,238.0,25.0,100.0,216.0,123.0,30.3,60.5,2023-03-20 19:40:09,7.0,9863.0,False,2.838280444978252,4.843555655493051,1.437814571450315e-05,16.53189695699357,28.343936605298254,0.6935218647338499
10.0,238.0,25.0,100.0,216.0,121.0,30.3,60.5,2023-03-20 19:40:15,6.0,9869.0,False,2.838280444978252,4.843555655493051,1.437814571450315e-05,16.53189695699357,28.343936605298254,0.6742003846882761
10.0,238.0,25.0,100.0,216.0,120.0,30.3,60.5,2023-03-20 19:40:22,7.0,9876.0,False,2.838280444978252,4.843555655493051,1.437814571450315e-05,16.53189695699357,28.343936605298254,0.6646414990255807
10.0,241.0,25.0,100.0,214.0,120.0,30.3,60.5,2023-03-20 19:40:28,6.0,9882.0,False,2.838280444978252,5.010343277858708,1.437814571450315e-05,16.53189695699357,27.811745131458498,0.6646414990255807
10.0,250.0,25.0,100.0,199.0,120.0,30.3,60.5,2023-03-20 19:40:34,6.0,9888.0,False,2.838280444978252,5.536489088289866,1.437814571450315e-05,16.53189695699357,23.99025194823117,0.6646414990255807
10.0,250.0,25.0,100.0,204.0,120.0,30.3,60.5,2023-03-20 19:40:41,7.0,9895.0,False,2.838280444978252,5.536489088289866,1.437814571450315e-05,16.53189695699357,25.230890162743886,0.6646414990255807
10.0,245.0,25.0,100.0,199.0,120.0,30.3,60.5,2023-03-20 19:40:47,6.0,9901.0,False,2.838280444978252,5.239335528036754,1.437814571450315e-05,16.53189695699357,23.99025194823117,0.6646414990255807
10.0,238.0,25.0,100.0,206.0,122.0,30.3,60.5,2023-03-20 19:40:54,7.0,9908.0,False,2.838280444978252,4.843555655493051,1.437814571450315e-05,16.53189695699357,25.736415444209307,0.6838271161303562
10.0,238.0,25.0,100.0,204.0,123.0,30.3,60.5,2023-03-20 19:41:00,6.0,9914.0,False,2.838280444978252,4.843555655493051,1.437814571450315e-05,16.53189695699357,25.230890162743886,0.6935218647338499
10.0,238.0,25.0,100.0,211.0,123.0,30.3,60.5,2023-03-20 19:41:07,7.0,9921.0,False,2.838280444978252,4.843555655493051,1.437814571450315e-05,16.53189695699357,27.023493493447663,0.6935218647338499
10.0,245.0,25.0,100.0,204.0,119.0,30.3,60.5,2023-03-20 19:41:13,6.0,9927.0,False,2.838280444978252,5.239335528036754,1.437814571450315e-05,16.53189695699357,25.230890162743886,0.6551502902585044
10.0,245.0,25.0,100.0,204.0,120.0,30.3,60.5,2023-03-20 19:41:19,6.0,9933.0,False,2.838280444978252,5.239335528036754,1.437814571450315e-05,16.53189695699357,25.230890162743886,0.6646414990255807
10.0,253.0,25.0,100.0,202.0,120.0,30.3,60.5,2023-03-20 19:41:26,7.0,9940.0,False,2.838280444978252,5.72076173979748,1.437814571450315e-05,16.53189695699357,24.730667130613362,0.6646414990255807
10.0,238.0,25.0,100.0,214.0,120.0,30.3,60.4,2023-03-20 19:41:32,6.0,9946.0,False,2.839977518272531,4.845650126642754,1.4385655060844634e-05,16.54149846461923,27.8230742768993,0.6648522521066844
10.0,245.0,25.0,100.0,204.0,121.0,30.3,60.4,2023-03-20 19:41:39,7.0,9953.0,False,2.839977518272531,5.241601144019636,1.4385655060844634e-05,16.54149846461923,25.24116799403075,0.6744141688238782
10.0,238.0,25.0,100.0,216.0,121.0,30.3,60.4,2023-03-20 19:41:45,6.0,9959.0,False,2.839977518272531,4.845650126642754,1.4385655060844634e-05,16.54149846461923,28.3554825395303,0.6744141688238782
10.0,238.0,25.0,100.0,211.0,120.0,30.3,60.4,2023-03-20 19:41:52,7.0,9966.0,False,2.839977518272531,4.845650126642754,1.4385655060844634e-05,16.54149846461923,27.03450154370336,0.6648522521066844
10.0,250.0,25.0,100.0,204.0,119.0,30.3,60.3,2023-03-20 19:41:58,6.0,9972.0,False,2.841675251599165,5.541277848123499,1.4393166759861056e-05,16.55110354201841,25.251447864559218,0.6555657997054791
10.0,250.0,25.0,100.0,199.0,120.0,30.3,60.3,2023-03-20 19:42:05,7.0,9979.0,False,2.841675251599165,5.541277848123499,1.4393166759861056e-05,16.55110354201841,24.009798799049566,0.6650630279874128
10.0,253.0,25.0,100.0,214.0,125.0,30.3,60.3,2023-03-20 19:42:11,6.0,9985.0,False,2.841675251599165,5.725709885382244,1.4393166759861056e-05,16.55110354201841,27.83440567017468,0.713568383876892
10.0,253.0,25.0,100.0,194.0,119.0,30.3,60.3,2023-03-20 19:42:17,6.0,9991.0,False,2.841675251599165,5.725709885382244,1.4393166759861056e-05,16.55110354201841,22.801156586110526,0.6555657997054791
10.0,241.0,25.0,100.0,204.0,120.0,30.3,60.3,2023-03-20 19:42:24,7.0,9998.0,False,2.841675251599165,5.014676950382776,1.4393166759861056e-05,16.55110354201841,25.251447864559218,0.6650630279874128
10.0,255.0,25.0,100.0,204.0,121.0,30.3,60.4,2023-03-20 19:42:30,6.0,10004.0,False,2.839977518272531,5.848687128497403,1.4385655060844634e-05,16.54149846461923,25.24116799403075,0.6744141688238782
10.0,253.0,25.0,100.0,197.0,120.0,30.3,60.3,2023-03-20 19:42:37,7.0,10011.0,False,2.841675251599165,5.725709885382244,1.4393166759861056e-05,16.55110354201841,23.522389953374198,0.6650630279874128
10.0,253.0,25.0,100.0,199.0,120.0,30.3,60.3,2023-03-20 19:42:43,6.0,10017.0,False,2.841675251599165,5.725709885382244,1.4393166759861056e-05,16.55110354201841,24.009798799049566,0.6650630279874128
10.0,238.0,25.0,100.0,199.0,119.0,30.3,60.3,2023-03-20 19:42:50,7.0,10024.0,False,2.841675251599165,4.847745065858556,1.4393166759861056e-05,16.55110354201841,24.009798799049566,0.6555657997054791
10.0,245.0,25.0,100.0,216.0,120.0,30.3,60.4,2023-03-20 19:42:56,6.0,10030.0,False,2.839977518272531,5.241601144019636,1.4385655060844634e-05,16.54149846461923,28.3554825395303,0.6648522521066844
10.0,253.0,25.0,100.0,202.0,121.0,30.3,60.3,2023-03-20 19:43:02,6.0,10036.0,False,2.841675251599165,5.725709885382244,1.4393166759861056e-05,16.55110354201841,24.75081725917745,0.6746279760870094
10.0,243.0,25.0,100.0,211.0,122.0,30.3,60.3,2023-03-20 19:43:09,7.0,10043.0,False,2.841675251599165,5.12831649772306,1.4393166759861056e-05,16.55110354201841,27.045511778084613,0.6842608129951437
10.0,255.0,25.0,100.0,202.0,122.0,30.3,60.3,2023-03-20 19:43:15,6.0,10049.0,False,2.841675251599165,5.851215714694557,1.4393166759861056e-05,16.55110354201841,24.75081725917745,0.6842608129951437
10.0,250.0,25.0,100.0,204.0,120.0,30.3,60.3,2023-03-20 19:43:22,7.0,10056.0,False,2.841675251599165,5.541277848123499,1.4393166759861056e-05,16.55110354201841,25.251447864559218,0.6650630279874128
10.0,255.0,25.0,100.0,204.0,122.0,30.3,60.3,2023-03-20 19:43:28,6.0,10062.0,False,2.841675251599165,5.851215714694557,1.4393166759861056e-05,16.55110354201841,25.251447864559218,0.6842608129951437
10.0,241.0,25.0,100.0,199.0,121.0,30.3,60.3,2023-03-20 19:43:35,7.0,10069.0,False,2.841675251599165,5.014676950382776,1.4393166759861056e-05,16.55110354201841,24.009798799049566,0.6746279760870094
10.0,245.0,25.0,100.0,206.0,121.0,30.3,60.3,2023-03-20 19:43:41,6.0,10075.0,False,2.841675251599165,5.243867266315559,1.4393166759861056e-05,16.55110354201841,25.757385039458814,0.6746279760870094
10.0,255.0,25.0,100.0,202.0,121.0,30.3,60.3,2023-03-20 19:43:47,6.0,10081.0,False,2.841675251599165,5.851215714694557,1.4393166759861056e-05,16.55110354201841,24.75081725917745,0.6746279760870094
10.0,255.0,25.0,100.0,199.0,119.0,30.3,60.3,2023-03-20 19:43:54,7.0,10088.0,False,2.841675251599165,5.851215714694557,1.4393166759861056e-05,16.55110354201841,24.009798799049566,0.6555657997054791
10.0,260.0,25.0,100.0,202.0,121.0,30.3,60.3,2023-03-20 19:44:00,6.0,10094.0,False,2.841675251599165,6.174114767281376,1.4393166759861056e-05,16.55110354201841,24.75081725917745,0.6746279760870094
10.0,255.0,25.0,100.0,204.0,121.0,30.3,60.3,2023-03-20 19:44:07,7.0,10101.0,False,2.841675251599165,5.851215714694557,1.4393166759861056e-05,16.55110354201841,25.251447864559218,0.6746279760870094
10.0,253.0,25.0,100.0,199.0,118.0,30.3,60.3,2023-03-20 19:44:13,6.0,10107.0,False,2.841675251599165,5.725709885382244,1.4393166759861056e-05,16.55110354201841,24.009798799049566,0.6461361247678712
10.0,238.0,25.0,100.0,216.0,120.0,30.3,60.4,2023-03-20 19:44:20,7.0,10114.0,False,2.839977518272531,4.845650126642754,1.4385655060844634e-05,16.54149846461923,28.3554825395303,0.6648522521066844
10.0,245.0,25.0,100.0,214.0,120.0,30.3,60.4,2023-03-20 19:44:26,6.0,10120.0,False,2.839977518272531,5.241601144019636,1.4385655060844634e-05,16.54149846461923,27.8230742768993,0.6648522521066844
10.0,257.0,25.0,100.0,199.0,116.0,30.3,60.4,2023-03-20 19:44:32,6.0,10126.0,False,2.839977518272531,5.976211430170969,1.4385655060844634e-05,16.54149846461923,24.000024404155756,0.6272799172827871
10.0,245.0,25.0,100.0,209.0,121.0,30.3,60.4,2023-03-20 19:44:39,7.0,10133.0,False,2.839977518272531,5.241601144019636,1.4385655060844634e-05,16.54149846461923,26.515464266601633,0.6744141688238782
10.0,245.0,25.0,100.0,202.0,119.0,30.3,60.5,2023-03-20 19:44:45,6.0,10139.0,False,2.838280444978252,5.239335528036754,1.437814571450315e-05,16.53189695699357,24.730667130613362,0.6551502902585044
10.0,245.0,25.0,100.0,216.0,120.0,30.3,60.5,2023-03-20 19:44:52,7.0,10146.0,False,2.838280444978252,5.239335528036754,1.437814571450315e-05,16.53189695699357,28.343936605298254,0.6646414990255807
10.0,243.0,25.0,100.0,216.0,120.0,30.3,60.5,2023-03-20 19:45:05,13.0,10159.0,False,2.838280444978252,5.123884618158174,1.437814571450315e-05,16.53189695699357,28.343936605298254,0.6646414990255807
10.0,248.0,25.0,100.0,199.0,119.0,30.3,60.5,2023-03-20 19:45:11,6.0,10165.0,False,2.838280444978252,5.416149429920618,1.437814571450315e-05,16.53189695699357,23.99025194823117,0.6551502902585044
10.0,245.0,25.0,100.0,216.0,119.0,30.3,60.5,2023-03-20 19:45:17,6.0,10171.0,False,2.838280444978252,5.239335528036754,1.437814571450315e-05,16.53189695699357,28.343936605298254,0.6551502902585044
10.0,243.0,25.0,100.0,214.0,121.0,30.3,60.5,2023-03-20 19:45:24,7.0,10178.0,False,2.838280444978252,5.123884618158174,1.437814571450315e-05,16.53189695699357,27.811745131458498,0.6742003846882761
10.0,243.0,25.0,100.0,216.0,118.0,30.3,60.5,2023-03-20 19:45:30,6.0,10184.0,False,2.838280444978252,5.123884618158174,1.437814571450315e-05,16.53189695699357,28.343936605298254,0.6457265920192237
10.0,243.0,25.0,100.0,204.0,120.0,30.3,60.5,2023-03-20 19:45:37,7.0,10191.0,False,2.838280444978252,5.123884618158174,1.437814571450315e-05,16.53189695699357,25.230890162743886,0.6646414990255807
10.0,245.0,25.0,100.0,206.0,122.0,30.3,60.5,2023-03-20 19:45:43,6.0,10197.0,False,2.838280444978252,5.239335528036754,1.437814571450315e-05,16.53189695699357,25.736415444209307,0.6838271161303562
10.0,241.0,25.0,100.0,216.0,120.0,30.3,60.6,2023-03-20 19:45:50,7.0,10204.0,False,2.836584031597509,5.008177167865507,1.4370638720590933e-05,16.522299018559934,28.332392961938144,0.6644307687463966
10.0,260.0,25.0,100.0,202.0,122.0,30.3,60.5,2023-03-20 19:45:56,6.0,10210.0,False,2.838280444978252,6.168779111207786,1.437814571450315e-05,16.53189695699357,24.730667130613362,0.6838271161303562
10.0,253.0,25.0,100.0,216.0,120.0,30.3,60.6,2023-03-20 19:46:02,6.0,10216.0,False,2.836584031597509,5.718288496251859,1.4370638720590933e-05,16.522299018559934,28.332392961938144,0.6644307687463966
10.0,250.0,25.0,100.0,197.0,119.0,30.4,60.6,2023-03-20 19:46:09,7.0,10223.0,False,2.8323458844876055,5.528113908122477,1.435188152607599e-05,16.498319783874646,23.46974562280943,0.6544233650716187
10.0,245.0,25.0,100.0,211.0,121.0,30.3,60.5,2023-03-20 19:46:15,6.0,10229.0,False,2.838280444978252,5.239335528036754,1.437814571450315e-05,16.53189695699357,27.023493493447663,0.6742003846882761
10.0,245.0,25.0,100.0,194.0,119.0,30.4,60.6,2023-03-20 19:46:22,7.0,10236.0,False,2.8323458844876055,5.231409859204944,1.435188152607599e-05,16.498319783874646,22.750126413285496,0.6544233650716187
10.0,200.0,25.0,100.0,202.0,120.0,30.3,60.5,2023-03-20 19:46:28,6.0,10242.0,False,2.838280444978252,3.06397074924034,1.437814571450315e-05,16.53189695699357,24.730667130613362,0.6646414990255807
10.0,250.0,25.0,100.0,209.0,120.0,30.3,60.5,2023-03-20 19:46:41,13.0,10255.0,False,2.838280444978252,5.536489088289866,1.437814571450315e-05,16.53189695699357,26.504667560669095,0.6646414990255807
10.0,250.0,25.0,100.0,199.0,121.0,30.3,60.5,2023-03-20 19:46:47,6.0,10261.0,False,2.838280444978252,5.536489088289866,1.437814571450315e-05,16.53189695699357,23.99025194823117,0.6742003846882761
10.0,241.0,25.0,100.0,216.0,120.0,30.4,60.6,2023-03-20 19:46:54,7.0,10268.0,False,2.8323458844876055,5.0027640111098055,1.435188152607599e-05,16.498319783874646,28.303543876259585,0.6639040428219047
10.0,253.0,25.0,100.0,202.0,122.0,30.3,60.5,2023-03-20 19:47:00,6.0,10274.0,False,2.838280444978252,5.72076173979748,1.437814571450315e-05,16.53189695699357,24.730667130613362,0.6838271161303562
10.0,243.0,25.0,100.0,214.0,122.0,30.3,60.5,2023-03-20 19:47:07,7.0,10281.0,False,2.838280444978252,5.123884618158174,1.437814571450315e-05,16.53189695699357,27.811745131458498,0.6838271161303562
10.0,255.0,25.0,100.0,204.0,122.0,30.3,60.5,2023-03-20 19:47:13,6.0,10287.0,False,2.838280444978252,5.846159107254823,1.437814571450315e-05,16.53189695699357,25.230890162743886,0.6838271161303562
10.0,250.0,25.0,100.0,214.0,120.0,30.4,60.6,2023-03-20 19:47:20,7.0,10294.0,False,2.8323458844876055,5.528113908122477,1.435188152607599e-05,16.498319783874646,27.77211082445198,0.6639040428219047
10.0,243.0,25.0,100.0,194.0,120.0,30.3,60.5,2023-03-20 19:47:26,6.0,10300.0,False,2.838280444978252,5.123884618158174,1.437814571450315e-05,16.53189695699357,22.782593714759297,0.6646414990255807
10.0,243.0,25.0,100.0,214.0,119.0,30.3,60.5,2023-03-20 19:47:32,6.0,10306.0,False,2.838280444978252,5.123884618158174,1.437814571450315e-05,16.53189695699357,27.811745131458498,0.6551502902585044
10.0,245.0,25.0,100.0,192.0,120.0,30.3,60.5,2023-03-20 19:47:39,7.0,10313.0,False,2.838280444978252,5.239335528036754,1.437814571450315e-05,16.53189695699357,22.308729500157064,0.6646414990255807
10.0,241.0,25.0,100.0,211.0,121.0,30.3,60.5,2023-03-20 19:47:45,6.0,10319.0,False,2.838280444978252,5.010343277858708,1.437814571450315e-05,16.53189695699357,27.023493493447663,0.6742003846882761
10.0,238.0,25.0,100.0,209.0,120.0,30.3,60.5,2023-03-20 19:47:52,7.0,10326.0,False,2.838280444978252,4.843555655493051,1.437814571450315e-05,16.53189695699357,26.504667560669095,0.6646414990255807
10.0,250.0,25.0,100.0,204.0,119.0,30.3,60.4,2023-03-20 19:47:58,6.0,10332.0,False,2.839977518272531,5.538883200692169,1.4385655060844634e-05,16.54149846461923,25.24116799403075,0.655358033744971
10.0,253.0,25.0,100.0,194.0,121.0,30.3,60.5,2023-03-20 19:48:05,7.0,10339.0,False,2.838280444978252,5.72076173979748,1.437814571450315e-05,16.53189695699357,22.782593714759297,0.6742003846882761
10.0,248.0,25.0,100.0,194.0,120.0,30.3,60.5,2023-03-20 19:48:11,6.0,10345.0,False,2.838280444978252,5.416149429920618,1.437814571450315e-05,16.53189695699357,22.782593714759297,0.6646414990255807
10.0,250.0,25.0,100.0,202.0,121.0,30.3,60.5,2023-03-20 19:48:17,6.0,10351.0,False,2.838280444978252,5.536489088289866,1.437814571450315e-05,16.53189695699357,24.730667130613362,0.6742003846882761
10.0,238.0,25.0,100.0,209.0,123.0,30.4,60.5,2023-03-20 19:48:24,7.0,10358.0,False,2.8340406486043546,4.8383215253631,1.4359382639990017e-05,16.507908801872436,26.477685168076217,0.6929721917342926
10.0,245.0,25.0,100.0,209.0,119.0,30.4,60.5,2023-03-20 19:48:30,6.0,10364.0,False,2.8340406486043546,5.233673703150498,1.4359382639990017e-05,16.507908801872436,26.477685168076217,0.6546310298811184
10.0,243.0,25.0,100.0,214.0,122.0,30.4,60.5,2023-03-20 19:48:37,7.0,10371.0,False,2.8340406486043546,5.1183475539083,1.4359382639990017e-05,16.507908801872436,27.78343210228685,0.6832851270147771
10.0,238.0,25.0,100.0,214.0,121.0,30.3,60.5,2023-03-20 19:48:43,6.0,10377.0,False,2.838280444978252,4.843555655493051,1.437814571450315e-05,16.53189695699357,27.811745131458498,0.6742003846882761
10.0,238.0,25.0,100.0,211.0,122.0,30.3,60.5,2023-03-20 19:48:50,7.0,10384.0,False,2.838280444978252,4.843555655493051,1.437814571450315e-05,16.53189695699357,27.023493493447663,0.6838271161303562
10.0,243.0,25.0,100.0,211.0,120.0,30.3,60.5,2023-03-20 19:48:56,6.0,10390.0,False,2.838280444978252,5.123884618158174,1.437814571450315e-05,16.53189695699357,27.023493493447663,0.6646414990255807
10.0,260.0,25.0,100.0,199.0,121.0,30.3,60.6,2023-03-20 19:49:02,6.0,10396.0,False,2.836584031597509,6.16611217735962,1.4370638720590933e-05,16.522299018559934,23.98048143129607,0.6739866236825315
10.0,245.0,25.0,100.0,202.0,120.0,30.3,60.6,2023-03-20 19:49:09,7.0,10403.0,False,2.836584031597509,5.237070418359506,1.4370638720590933e-05,16.522299018559934,24.720595064570134,0.6644307687463966
10.0,245.0,25.0,100.0,216.0,121.0,30.3,60.5,2023-03-20 19:49:15,6.0,10409.0,False,2.838280444978252,5.239335528036754,1.437814571450315e-05,16.53189695699357,28.343936605298254,0.6742003846882761
10.0,241.0,25.0,100.0,204.0,122.0,30.3,60.5,2023-03-20 19:49:22,7.0,10416.0,False,2.838280444978252,5.010343277858708,1.437814571450315e-05,16.53189695699357,25.230890162743886,0.6838271161303562
10.0,238.0,25.0,100.0,214.0,120.0,30.3,60.5,2023-03-20 19:49:28,6.0,10422.0,False,2.838280444978252,4.843555655493051,1.437814571450315e-05,16.53189695699357,27.811745131458498,0.6646414990255807
10.0,253.0,25.0,100.0,199.0,121.0,30.3,60.5,2023-03-20 19:49:35,7.0,10429.0,False,2.838280444978252,5.72076173979748,1.437814571450315e-05,16.53189695699357,23.99025194823117,0.6742003846882761
10.0,250.0,25.0,100.0,194.0,121.0,30.3,60.5,2023-03-20 19:49:47,12.0,10441.0,False,2.838280444978252,5.536489088289866,1.437814571450315e-05,16.53189695699357,22.782593714759297,0.6742003846882761
10.0,253.0,25.0,100.0,199.0,122.0,30.3,60.5,2023-03-20 19:49:54,7.0,10448.0,False,2.838280444978252,5.72076173979748,1.437814571450315e-05,16.53189695699357,23.99025194823117,0.6838271161303562
10.0,241.0,25.0,100.0,211.0,121.0,30.3,60.5,2023-03-20 19:50:00,6.0,10454.0,False,2.838280444978252,5.010343277858708,1.437814571450315e-05,16.53189695699357,27.023493493447663,0.6742003846882761
10.0,245.0,25.0,100.0,204.0,120.0,30.3,60.5,2023-03-20 19:50:07,7.0,10461.0,False,2.838280444978252,5.239335528036754,1.437814571450315e-05,16.53189695699357,25.230890162743886,0.6646414990255807
10.0,248.0,25.0,100.0,202.0,122.0,30.3,60.4,2023-03-20 19:50:13,6.0,10467.0,False,2.839977518272531,5.418491504530738,1.4385655060844634e-05,16.54149846461923,24.74074119548942,0.6840439528338695
10.0,250.0,25.0,100.0,202.0,120.0,30.3,60.4,2023-03-20 19:50:20,7.0,10474.0,False,2.839977518272531,5.538883200692169,1.4385655060844634e-05,16.54149846461923,24.74074119548942,0.6648522521066844
10.0,243.0,25.0,100.0,216.0,122.0,30.3,60.4,2023-03-20 19:50:26,6.0,10480.0,False,2.839977518272531,5.1261003103625065,1.4385655060844634e-05,16.54149846461923,28.3554825395303,0.6840439528338695
10.0,243.0,25.0,100.0,214.0,120.0,30.3,60.4,2023-03-20 19:50:32,6.0,10486.0,False,2.839977518272531,5.1261003103625065,1.4385655060844634e-05,16.54149846461923,27.8230742768993,0.6648522521066844
10.0,238.0,25.0,100.0,211.0,123.0,30.4,60.4,2023-03-20 19:50:39,7.0,10493.0,False,2.8357360723375806,4.840414826377479,1.4366886105719027e-05,16.517501387608398,27.006985513349413,0.6931920430871787
10.0,245.0,25.0,100.0,199.0,120.0,30.4,60.5,2023-03-20 19:50:45,6.0,10499.0,False,2.8340406486043546,5.233673703150498,1.4359382639990017e-05,16.507908801872436,23.965829291542963,0.6641147160862427
10.0,253.0,25.0,100.0,194.0,120.0,30.4,60.5,2023-03-20 19:50:52,7.0,10506.0,False,2.8340406486043546,5.71457966746915,1.4359382639990017e-05,16.507908801872436,22.759400483360015,0.6641147160862427
10.0,241.0,25.0,100.0,216.0,121.0,30.4,60.5,2023-03-20 19:50:58,6.0,10512.0,False,2.8340406486043546,5.004928910691832,1.4359382639990017e-05,16.507908801872436,28.315081792335167,0.673666025547492
10.0,238.0,25.0,100.0,211.0,119.0,30.3,60.4,2023-03-20 19:51:05,7.0,10519.0,False,2.839977518272531,4.845650126642754,1.4385655060844634e-05,16.54149846461923,27.03450154370336,0.655358033744971
10.0,243.0,25.0,100.0,199.0,119.0,30.4,60.5,2023-03-20 19:51:11,6.0,10525.0,False,2.8340406486043546,5.1183475539083,1.4359382639990017e-05,16.507908801872436,23.965829291542963,0.6546310298811184
10.0,250.0,25.0,100.0,204.0,122.0,30.3,60.4,2023-03-20 19:51:17,6.0,10531.0,False,2.839977518272531,5.538883200692169,1.4385655060844634e-05,16.54149846461923,25.24116799403075,0.6840439528338695
10.0,241.0,25.0,100.0,211.0,119.0,30.4,60.5,2023-03-20 19:51:24,7.0,10538.0,False,2.8340406486043546,5.004928910691832,1.4359382639990017e-05,16.507908801872436,26.99598292350739,0.6546310298811184
10.0,238.0,25.0,100.0,209.0,119.0,30.3,60.4,2023-03-20 19:51:30,6.0,10544.0,False,2.839977518272531,4.845650126642754,1.4385655060844634e-05,16.54149846461923,26.515464266601633,0.655358033744971
10.0,243.0,25.0,100.0,216.0,121.0,30.4,60.5,2023-03-20 19:51:37,7.0,10551.0,False,2.8340406486043546,5.1183475539083,1.4359382639990017e-05,16.507908801872436,28.315081792335167,0.673666025547492
10.0,243.0,25.0,100.0,211.0,119.0,30.4,60.5,2023-03-20 19:51:43,6.0,10557.0,False,2.8340406486043546,5.1183475539083,1.4359382639990017e-05,16.507908801872436,26.99598292350739,0.6546310298811184
10.0,238.0,25.0,100.0,216.0,120.0,30.3,60.3,2023-03-20 19:51:50,7.0,10564.0,False,2.841675251599165,4.847745065858556,1.4393166759861056e-05,16.55110354201841,28.36703076461035,0.6650630279874128
10.0,245.0,25.0,100.0,204.0,120.0,30.3,60.3,2023-03-20 19:51:56,6.0,10570.0,False,2.841675251599165,5.243867266315559,1.4393166759861056e-05,16.55110354201841,25.251447864559218,0.6650630279874128
10.0,238.0,25.0,100.0,199.0,120.0,30.4,60.3,2023-03-20 19:52:02,6.0,10576.0,False,2.8374321558061144,4.842508595440853,1.4374391923508741e-05,16.527097541664098,23.98536644738866,0.6645361310356053
10.0,250.0,25.0,100.0,197.0,120.0,30.3,60.3,2023-03-20 19:52:09,7.0,10583.0,False,2.841675251599165,5.541277848123499,1.4393166759861056e-05,16.55110354201841,23.522389953374198,0.6650630279874128
10.0,245.0,25.0,100.0,199.0,120.0,30.3,60.3,2023-03-20 19:52:15,6.0,10589.0,False,2.841675251599165,5.243867266315559,1.4393166759861056e-05,16.55110354201841,24.009798799049566,0.6650630279874128
10.0,241.0,25.0,100.0,209.0,120.0,30.3,60.3,2023-03-20 19:52:22,7.0,10596.0,False,2.841675251599165,5.014676950382776,1.4393166759861056e-05,16.55110354201841,26.526263114726536,0.6650630279874128
10.0,243.0,25.0,100.0,199.0,120.0,30.3,60.3,2023-03-20 19:52:28,6.0,10602.0,False,2.841675251599165,5.12831649772306,1.4393166759861056e-05,16.55110354201841,24.009798799049566,0.6650630279874128
10.0,241.0,25.0,100.0,204.0,122.0,30.3,60.3,2023-03-20 19:52:35,7.0,10609.0,False,2.841675251599165,5.014676950382776,1.4393166759861056e-05,16.55110354201841,25.251447864559218,0.6842608129951437
10.0,255.0,25.0,100.0,194.0,119.0,30.3,60.3,2023-03-20 19:52:41,6.0,10615.0,False,2.841675251599165,5.851215714694557,1.4393166759861056e-05,16.55110354201841,22.801156586110526,0.6555657997054791
10.0,248.0,25.0,100.0,202.0,120.0,30.4,60.4,2023-03-20 19:52:47,6.0,10621.0,False,2.8357360723375806,5.412637299363285,1.4366886105719027e-05,16.517501387608398,24.715559781117356,0.6643254121582419
10.0,243.0,25.0,100.0,204.0,120.0,30.3,60.3,2023-03-20 19:52:54,7.0,10628.0,False,2.841675251599165,5.12831649772306,1.4393166759861056e-05,16.55110354201841,25.251447864559218,0.6650630279874128
10.0,245.0,25.0,100.0,209.0,120.0,30.4,60.4,2023-03-20 19:53:00,6.0,10634.0,False,2.8357360723375806,5.235938053383179,1.4366886105719027e-05,16.517501387608398,26.48847651842993,0.6643254121582419
10.0,250.0,25.0,100.0,204.0,120.0,30.4,60.3,2023-03-20 19:53:07,7.0,10641.0,False,2.8374321558061144,5.535292232722156,1.4374391923508741e-05,16.527097541664098,25.2257520118227,0.6645361310356053
10.0,250.0,25.0,100.0,209.0,122.0,30.3,60.3,2023-03-20 19:53:13,6.0,10647.0,False,2.841675251599165,5.541277848123499,1.4393166759861056e-05,16.55110354201841,26.526263114726536,0.6842608129951437
10.0,253.0,25.0,100.0,202.0,120.0,30.4,60.3,2023-03-20 19:53:20,7.0,10654.0,False,2.8374321558061144,5.719525048921613,1.4374391923508741e-05,16.527097541664098,24.72563084773633,0.6645361310356053
10.0,238.0,25.0,100.0,214.0,121.0,30.3,60.2,2023-03-20 19:53:26,6.0,10660.0,False,2.843373645076966,4.849840473147308,1.4400680811798065e-05,16.560712189772563,27.845739311261173,0.6748418064753418
10.0,241.0,25.0,100.0,214.0,122.0,30.4,60.3,2023-03-20 19:53:33,7.0,10667.0,False,2.8374321558061144,5.009260162340441,1.4374391923508741e-05,16.527097541664098,27.80608140168339,0.6837187065759979
10.0,253.0,25.0,100.0,199.0,121.0,30.4,60.3,2023-03-20 19:53:39,6.0,10673.0,False,2.8374321558061144,5.719525048921613,1.4374391923508741e-05,16.527097541664098,23.98536644738866,0.6740935012940261
10.0,248.0,25.0,100.0,211.0,120.0,30.3,60.2,2023-03-20 19:53:45,6.0,10679.0,False,2.843373645076966,5.423177223957968,1.4400680811798065e-05,16.560712189772563,27.05652419656862,0.6652738266654707
10.0,250.0,25.0,100.0,204.0,119.0,30.4,60.2,2023-03-20 19:53:52,7.0,10686.0,False,2.839128899128772,5.537686077612876,1.4381900093604874e-05,16.536697264621054,25.236028823480787,0.6552541591923409
10.0,241.0,25.0,100.0,209.0,123.0,30.3,60.2,2023-03-20 19:53:58,6.0,10692.0,False,2.843373645076966,5.016844512927795,1.4400680811798065e-05,16.560712189772563,26.537064105021447,0.6941816686199783
10.0,250.0,25.0,100.0,204.0,119.0,30.3,60.2,2023-03-20 19:54:05,7.0,10699.0,False,2.843373645076966,5.5436730305916795,1.4400680811798065e-05,16.560712189772563,25.261729774307984,0.6557735881377668
10.0,241.0,25.0,100.0,204.0,120.0,30.3,60.2,2023-03-20 19:54:11,6.0,10705.0,False,2.843373645076966,5.016844512927795,1.4400680811798065e-05,16.560712189772563,25.261729774307984,0.6652738266654707
10.0,245.0,25.0,100.0,214.0,120.0,30.4,60.2,2023-03-20 19:54:18,7.0,10712.0,False,2.839128899128772,5.240468272739528,1.4381900093604874e-05,16.536697264621054,27.8174094231981,0.6647468727160362
10.0,250.0,25.0,100.0,202.0,120.0,30.3,60.2,2023-03-20 19:54:24,6.0,10718.0,False,2.843373645076966,5.5436730305916795,1.4400680811798065e-05,16.560712189772563,24.760895321656548,0.6652738266654707
10.0,238.0,25.0,100.0,209.0,118.0,30.3,60.2,2023-03-20 19:54:30,6.0,10724.0,False,2.843373645076966,4.849840473147308,1.4400680811798065e-05,16.560712189772563,26.537064105021447,0.6463409243661268
10.0,238.0,25.0,100.0,214.0,121.0,30.3,60.2,2023-03-20 19:54:37,7.0,10731.0,False,2.843373645076966,4.849840473147308,1.4400680811798065e-05,16.560712189772563,27.845739311261173,0.6748418064753418
10.0,253.0,25.0,100.0,204.0,119.0,30.3,60.2,2023-03-20 19:54:43,6.0,10737.0,False,2.843373645076966,5.728184787437553,1.4400680811798065e-05,16.560712189772563,25.261729774307984,0.6557735881377668
10.0,248.0,25.0,100.0,202.0,120.0,30.4,60.2,2023-03-20 19:54:50,7.0,10744.0,False,2.839128899128772,5.417320401801181,1.4381900093604874e-05,16.536697264621054,24.735703913198584,0.6647468727160362
10.0,253.0,25.0,100.0,199.0,122.0,30.3,60.2,2023-03-20 19:54:56,6.0,10750.0,False,2.843373645076966,5.728184787437553,1.4400680811798065e-05,16.560712189772563,24.019575132892363,0.684477696611818
10.0,238.0,25.0,100.0,209.0,120.0,30.4,60.3,2023-03-20 19:55:03,7.0,10757.0,False,2.8374321558061144,4.842508595440853,1.4374391923508741e-05,16.527097541664098,26.499270011031964,0.6645361310356053
10.0,250.0,25.0,100.0,194.0,119.0,30.4,60.3,2023-03-20 19:55:09,6.0,10763.0,False,2.8374321558061144,5.535292232722156,1.4374391923508741e-05,16.527097541664098,22.777954147779003,0.6550464269437435
10.0,255.0,25.0,100.0,202.0,120.0,30.4,60.2,2023-03-20 19:55:15,6.0,10769.0,False,2.839128899128772,5.8474230472573065,1.4381900093604874e-05,16.536697264621054,24.735703913198584,0.6647468727160362
10.0,243.0,25.0,100.0,216.0,120.0,30.4,60.2,2023-03-20 19:55:22,7.0,10776.0,False,2.839128899128772,5.124992402366264,1.4381900093604874e-05,16.536697264621054,28.34970928605677,0.6647468727160362
10.0,241.0,25.0,100.0,214.0,120.0,30.3,60.2,2023-03-20 19:55:28,6.0,10782.0,False,2.843373645076966,5.016844512927795,1.4400680811798065e-05,16.560712189772563,27.845739311261173,0.6652738266654707
10.0,248.0,25.0,100.0,209.0,120.0,30.3,60.2,2023-03-20 19:55:35,7.0,10789.0,False,2.843373645076966,5.423177223957968,1.4400680811798065e-05,16.560712189772563,26.537064105021447,0.6652738266654707
10.0,243.0,25.0,100.0,206.0,120.0,30.3,60.2,2023-03-20 19:55:41,6.0,10795.0,False,2.843373645076966,5.1305331802470695,1.4400680811798065e-05,16.560712189772563,25.767872957211505,0.6652738266654707
10.0,248.0,25.0,100.0,216.0,121.0,30.4,60.2,2023-03-20 19:55:48,7.0,10802.0,False,2.839128899128772,5.417320401801181,1.4381900093604874e-05,16.536697264621054,28.34970928605677,0.6743072738649903
10.0,245.0,25.0,100.0,204.0,122.0,30.4,60.2,2023-03-20 19:55:54,6.0,10808.0,False,2.839128899128772,5.240468272739528,1.4381900093604874e-05,16.536697264621054,25.236028823480787,0.6839355315497451
10.0,243.0,25.0,100.0,214.0,120.0,30.4,60.2,2023-03-20 19:56:00,6.0,10814.0,False,2.839128899128772,5.124992402366264,1.4381900093604874e-05,16.536697264621054,27.8174094231981,0.6647468727160362
10.0,248.0,25.0,100.0,206.0,120.0,30.4,60.2,2023-03-20 19:56:07,7.0,10821.0,False,2.839128899128772,5.417320401801181,1.4381900093604874e-05,16.536697264621054,25.741657062982902,0.6647468727160362
10.0,243.0,25.0,100.0,192.0,119.0,30.4,60.2,2023-03-20 19:56:13,6.0,10827.0,False,2.839128899128772,5.124992402366264,1.4381900093604874e-05,16.536697264621054,22.313273017711655,0.6552541591923409
10.0,238.0,25.0,100.0,209.0,120.0,30.4,60.2,2023-03-20 19:56:20,7.0,10834.0,False,2.839128899128772,4.844602832560065,1.4381900093604874e-05,16.536697264621054,26.51006564585991,0.6647468727160362
10.0,243.0,25.0,100.0,199.0,118.0,30.4,60.2,2023-03-20 19:56:26,6.0,10840.0,False,2.839128899128772,5.124992402366264,1.4381900093604874e-05,16.536697264621054,23.995137933821034,0.6458289668997056
10.0,250.0,25.0,100.0,214.0,120.0,30.4,60.1,2023-03-20 19:56:33,7.0,10847.0,False,2.8408263024243787,5.540080457528716,1.4389410616253124e-05,16.546300557060782,27.828739692559132,0.6649576371972391
10.0,238.0,25.0,100.0,202.0,119.0,30.4,59.9,2023-03-20 19:56:39,6.0,10853.0,False,2.8442230894096827,4.850888352321178,1.4404438720188547e-05,16.565517852714464,24.76593510243624,0.6558774907801211
10.0,238.0,25.0,100.0,216.0,120.0,30.4,59.8,2023-03-20 19:56:45,6.0,10859.0,False,2.8459224733370014,4.8529844617321745,1.4411956301966964e-05,16.5751318570913,28.39591134961356,0.6655900674225335
10.0,245.0,25.0,100.0,192.0,119.0,30.3,59.5,2023-03-20 19:56:52,7.0,10866.0,False,2.8552808936338976,5.26201447284004,1.4453345077762398e-05,16.628072742829012,22.399685494515644,0.6572287361837607
10.0,245.0,25.0,100.0,189.0,118.0,30.4,59.5,2023-03-20 19:56:58,6.0,10872.0,False,2.8510245882832876,5.256339989619304,1.443452316949194e-05,16.603995303398506,21.673815228969328,0.647262796586783
10.0,238.0,25.0,100.0,211.0,119.0,30.4,59.5,2023-03-20 19:57:05,7.0,10879.0,False,2.8510245882832876,4.859275598532784,1.443452316949194e-05,16.603995303398506,27.10610710740697,0.6567089141107229
10.0,245.0,25.0,100.0,204.0,122.0,30.4,59.5,2023-03-20 19:57:11,6.0,10885.0,False,2.8510245882832876,5.256339989619304,1.443452316949194e-05,16.603995303398506,25.308023602958045,0.685453963084166
10.0,243.0,25.0,100.0,204.0,122.0,30.4,59.4,2023-03-20 19:57:18,7.0,10892.0,False,2.8527266147161523,5.142733785499266,1.4442050166881945e-05,16.61362359849764,25.31831672803811,0.6856709756633738
10.0,245.0,25.0,100.0,197.0,122.0,30.4,59.5,2023-03-20 19:57:24,6.0,10898.0,False,2.8510245882832876,5.256339989619304,1.443452316949194e-05,16.603995303398506,23.57509174646168,0.685453963084166
10.0,241.0,25.0,100.0,194.0,122.0,30.4,59.5,2023-03-20 19:57:30,6.0,10904.0,False,2.8510245882832876,5.026604536433928,1.443452316949194e-05,16.603995303398506,22.852242459567194,0.685453963084166
10.0,243.0,25.0,100.0,211.0,120.0,30.4,59.4,2023-03-20 19:57:37,7.0,10911.0,False,2.8527266147161523,5.142733785499266,1.4442050166881945e-05,16.61362359849764,27.11713153804871,0.666433626794588
10.0,238.0,25.0,100.0,194.0,120.0,30.4,59.3,2023-03-20 19:57:43,6.0,10917.0,False,2.854429302072392,4.863472030274557,1.4449579518788612e-05,16.623255467730647,22.87083295027364,0.6666445735994079
10.0,243.0,25.0,100.0,192.0,122.0,30.4,59.2,2023-03-20 19:57:50,7.0,10924.0,False,2.856132650470792,5.147174083242595,1.4457111225457388e-05,16.632890911678793,22.40423802698634,0.6861050711396512
10.0,234.0,25.0,100.0,192.0,120.0,30.4,59.1,2023-03-20 19:57:56,6.0,10930.0,False,2.8578366600301397,4.650658757530177,1.4464645287133713e-05,16.64252993092334,22.413344444088793,0.6670665355471879
10.0,241.0,25.0,100.0,199.0,123.0,30.4,59.0,2023-03-20 19:58:03,7.0,10937.0,False,2.8595413308692126,5.037460507484775,1.4472181704062983e-05,16.652172526045472,24.112547005611717,0.6962724595514348
10.0,236.0,25.0,100.0,211.0,121.0,30.4,58.9,2023-03-20 19:58:09,6.0,10943.0,False,2.861246663106792,4.762355102905949,1.4479720476490564e-05,16.661818697626394,27.17228645012184,0.6770884211519411
10.0,236.0,25.0,100.0,189.0,120.0,30.4,58.8,2023-03-20 19:58:15,6.0,10949.0,False,2.862952656861652,4.764408669580414,1.4487261604661826e-05,16.671468446247264,21.735557194071752,0.6676996492798899
10.0,238.0,25.0,100.0,185.0,122.0,30.4,58.7,2023-03-20 19:58:22,7.0,10956.0,False,2.8646593122525625,4.876072560699615,1.4494805088822088e-05,16.681121772489224,20.822249594358098,0.6871907199080066
10.0,238.0,25.0,100.0,187.0,119.0,30.4,58.7,2023-03-20 19:58:28,6.0,10962.0,False,2.8646593122525625,4.876072560699615,1.4494805088822088e-05,16.681121772489224,21.2806921141632,0.6583728386764617
10.0,238.0,25.0,100.0,189.0,119.0,30.4,58.7,2023-03-20 19:58:35,7.0,10969.0,False,2.8646593122525625,4.876072560699615,1.4494805088822088e-05,16.681121772489224,21.744384459596596,0.6583728386764617
10.0,243.0,25.0,100.0,202.0,120.0,30.4,58.8,2023-03-20 19:58:41,6.0,10975.0,False,2.862952656861652,5.156060621486108,1.4487261604661826e-05,16.671468446247264,24.876936696531715,0.6676996492798899
10.0,236.0,25.0,100.0,202.0,120.0,30.4,58.9,2023-03-20 19:58:48,7.0,10982.0,False,2.861246663106792,4.762355102905949,1.4479720476490564e-05,16.661818697626394,24.866835649453503,0.6674885885972341
10.0,238.0,25.0,100.0,192.0,122.0,30.4,58.9,2023-03-20 19:58:54,6.0,10988.0,False,2.861246663106792,4.871870511303348,1.4479720476490564e-05,16.661818697626394,22.431562686872073,0.6867563901134028
10.0,238.0,25.0,100.0,194.0,123.0,30.4,58.8,2023-03-20 19:59:00,6.0,10994.0,False,2.862952656861652,4.873971301922303,1.4487261604661826e-05,16.671468446247264,22.917341397688848,0.6967128994045921
10.0,243.0,25.0,100.0,192.0,121.0,30.4,58.8,2023-03-20 19:59:07,7.0,11001.0,False,2.862952656861652,5.156060621486108,1.4487261604661826e-05,16.671468446247264,22.440674512515365,0.6773025173130256
10.0,238.0,25.0,100.0,206.0,122.0,30.4,58.8,2023-03-20 19:59:13,6.0,11007.0,False,2.862952656861652,4.873971301922303,1.4487261604661826e-05,16.671468446247264,25.888633509958886,0.686973543297729
10.0,238.0,25.0,100.0,192.0,119.0,30.4,58.8,2023-03-20 19:59:20,7.0,11014.0,False,2.862952656861652,4.873971301922303,1.4487261604661826e-05,16.671468446247264,22.440674512515365,0.6581647695374871
10.0,241.0,25.0,100.0,194.0,120.0,30.4,58.7,2023-03-20 19:59:26,6.0,11020.0,False,2.8646593122525625,5.043979901241718,1.4494805088822088e-05,16.681121772489224,22.92664861055827,0.6679107327312525
10.0,243.0,25.0,100.0,189.0,120.0,30.4,58.7,2023-03-20 19:59:33,7.0,11027.0,False,2.8646593122525625,5.158283494163462,1.4494805088822088e-05,16.681121772489224,21.744384459596596,0.6679107327312525
10.0,238.0,25.0,100.0,204.0,121.0,30.4,58.7,2023-03-20 19:59:39,6.0,11033.0,False,2.8646593122525625,4.876072560699615,1.4494805088822088e-05,16.681121772489224,25.390425696705265,0.6775166365702774
10.0,236.0,25.0,100.0,211.0,121.0,30.4,58.6,2023-03-20 19:59:45,6.0,11039.0,False,2.8663666293982906,4.768517175839706,1.4502350929216653e-05,16.69077867693338,27.20540560363819,0.6777307789213782
10.0,241.0,25.0,100.0,189.0,120.0,30.4,58.6,2023-03-20 19:59:52,7.0,11046.0,False,2.8663666293982906,5.0461540010574755,1.4502350929216653e-05,16.69077867693338,21.75321347126586,0.6681218389490371
10.0,236.0,25.0,100.0,197.0,119.0,30.4,58.5,2023-03-20 19:59:58,6.0,11052.0,False,2.8680746084176016,4.770572115437872,1.4509899126090789e-05,16.7004391601608,23.67106039572325,0.6587890442760984
10.0,238.0,25.0,100.0,185.0,119.0,30.4,58.4,2023-03-20 20:00:05,7.0,11059.0,False,2.8697832494292577,4.882379146049921,1.4517449679689749e-05,16.71010322275255,20.847618384604772,0.6589971807322575
10.0,241.0,25.0,100.0,185.0,120.0,30.4,58.4,2023-03-20 20:00:11,6.0,11065.0,False,2.8697832494292577,5.050503653576495,1.4517449679689749e-05,16.71010322275255,20.847618384604772,0.6685441196747356
10.0,238.0,25.0,100.0,204.0,119.0,30.4,58.4,2023-03-20 20:00:18,7.0,11072.0,False,2.8697832494292577,4.882379146049921,1.4517449679689749e-05,16.71010322275255,25.421360124844472,0.6589971807322575
10.0,245.0,25.0,100.0,192.0,124.0,30.4,58.4,2023-03-20 20:00:24,6.0,11078.0,False,2.8697832494292577,5.28133138972698,1.4517449679689749e-05,16.71010322275255,22.477139842994728,0.7074143295329357
10.0,234.0,25.0,100.0,209.0,122.0,30.4,58.3,2023-03-20 20:00:30,6.0,11084.0,False,2.871492552552014,4.6667211867096166,1.452500259025876e-05,16.71977086528965,26.715589700791327,0.6880596605616186
10.0,238.0,25.0,100.0,202.0,120.0,30.4,58.3,2023-03-20 20:00:37,7.0,11091.0,False,2.871492552552014,4.884482277528879,1.452500259025876e-05,16.71977086528965,24.927471909465982,0.6687552941780829
10.0,241.0,25.0,100.0,204.0,122.0,30.4,58.2,2023-03-20 20:00:43,6.0,11097.0,False,2.873202517904624,5.054855243325893,1.4532557858043018e-05,16.729442088353117,25.441993271321035,0.688276954266401
10.0,236.0,25.0,100.0,192.0,120.0,30.4,58.0,2023-03-20 20:00:50,7.0,11104.0,False,2.8766244357744095,4.78085367838058,1.4547675466237944e-05,16.748795278382996,22.513634017223605,0.6693889542227324
10.0,238.0,25.0,100.0,202.0,121.0,30.4,58.0,2023-03-20 20:00:56,6.0,11110.0,False,2.8766244357744095,4.890794481147802,1.4547675466237944e-05,16.748795278382996,24.957817018512447,0.6790161178690999
10.0,238.0,25.0,100.0,204.0,120.0,30.4,58.0,2023-03-20 20:01:03,7.0,11117.0,False,2.8766244357744095,4.890794481147802,1.4547675466237944e-05,16.748795278382996,25.46263457310664,0.6693889542227324
10.0,234.0,25.0,100.0,202.0,120.0,30.3,57.9,2023-03-20 20:01:09,6.0,11123.0,False,2.882619170009134,4.679792990190879,1.4574153977033872e-05,16.78269784307181,24.993242377087796,0.6701284830568348
10.0,241.0,25.0,100.0,185.0,119.0,30.3,57.8,2023-03-20 20:01:15,6.0,11129.0,False,2.884333442750195,5.069011289690492,1.4581724572692183e-05,16.79239235371667,20.91957834312252,0.6607672461780116
10.0,238.0,25.0,100.0,189.0,121.0,30.4,57.8,2023-03-20 20:01:22,7.0,11136.0,False,2.880049003988576,4.895004957946936,1.4562802506235598e-05,16.768162797489648,21.82390842363905,0.6794447488308365
10.0,238.0,25.0,100.0,182.0,120.0,30.3,57.7,2023-03-20 20:01:28,6.0,11142.0,False,2.886048378611655,4.902377799058587,1.4589297527403919e-05,16.802090449244556,20.24676593116832,0.6705511960518941
10.0,241.0,25.0,100.0,192.0,120.0,30.4,57.8,2023-03-20 20:01:35,7.0,11149.0,False,2.880049003988576,5.063564234741488,1.4562802506235598e-05,16.768162797489648,22.53189192036912,0.6698115080085316
10.0,238.0,25.0,100.0,202.0,120.0,30.4,57.8,2023-03-20 20:01:41,6.0,11155.0,False,2.880049003988576,4.895004957946936,1.4562802506235598e-05,16.768162797489648,24.97805708306618,0.6698115080085316
10.0,238.0,25.0,100.0,189.0,119.0,30.4,57.8,2023-03-20 20:01:48,7.0,11162.0,False,2.880049003988576,4.895004957946936,1.4562802506235598e-05,16.768162797489648,21.82390842363905,0.6602464705162601
10.0,236.0,25.0,100.0,204.0,118.0,30.4,57.7,2023-03-20 20:01:54,6.0,11168.0,False,2.8817622822716515,4.787028108347584,1.4570369563773177e-05,16.777851931898997,25.493611816618586,0.6509547660447119
10.0,245.0,25.0,100.0,202.0,122.0,30.4,57.7,2023-03-20 20:02:00,6.0,11174.0,False,2.8817622822716515,5.297266913224614,1.4570369563773177e-05,16.777851931898997,24.988180112837558,0.6893637739212295
10.0,241.0,25.0,100.0,199.0,123.0,30.3,57.6,2023-03-20 20:02:07,7.0,11181.0,False,2.887763977712243,5.073371113298181,1.4596872841414074e-05,16.81179213023625,24.274440317684327,0.6999089292112707
10.0,241.0,25.0,100.0,187.0,120.0,30.4,57.6,2023-03-20 20:02:13,6.0,11187.0,False,2.8834762234970355,5.06792163652046,1.4577938979996661e-05,16.78754465032016,21.375834192880703,0.6702341527778842
10.0,241.0,25.0,100.0,182.0,121.0,30.3,57.4,2023-03-20 20:02:20,7.0,11194.0,False,2.891197166105678,5.077732874432218,1.4612030548309376e-05,16.831206250933985,20.27136952998257,0.6808384367529418
10.0,238.0,25.0,100.0,187.0,122.0,30.4,57.4,2023-03-20 20:02:26,6.0,11200.0,False,2.8869060952496386,4.903431530318097,1.4593084889481384e-05,16.80694084152113,21.393154966608762,0.6900161465344445
10.0,238.0,25.0,100.0,199.0,120.0,30.4,57.4,2023-03-20 20:02:33,7.0,11207.0,False,2.8869060952496386,4.903431530318097,1.4593084889481384e-05,16.80694084152113,24.26952670566994,0.6706568885125692
10.0,243.0,25.0,100.0,185.0,118.0,30.3,57.4,2023-03-20 20:02:39,6.0,11213.0,False,2.891197166105678,5.192801356624537,1.4612030548309376e-05,16.831206250933985,20.95348365101689,0.652084296397195
10.0,245.0,25.0,100.0,185.0,120.0,30.3,57.4,2023-03-20 20:02:45,6.0,11219.0,False,2.891197166105678,5.309805092289554,1.4612030548309376e-05,16.831206250933985,20.95348365101689,0.6711854360731827
10.0,238.0,25.0,100.0,192.0,122.0,30.4,57.5,2023-03-20 20:02:52,7.0,11226.0,False,2.8851908277834544,4.901324184861672,1.4585510755151064e-05,16.79724095333394,22.55929229470472,0.6897986656004812
10.0,238.0,25.0,100.0,185.0,120.0,30.4,57.4,2023-03-20 20:02:58,6.0,11232.0,False,2.8869060952496386,4.903431530318097,1.4593084889481384e-05,16.80694084152113,20.93228969884117,0.6706568885125692
10.0,238.0,25.0,100.0,185.0,122.0,30.4,57.3,2023-03-20 20:03:05,7.0,11239.0,False,2.8886220260143087,4.9055393440282895,1.4600661383232592e-05,16.816644315462497,20.940766025825614,0.690233650861511
10.0,241.0,25.0,100.0,185.0,119.0,30.4,57.2,2023-03-20 20:03:11,6.0,11245.0,False,2.8903386201961885,5.076642252502532,1.4608240236649624e-05,16.826351375738774,20.94924402466074,0.6614965674589456
10.0,238.0,25.0,100.0,189.0,120.0,30.3,57.1,2023-03-20 20:03:18,7.0,11252.0,False,2.896351925957207,4.915030300546999,1.463478480951346e-05,16.860354337476956,21.908003813499832,0.6718198806743177
10.0,238.0,25.0,100.0,202.0,118.0,30.4,57.3,2023-03-20 20:03:24,6.0,11258.0,False,2.8886220260143087,4.9055393440282895,1.4600661383232592e-05,16.816644315462497,25.028692214735422,0.651776176396648
10.0,236.0,25.0,100.0,194.0,121.0,30.4,57.2,2023-03-20 20:03:30,6.0,11264.0,False,2.8903386201961885,4.797327979205321,1.4608240236649624e-05,16.826351375738774,23.0664777229629,0.6807311953946071
10.0,238.0,25.0,100.0,192.0,119.0,30.4,57.1,2023-03-20 20:03:37,7.0,11271.0,False,2.892055877913989,4.909756376237208,1.461582144997742e-05,16.836062022930687,22.59585136298481,0.6617049953891109
10.0,241.0,25.0,100.0,187.0,120.0,30.4,57.1,2023-03-20 20:03:43,6.0,11277.0,False,2.892055877913989,5.0788236174608175,1.461582144997742e-05,16.836062022930687,21.419148942237648,0.6712911626347626
10.0,241.0,25.0,100.0,192.0,122.0,30.4,57.0,2023-03-20 20:03:50,7.0,11284.0,False,2.8937737992864276,5.081005466818282,1.4623405023460847e-05,16.845776257618883,22.60499563632877,0.6908863041779216
10.0,238.0,25.0,100.0,182.0,119.0,30.4,56.8,2023-03-20 20:03:56,6.0,11290.0,False,2.897211633470051,4.916085436623942,1.4638579251874068e-05,16.865215491806815,20.3000921264984,0.6623304136028553
10.0,238.0,25.0,100.0,182.0,122.0,30.4,56.7,2023-03-20 20:04:03,7.0,11297.0,False,2.898931546518645,4.9181960599996195,1.4646169907293525e-05,16.87494049246776,20.30830222169631,0.6915391679480285
10.0,234.0,25.0,100.0,185.0,119.0,30.4,56.6,2023-03-20 20:04:09,6.0,11303.0,False,2.9006521236966947,4.700948908236187,1.4653762923847944e-05,16.88466908294749,21.000147125564553,0.6627474710756619
10.0,231.0,25.0,100.0,204.0,122.0,30.4,56.6,2023-03-20 20:04:16,7.0,11310.0,False,2.9006521236966947,4.5412328987690636,1.4653762923847944e-05,16.88466908294749,25.607352020023793,0.6917568359613097
10.0,231.0,25.0,100.0,192.0,120.0,30.4,56.6,2023-03-20 20:04:22,6.0,11316.0,False,2.9006521236966947,4.5412328987690636,1.4653762923847944e-05,16.88466908294749,22.641590754239378,0.672348740740595
10.0,238.0,25.0,100.0,194.0,122.0,30.4,56.6,2023-03-20 20:04:28,6.0,11322.0,False,2.9006521236966947,4.920307151676676,1.4653762923847944e-05,16.88466908294749,23.12252534175264,0.6917568359613097
10.0,336.0,25.0,100.0,194.0,117.0,30.4,56.6,2023-03-20 20:04:35,7.0,11329.0,False,2.9006521236966947,13.239755390380072,1.4653762923847944e-05,16.88466908294749,23.12252534175264,0.6437496461701999
10.0,236.0,25.0,100.0,202.0,120.0,30.4,56.5,2023-03-20 20:04:41,6.0,11335.0,False,2.902373365122895,4.811767023719891,1.4661358301782091e-05,16.894401263826534,25.109812331716057,0.6725603245266393
10.0,236.0,25.0,100.0,199.0,120.0,30.4,56.5,2023-03-20 20:04:48,7.0,11342.0,False,2.902373365122895,4.811767023719891,1.4661358301782091e-05,16.894401263826534,24.358045863833105,0.6725603245266393
10.0,236.0,25.0,100.0,185.0,119.0,30.4,56.5,2023-03-20 20:04:54,6.0,11348.0,False,2.902373365122895,4.811767023719891,1.4661358301782091e-05,16.894401263826534,21.00863682686886,0.6629560334044424
10.0,238.0,25.0,100.0,177.0,120.0,30.4,56.5,2023-03-20 20:05:01,7.0,11355.0,False,2.902373365122895,4.922418711661905,1.4661358301782091e-05,16.894401263826534,19.2112215373471,0.6725603245266393
10.0,238.0,25.0,100.0,192.0,121.0,30.4,56.4,2023-03-20 20:05:07,6.0,11361.0,False,2.904095270915939,4.9245307399621066,1.4668956041340696e-05,16.904137035685416,22.659899127653887,0.6824477487069716
10.0,238.0,25.0,100.0,182.0,119.0,30.4,56.5,2023-03-20 20:05:13,6.0,11367.0,False,2.902373365122895,4.922418711661905,1.4661358301782091e-05,16.894401263826534,20.324727264050473,0.6629560334044424
10.0,226.0,25.0,100.0,182.0,119.0,30.4,56.5,2023-03-20 20:05:20,7.0,11374.0,False,2.902373365122895,4.285783071408869,1.4661358301782091e-05,16.894401263826534,20.324727264050473,0.6629560334044424
10.0,236.0,25.0,100.0,185.0,120.0,30.4,56.5,2023-03-20 20:05:26,6.0,11380.0,False,2.902373365122895,4.811767023719891,1.4661358301782091e-05,16.894401263826534,21.00863682686886,0.6725603245266393
10.0,238.0,25.0,100.0,185.0,119.0,30.4,56.5,2023-03-20 20:05:33,7.0,11387.0,False,2.902373365122895,4.922418711661905,1.4661358301782091e-05,16.894401263826534,21.00863682686886,0.6629560334044424
10.0,226.0,25.0,100.0,185.0,121.0,30.4,56.5,2023-03-20 20:05:39,6.0,11393.0,False,2.902373365122895,4.285783071408869,1.4661358301782091e-05,16.894401263826534,21.00863682686886,0.6822330988761809
10.0,231.0,25.0,100.0,192.0,120.0,30.4,56.5,2023-03-20 20:05:46,7.0,11400.0,False,2.902373365122895,4.543181778255048,1.4661358301782091e-05,16.894401263826534,22.650744039757264,0.6725603245266393
10.0,236.0,25.0,100.0,180.0,120.0,30.4,56.4,2023-03-20 20:05:52,6.0,11406.0,False,2.904095270915939,4.8138315754623076,1.4668956041340696e-05,16.904137035685416,19.883412922863176,0.6727719310290121
10.0,238.0,25.0,100.0,177.0,119.0,30.4,56.4,2023-03-20 20:05:58,6.0,11412.0,False,2.904095270915939,4.9245307399621066,1.4668956041340696e-05,16.904137035685416,19.21898642230925,0.663164618125158
10.0,238.0,25.0,100.0,182.0,119.0,30.4,56.4,2023-03-20 20:06:05,7.0,11419.0,False,2.904095270915939,4.9245307399621066,1.4668956041340696e-05,16.904137035685416,20.33294221117321,0.663164618125158
10.0,238.0,25.0,100.0,187.0,120.0,30.4,56.4,2023-03-20 20:06:11,6.0,11425.0,False,2.904095270915939,4.9245307399621066,1.4668956041340696e-05,16.904137035685416,21.479861353061498,0.6727719310290121
10.0,231.0,25.0,100.0,185.0,119.0,30.4,56.3,2023-03-20 20:06:18,7.0,11432.0,False,2.9058178411945184,4.547080833937307,1.4676556142768481e-05,16.91387639910465,21.025621244596103,0.663373225235572
10.0,226.0,25.0,100.0,189.0,122.0,30.4,56.3,2023-03-20 20:06:24,6.0,11438.0,False,2.9058178411945184,4.289461222020734,1.4676556142768481e-05,16.91387639910465,21.9567626337664,0.6924099802381884
10.0,238.0,25.0,100.0,199.0,120.0,30.4,56.3,2023-03-20 20:06:31,7.0,11445.0,False,2.9058178411945184,4.926643236584071,1.4676556142768481e-05,16.91387639910465,24.377738108950204,0.6729835602454445
10.0,238.0,25.0,100.0,192.0,122.0,30.4,56.2,2023-03-20 20:06:37,6.0,11451.0,False,2.9075410760773135,4.9287562015345925,1.4684158606310142e-05,16.923619354664694,22.67821471050862,0.6926277417350448
10.0,231.0,25.0,100.0,194.0,122.0,30.4,56.2,2023-03-20 20:06:43,6.0,11457.0,False,2.9075410760773135,4.5490310101461215,1.4684158606310142e-05,16.923619354664694,23.159927234850286,0.6926277417350448
10.0,238.0,25.0,100.0,192.0,120.0,30.4,56.1,2023-03-20 20:06:50,7.0,11464.0,False,2.909264975683016,4.93086963482046,1.4691763432210338e-05,16.933365902946008,22.687375205429397,0.6734068868114161
10.0,238.0,25.0,100.0,192.0,123.0,30.4,56.1,2023-03-20 20:06:56,6.0,11470.0,False,2.909264975683016,4.93086963482046,1.4691763432210338e-05,16.933365902946008,22.687375205429397,0.7026681309409107
10.0,238.0,25.0,100.0,187.0,122.0,30.4,56.1,2023-03-20 20:07:03,7.0,11477.0,False,2.909264975683016,4.93086963482046,1.4691763432210338e-05,16.933365902946008,21.50590658555875,0.6928455265969609
10.0,238.0,25.0,100.0,180.0,123.0,30.4,56.1,2023-03-20 20:07:09,6.0,11483.0,False,2.909264975683016,4.93086963482046,1.4691763432210338e-05,16.933365902946008,19.907522394702998,0.7026681309409107
10.0,224.0,25.0,100.0,185.0,120.0,30.4,56.0,2023-03-20 20:07:16,7.0,11490.0,False,2.910989540130296,4.194856599767029,1.4699370620713709e-05,16.94311604452899,21.05111040872376,0.6736185841564208
10.0,234.0,25.0,100.0,180.0,120.0,30.4,56.0,2023-03-20 20:07:22,6.0,11496.0,False,2.910989540130296,4.713060151562329,1.4699370620713709e-05,16.94311604452899,19.91556204827855,0.6736185841564208
10.0,238.0,25.0,100.0,182.0,120.0,30.4,56.0,2023-03-20 20:07:28,6.0,11502.0,False,2.910989540130296,4.9329835364484635,1.4699370620713709e-05,16.94311604452899,20.365818172244204,0.6736185841564208
10.0,229.0,25.0,100.0,182.0,120.0,30.4,56.0,2023-03-20 20:07:35,7.0,11509.0,False,2.910989540130296,4.448427970456872,1.4699370620713709e-05,16.94311604452899,20.365818172244204,0.6736185841564208
10.0,238.0,25.0,100.0,185.0,120.0,30.4,56.0,2023-03-20 20:07:41,6.0,11515.0,False,2.910989540130296,4.9329835364484635,1.4699370620713709e-05,16.94311604452899,21.05111040872376,0.6736185841564208
10.0,231.0,25.0,100.0,194.0,120.0,30.4,56.0,2023-03-20 20:07:48,7.0,11522.0,False,2.910989540130296,4.552932659330451,1.4699370620713709e-05,16.94311604452899,23.178639225112686,0.6736185841564208
10.0,231.0,25.0,100.0,185.0,120.0,30.4,56.0,2023-03-20 20:07:54,6.0,11528.0,False,2.910989540130296,4.552932659330451,1.4699370620713709e-05,16.94311604452899,21.05111040872376,0.6736185841564208
10.0,236.0,25.0,100.0,185.0,121.0,30.4,56.0,2023-03-20 20:08:01,7.0,11535.0,False,2.910989540130296,4.822094360441348,1.4699370620713709e-05,16.94311604452899,21.05111040872376,0.6833065784144655
10.0,226.0,25.0,100.0,192.0,120.0,30.4,55.9,2023-03-20 20:08:07,6.0,11541.0,False,2.9127147695378337,4.296822416385295,1.4706980172064869e-05,16.95286977999404,22.705701602164453,0.6738303042064164
10.0,238.0,25.0,100.0,185.0,120.0,30.4,56.0,2023-03-20 20:08:13,6.0,11547.0,False,2.910989540130296,4.9329835364484635,1.4699370620713709e-05,16.94311604452899,21.05111040872376,0.6736185841564208
10.0,234.0,25.0,100.0,182.0,119.0,30.4,56.0,2023-03-20 20:08:20,7.0,11554.0,False,2.910989540130296,4.713060151562329,1.4699370620713709e-05,16.94311604452899,20.365818172244204,0.6639991808826494
10.0,236.0,25.0,100.0,192.0,122.0,30.4,55.9,2023-03-20 20:08:26,6.0,11560.0,False,2.9127147695378337,4.824161201221638,1.4706980172064869e-05,16.95286977999404,22.705701602164453,0.6932811664066432
10.0,236.0,25.0,100.0,180.0,119.0,30.4,55.9,2023-03-20 20:08:33,7.0,11567.0,False,2.9127147695378337,4.824161201221638,1.4706980172064869e-05,16.95286977999404,19.923603283307948,0.6642078775295055
10.0,231.0,25.0,100.0,180.0,121.0,30.4,55.9,2023-03-20 20:08:39,6.0,11573.0,False,2.9127147695378337,4.554884132318499,1.4706980172064869e-05,16.95286977999404,19.923603283307948,0.6835213434259229
10.0,226.0,25.0,100.0,177.0,120.0,30.4,55.9,2023-03-20 20:08:46,7.0,11580.0,False,2.9127147695378337,4.296822416385295,1.4706980172064869e-05,16.95286977999404,19.257833776870175,0.6738303042064164
10.0,236.0,25.0,100.0,187.0,121.0,30.4,55.9,2023-03-20 20:08:52,6.0,11586.0,False,2.9127147695378337,4.824161201221638,1.4706980172064869e-05,16.95286977999404,21.52327861615574,0.6835213434259229
10.0,231.0,25.0,100.0,192.0,123.0,30.4,55.9,2023-03-20 20:08:58,6.0,11592.0,False,2.9127147695378337,4.554884132318499,1.4706980172064869e-05,16.95286977999404,22.705701602164453,0.7031099468999982
10.0,229.0,25.0,100.0,180.0,119.0,30.4,55.9,2023-03-20 20:09:05,7.0,11599.0,False,2.9127147695378337,4.450334650760134,1.4706980172064869e-05,16.95286977999404,19.923603283307948,0.6642078775295055
10.0,222.0,25.0,100.0,189.0,120.0,30.4,56.0,2023-03-20 20:09:11,6.0,11605.0,False,2.910989540130296,4.096442877033211,1.4699370620713709e-05,16.94311604452899,21.98338061189763,0.6736185841564208
10.0,217.0,25.0,100.0,180.0,120.0,30.4,55.9,2023-03-20 20:09:18,7.0,11612.0,False,2.9127147695378337,3.859399834249597,1.4706980172064869e-05,16.95286977999404,19.923603283307948,0.6738303042064164
10.0,226.0,25.0,100.0,199.0,120.0,30.4,55.9,2023-03-20 20:09:24,6.0,11618.0,False,2.9127147695378337,4.296822416385295,1.4706980172064869e-05,16.95286977999404,24.417145857340127,0.6738303042064164
10.0,236.0,25.0,100.0,194.0,121.0,30.4,55.9,2023-03-20 20:09:31,7.0,11625.0,False,2.9127147695378337,4.824161201221638,1.4706980172064869e-05,16.95286977999404,23.18799798110556,0.6835213434259229
10.0,238.0,25.0,100.0,187.0,119.0,30.4,55.9,2023-03-20 20:09:37,6.0,11631.0,False,2.9127147695378337,4.935097906425392,1.4706980172064869e-05,16.95286977999404,21.52327861615574,0.6642078775295055
10.0,224.0,25.0,100.0,202.0,120.0,30.4,56.0,2023-03-20 20:09:43,6.0,11637.0,False,2.910989540130296,4.194856599767029,1.4699370620713709e-05,16.94311604452899,25.160577342231562,0.6736185841564208
10.0,224.0,25.0,100.0,180.0,121.0,30.4,55.9,2023-03-20 20:09:50,7.0,11644.0,False,2.9127147695378337,4.196654594588324,1.4706980172064869e-05,16.95286977999404,19.923603283307948,0.6835213434259229
10.0,224.0,25.0,100.0,199.0,120.0,30.4,55.9,2023-03-20 20:09:56,6.0,11650.0,False,2.9127147695378337,4.196654594588324,1.4706980172064869e-05,16.95286977999404,24.417145857340127,0.6738303042064164
10.0,231.0,25.0,100.0,177.0,122.0,30.4,56.0,2023-03-20 20:10:03,7.0,11657.0,False,2.910989540130296,4.552932659330451,1.4699370620713709e-05,16.94311604452899,19.25006124871074,0.6930633348216044
10.0,234.0,25.0,100.0,177.0,121.0,30.4,56.0,2023-03-20 20:10:09,6.0,11663.0,False,2.910989540130296,4.713060151562329,1.4699370620713709e-05,16.94311604452899,19.25006124871074,0.6833065784144655
10.0,238.0,25.0,100.0,180.0,122.0,30.4,55.9,2023-03-20 20:10:16,7.0,11670.0,False,2.9127147695378337,4.935097906425392,1.4706980172064869e-05,16.95286977999404,19.923603283307948,0.6932811664066432
10.0,226.0,25.0,100.0,177.0,120.0,30.4,55.9,2023-03-20 20:10:22,6.0,11676.0,False,2.9127147695378337,4.296822416385295,1.4706980172064869e-05,16.95286977999404,19.257833776870175,0.6738303042064164
10.0,238.0,25.0,100.0,177.0,121.0,30.4,55.8,2023-03-20 20:10:28,6.0,11682.0,False,2.9144406640242995,4.937212744758033,1.4714592086508404e-05,16.962627109921524,19.265607833621587,0.6837361314666165
10.0,229.0,25.0,100.0,182.0,121.0,30.4,55.8,2023-03-20 20:10:35,7.0,11689.0,False,2.9144406640242995,4.45224175341361,1.4714592086508404e-05,16.962627109921524,20.382265856093255,0.6837361314666165
10.0,222.0,25.0,100.0,189.0,120.0,30.4,55.8,2023-03-20 20:10:41,6.0,11695.0,False,2.9144406640242995,4.0999548916440895,1.4714592086508404e-05,16.962627109921524,22.001134658957252,0.6740420469591373
10.0,217.0,25.0,100.0,189.0,120.0,30.4,55.8,2023-03-20 20:10:48,7.0,11702.0,False,2.9144406640242995,3.86105370350715,1.4714592086508404e-05,16.962627109921524,22.001134658957252,0.6740420469591373
10.0,236.0,25.0,100.0,177.0,119.0,30.4,55.8,2023-03-20 20:10:54,6.0,11708.0,False,2.9144406640242995,4.826228499829411,1.4714592086508404e-05,16.962627109921524,19.265607833621587,0.6644165965548878
10.0,231.0,25.0,100.0,185.0,119.0,30.4,55.8,2023-03-20 20:11:01,7.0,11715.0,False,2.9144406640242995,4.5568360375788215,1.4714592086508404e-05,16.962627109921524,21.06811154296477,0.6644165965548878
10.0,224.0,25.0,100.0,182.0,120.0,30.4,55.8,2023-03-20 20:11:07,6.0,11721.0,False,2.9144406640242995,4.198452987684827,1.4714592086508404e-05,16.962627109921524,20.382265856093255,0.6740420469591373
10.0,222.0,25.0,100.0,194.0,120.0,30.4,55.8,2023-03-20 20:11:13,6.0,11727.0,False,2.9144406640242995,4.0999548916440895,1.4714592086508404e-05,16.962627109921524,23.19735857764749,0.6740420469591373
10.0,217.0,25.0,100.0,194.0,122.0,30.4,55.8,2023-03-20 20:11:20,7.0,11734.0,False,2.9144406640242995,3.86105370350715,1.4714592086508404e-05,16.962627109921524,23.19735857764749,0.693499021349747
10.0,222.0,25.0,100.0,194.0,120.0,30.4,55.8,2023-03-20 20:11:26,6.0,11740.0,False,2.9144406640242995,4.0999548916440895,1.4714592086508404e-05,16.962627109921524,23.19735857764749,0.6740420469591373
10.0,219.0,25.0,100.0,194.0,121.0,30.4,55.8,2023-03-20 20:11:33,7.0,11747.0,False,2.9144406640242995,3.9553691922273058,1.4714592086508404e-05,16.962627109921524,23.19735857764749,0.6837361314666165
10.0,231.0,25.0,100.0,187.0,121.0,30.4,55.8,2023-03-20 20:11:39,6.0,11753.0,False,2.9144406640242995,4.5568360375788215,1.4714592086508404e-05,16.962627109921524,21.53196719408081,0.6837361314666165
10.0,222.0,25.0,100.0,180.0,122.0,30.4,55.9,2023-03-20 20:11:52,13.0,11766.0,False,2.9127147695378337,4.098198689872927,1.4706980172064869e-05,16.95286977999404,19.923603283307948,0.6932811664066432
10.0,217.0,25.0,100.0,189.0,121.0,30.4,55.8,2023-03-20 20:11:58,6.0,11772.0,False,2.9144406640242995,3.86105370350715,1.4714592086508404e-05,16.962627109921524,22.001134658957252,0.6837361314666165
10.0,222.0,25.0,100.0,177.0,119.0,30.4,55.8,2023-03-20 20:12:05,7.0,11779.0,False,2.9144406640242995,4.0999548916440895,1.4714592086508404e-05,16.962627109921524,19.265607833621587,0.6644165965548878
10.0,226.0,25.0,100.0,180.0,118.0,30.4,55.8,2023-03-20 20:12:11,6.0,11785.0,False,2.9144406640242995,4.298663734415253,1.4714592086508404e-05,16.962627109921524,19.931646099774827,0.6548596115329738
10.0,226.0,25.0,100.0,177.0,121.0,30.4,55.8,2023-03-20 20:12:18,7.0,11792.0,False,2.9144406640242995,4.298663734415253,1.4714592086508404e-05,16.962627109921524,19.265607833621587,0.6837361314666165
10.0,217.0,25.0,100.0,194.0,121.0,30.4,55.8,2023-03-20 20:12:24,6.0,11798.0,False,2.9144406640242995,3.86105370350715,1.4714592086508404e-05,16.962627109921524,23.19735857764749,0.6837361314666165
10.0,226.0,25.0,100.0,199.0,122.0,30.4,55.8,2023-03-20 20:12:31,7.0,11805.0,False,2.9144406640242995,4.298663734415253,1.4714592086508404e-05,16.962627109921524,24.427002639769643,0.693499021349747
10.0,222.0,25.0,100.0,199.0,122.0,30.4,55.8,2023-03-20 20:12:37,6.0,11811.0,False,2.9144406640242995,4.0999548916440895,1.4714592086508404e-05,16.962627109921524,24.427002639769643,0.693499021349747
10.0,226.0,25.0,100.0,180.0,122.0,30.4,55.8,2023-03-20 20:12:43,6.0,11817.0,False,2.9144406640242995,4.298663734415253,1.4714592086508404e-05,16.962627109921524,19.931646099774827,0.693499021349747
10.0,224.0,25.0,100.0,199.0,120.0,30.4,55.8,2023-03-20 20:12:50,7.0,11824.0,False,2.9144406640242995,4.198452987684827,1.4714592086508404e-05,16.962627109921524,24.427002639769643,0.6740420469591373
10.0,224.0,25.0,100.0,189.0,120.0,30.4,55.8,2023-03-20 20:12:56,6.0,11830.0,False,2.9144406640242995,4.198452987684827,1.4714592086508404e-05,16.962627109921524,22.001134658957252,0.6740420469591373
10.0,217.0,25.0,100.0,197.0,121.0,30.4,55.8,2023-03-20 20:13:03,7.0,11837.0,False,2.9144406640242995,3.86105370350715,1.4714592086508404e-05,16.962627109921524,23.931124383579068,0.6837361314666165
10.0,226.0,25.0,100.0,,,,,2023-03-20 20:13:09,6.0,11843.0,False,2.817967004717604,4.195268447296706,1.4288216977600418e-05,16.416957096129213,23.388499235979012,0.6716367798565496
